plz,district,name,street,house_number,provider,licensed_capacity
10115,Mitte,BCS Kindergarten Preschool,Invalidenstr.,130,EBS-Europäische Bildungsstiftung gGmbH,320
10115,Mitte,FRÖBEL Kindergarten Mittendrin,Borsigstr.,032,Fröbel Bildung und Erziehung gGmbH,200
10115,Mitte,Kita Kinderakademie,Habersaathstr.,013,GFJ - gemeinnützige Gesellschaft für Familien- und Jugendhilfe mbH,150
10115,Mitte,Kita Gartenstr. 107/Kigä City,Gartenstr.,107,Kindergärten City,140
10115,Mitte,Berlin Metropolitan School,Linienstr.,122,Berlin Metropolitan School gGmbH,140
10115,Mitte,Kita St. Elisabeth,Elisabethkirchstr.,021,Ev. Kirchenkreisverband für Kindertageseinrichtungen Berlin Mitte-Nord,125
10115,Mitte,Kita Habersaathstraße,Habersaathstr.,005,INA.KINDER.GARTEN gGmbH,90
10115,Mitte,Ev. Kita Sophien,Große Hamburger Str.,028,Ev. Kirchenkreisverband für Kindertageseinrichtungen Berlin Mitte-Nord,84
10115,Mitte,Lauder Nitzan Kindergarten Yeshivat Beit Zion-Lauder Jüdisches Lehrhaus,Brunnenstr.,033,Lauder Yeshurun gGmbH,70
10115,Mitte,FRÖBEL - Kindergarten Charité Mitte,Invalidenstr.,103A,Fröbel Bildung und Erziehung gGmbH,70
10115,Mitte,FRÖBEL Kindergarten Casa Fantasia,Anklamer Str.,038,Fröbel Bildung und Erziehung gGmbH,69
10115,Mitte,Kita Wasserflöhe,An der Kieler Brücke,031,Johanniter-Unfall-Hilfe e. V. Regionalverband Berlin,60
10115,Mitte,Kita jurella am Park,Chausseestr.,50B,Jurella gGmbH,54
10115,Mitte,Jump Bilingual Kindergarten,Bergstr.,079,Jump Bilingual Kindergarten gUG,42
10115,Mitte,Kinderladen Oskar Kirschkern,Anklamer Str.,029,Kirschkern e.V.,35
10115,Mitte,Kita Kinderinsel,Eichendorffstr.,017,Kinderinsel e. V. Inselnest,30
10115,Mitte,Kita Cavalo-Marinho/Portubi e.V.,Anklamer Str.,046,PORTUBI e. V.,30
10115,Mitte,Kita Feuerfalter,Chausseestr.,084,SOCIUS - Die Bildungspartner gemeinnützige GmbH,28
10115,Mitte,Kinderladen Paul Kirschkern,Anklamer Str.,029,Kirschkern e.V.,25
10115,Mitte,Musikkindergarten Sternenklang,Rheinsberger Str.,056,Musikkindergarten Sternenklang gemeinnützige UG (haftungsbeschränkt),25
10115,Mitte,Kinderladen Emil Kirschkern,Ackerstr.,3A,Kirschkern e.V.,25
10115,Mitte,Eschkol Kindergarten,Brunnenstr.,033,Kahal Adass Jisroel KiTa gemeinnützige UG (haftungsbeschränkt),25
10115,Mitte,"EKT - ""Pippi Langstrumpf""",Krausnickstr.,003A,Kinderladen Pippi Langstrumpf e.V.,21
10115,Mitte,EKT NaturKindergarten Berlin Mitte,Krausnickstr.,011,Initiative zur Gründung eines Naturkindergartens in Berlin Mitte e.V.,19
10115,Mitte,EKT - Rosinante,Strelitzer Str.,071,Rosinante e.V.,17
10117,Mitte,Kita Pelikan,Friedrichstr.,129F,Kinder- und Jugend der Volkssolidarität Berlin gGmbH,190
10117,Mitte,Kita Jerusalemer Str. 10/12/Kigä City,Jerusalemer Str.,010,Kindergärten City,185
10117,Mitte,Kita Französische Str. 16a u. 16b,Französische Str.,016,Kinder im Kiez gGmbH,180
10117,Mitte,Kita Kinderwelt,An der Kolonnade,003,Forum Soziale Dienste GmbH,155
10117,Mitte,Musikkindergarten Berlin,Leipziger Str.,041,MUSIKKINDERGARTEN BERLIN e.V. c/o Staatsoper im Schillertheater,135
10117,Mitte,Kindergarten Alegria Jardin infantil,Mohrenstr.,007,Alegria Kiga gGmbH,100
10117,Mitte,Kita an der Humboldt-Universität zu Berlin,Ziegelstr.,005,studierendenWERK BERLIN,88
10117,Mitte,Kita F.A.I.R.play,Albrechtstr.,20,GFJ - gemeinnützige Gesellschaft für Familien- und Jugendhilfe mbH,69
10117,Mitte,Kita Umka,Leipziger Str.,047,MITRA bilinguale Kindergärten gemeinnützige GmbH,65
10117,Mitte,Alegria Kiga,Mohrenstr.,011,Alegria Kiga gGmbH,48
10117,Mitte,Kindergarten Alegria,Voßstr.,012,Alegria Kiga gGmbH,45
10117,Mitte,Kita CASA AZUL - MAISON BLEUE,Reinhardtstr.,031,CASA AZUL - BLAUES HAUS e.V.,45
10117,Mitte,FRÖBEL-Kindergarten,Jägerstr.,025,Fröbel Bildung und Erziehung gGmbH,30
10117,Mitte,FRÖBEL-Kindergarten in der Charite Rahel Hirsch,Charitéplatz,001,Fröbel Bildung und Erziehung gGmbH,25
10117,Mitte,Kinderinsel Ziegelstraße,Ziegelstr.,027,Kinderinsel Ziegelstraße gUG (haftungsbeschränkt),23
10117,Mitte,Kita im BMFSFJ,Glinkastr.,024,Kinder im Kiez gGmbH,20
10117,Mitte,Jump Bilingual Kindergarten,Wilhelmstr.,088,Jump Bilingual Kindergarten gUG,20
10117,Mitte,Kita im BMAS,Wilhelmstr.,050,Kinder im Kiez gGmbH,18
10117,Mitte,Kita im BMEL,Wilhelmstr.,054,Kinder im Kiez gGmbH,15
10117,Mitte,FRÖBEL -Kita im BMG,Mauerstr.,029,Fröbel Bildung und Erziehung gGmbH,15
10117,Mitte,Kita BMBF,Kapelle-Ufer,002,Fröbel Bildung und Erziehung gGmbH,12
10119,Mitte,Kita Kleine Auguststr. 10/11Kigä City,Kleine Auguststr.,011,Kindergärten City,220
10119,Mitte,Kita Max-Beer-Str. 24/26/Kigä City,Max-Beer-Str.,24,Kindergärten City,200
10119,Mitte,Kita Pfiffikus,Rückerstr.,002,BIK e.V. Berliner Institut für Kleinkindpädagogik und familienbegleitende Kinderbetreuung,150
10119,Mitte,Kita Veteranenstr. 10/Kigä City,Veteranenstr.,10,Kindergärten City,133
10119,Mitte,Kita Torstraße,Torstr.,134,"Be Smart Academy ""Alte Seifenfabrik"" gGmbH",102
10119,Mitte,Kita Oase,Kastanienallee,063A,Pfefferwerk Stadtkultur gGmbH,95
10119,Mitte,Kita Regenbogen,Fehrbelliner Str.,080,Pfefferwerk Stadtkultur gGmbH,91
10119,Mitte,El mundo de los ninos,Fehrbelliner Str.,051,El mundo de los ninos e. V.,65
10119,Mitte,Fliederhof Waldorfkindergarten Berlin-Mitte,Zionskirchstr.,049,Waldorfkindergarten Fliederhof Berlin-Mitte e.V.,43
10119,Mitte,El mundo de los ninos,Brunnenstr.,030,El mundo de los ninos e. V.,42
10119,Pankow,Kath. Kita Herz Jesu,Schönhauser Allee,182,Kitas im Erzbistum Berlin-Zweckverband der katholischen Kirchengemeinden,40
10119,Mitte,Kita Steinstraße 27,Steinstr.,027,Waldorfkindergarten Fliederhof Berlin-Mitte e.V.,25
10119,Pankow,El mundo de los ninos,Fehrbelliner Str.,097,El mundo de los ninos e. V.,25
10119,Pankow,EKT Mittenmang,Christinenstr.,030,EKT Mittenmang e. V.,23
10178,Mitte,"FRÖBEL Kindergarten ""Traumzauberbaum""",Mollstr.,007A,Fröbel Bildung und Erziehung gGmbH,240
10178,Mitte,Kita Weydemeyerstr. 20/21,Weydemeyerstr.,020,Kindergärten City,138
10178,Mitte,Kita am Alex,Wadzeckstr.,004,Mahalo gGmbH,100
10178,Mitte,Kinderinsel Nebenan,Garnisonkirchplatz,002,Kinderinsel am Garnisonkirchplatz gUG (haftungsbeschränkt),25
10178,Mitte,Kinderinsel MITTEndrin,Garnisonkirchplatz,002,Kinderinsel MITTEndrin - Kita am Hackeschen Markt gGmbH,23
10178,Mitte,El Mundo de Los Ninos,Hirtenstr.,012,El mundo de los ninos gGmbH,13
10179,Mitte,"FRÖBEL Kindergarten ""Schatzinsel""",Fischerinsel,008,Fröbel Bildung und Erziehung gGmbH,234
10179,Mitte,Kita Schmidchen,Schmidstr.,004,Kinder- und Jugend der Volkssolidarität Berlin gGmbH,215
10179,Mitte,Lichtenberger Straße 32/33,Lichtenberger Str.,032,Kindergärten City,190
10179,Mitte,Kita Jacoby-Schwalbe,Jacobystr.,004,casa bambini - Gesellschaft zur Förderung und Begleitung von Kindesentwicklung mbH,105
10179,Mitte,Kita Villa Murkelmaier,Sebastianstr.,22,GFJ - gemeinnützige Gesellschaft für Familien- und Jugendhilfe mbH,94
10179,Mitte,Kita Pusteblume,Sebastianstr.,023,GFJ - gemeinnützige Gesellschaft für Familien- und Jugendhilfe mbH,86
10179,Mitte,Kita Trauminsel,Schmidstr.,002,Forum Soziale Dienste GmbH,85
10179,Mitte,Kleiner Fratz,Alexandrinenstr.,056,Kleiner Fratz GmbH,55
10179,Mitte,Deutsch-Italienische Kita/Kigä City,Schmidstr.,2E,Kindergärten City,55
10179,Mitte,Kita Adalbertstraße 24,Adalbertstr.,024,Gemeindeaufbauprojekt Kreuzberg Ost e.V.,30
10179,Mitte,Kinderladen IrgendWieAnders,Wilhelmine-Gemberg-Weg,10,FürKinder e. V.,25
10179,Mitte,Inklusionskita Salamander Fischerinsel,Mühlendamm,1,Kita Salamander gGmbH,25
10179,Mitte,Kila Spreepferdchen,Köpenicker Str.,045,abc city kids e. V.,23
10179,Mitte,Heilpädagogische Gruppe Kita Trauminsel,Schmidstr.,002,Forum Soziale Dienste GmbH,5
10243,Friedrichshain-Kreuzberg,Kita Spiel- und Erlebniswelt,Andreasstr.,037,Jugend- und Sozialwerk gGmbH,248
10243,Friedrichshain-Kreuzberg,FRÖBEL Kindergarten FRÖBELSPATZEN,Palisadenstr.,030,Fröbel Bildung und Erziehung gGmbH,230
10243,Friedrichshain-Kreuzberg,BOOT-Kita Farbenland,Koppenstr.,015,Gemeinnützige BOOT GmbH,210
10243,Friedrichshain-Kreuzberg,Kita Fredersdorfer Str. 6/Kigä City,Fredersdorfer Str.,6,Kindergärten City,185
10243,Friedrichshain-Kreuzberg,Kita Entdeckerland,Hildegard-Jadamowitz-Str.,001,BIK e.V. Berliner Institut für Kleinkindpädagogik und familienbegleitende Kinderbetreuung,175
10243,Friedrichshain-Kreuzberg,Kita Leonardo,Kleine Markusstr.,009,Arbeiterwohlfahrt Kreisverband Berlin Spree-Wuhle e.V.,130
10243,Friedrichshain-Kreuzberg,Kita Menschenskinder,Fürstenwalder Str.,030,menschenskinder-berlin gGmbH,120
10243,Friedrichshain-Kreuzberg,KITA Die kleinen Entdecker,Strausberger Str.,49,Käpt'n Browser gemeinnützige Gesellschaft mit beschränkter Haftung,90
10243,Friedrichshain-Kreuzberg,Fröbel Kindergarten Flipflopz,Mildred-Harnack-Str.,010,Fröbel Bildung und Erziehung gGmbH,68
10243,Friedrichshain-Kreuzberg,Kita Palisadenstr. 33/Kigä City,Palisadenstr.,033,Kindergärten City,60
10243,Friedrichshain-Kreuzberg,Kreativitätskindertagesstätte Allesforscher,Strausberger Str.,038,Kreativitätsschulzentrum Berlin gGmbH,54
10243,Friedrichshain-Kreuzberg,Kita Blumenkinder,Andreasstr.,051,TÄKS e. V.,40
10243,Friedrichshain-Kreuzberg,Kita Ultimo auf dem Holzmarkt,Holzmarktstr.,25,Pfeffersport e. V.,33
10243,Friedrichshain-Kreuzberg,Kita Hopsemops,Karl-Marx-Allee,124,Spieltraum KMA gGmbH,30
10243,Friedrichshain-Kreuzberg,Kita Miki,Gubener Str.,058,Mit Kindern. Begegnung - Kultur - Bildung e.V.,30
10243,Friedrichshain-Kreuzberg,Kita der Bildungsgarten,Gubener Str.,046,Montessori-Stiftung Berlin (MSB),27
10243,Friedrichshain-Kreuzberg,Kita Marchlewskistraße,Marchlewskistr.,050,"Nestwärme - Verein zur Betreuung u. Beratung von AIDS-betroffenen Familien, Kindern u. Jugendlichen e.V.",25
10243,Friedrichshain-Kreuzberg,Kita der Bildungsraum,Gubener Str.,046,Montessori-Stiftung Berlin (MSB),22
10243,Friedrichshain-Kreuzberg,"junior 1, Kita Kopernikushof",Kopernikusstr.,032,Junior JOEL Kopernikushof gUG,22
10243,Friedrichshain-Kreuzberg,Kinderladen Luna,Gubener Str.,1,Kinderladen Luna e. V.,18
10243,Friedrichshain-Kreuzberg,Kita Playground,Gubener Str.,049,Playground gGmbH,17
10243,Friedrichshain-Kreuzberg,Krippe Playground,Gubener Str.,051,Playground gGmbH,15
10243,Friedrichshain-Kreuzberg,Kindergarten Friedrichshainer Pünktchen,Warschauer Str.,079,planned child gGmbH,0
10245,Friedrichshain-Kreuzberg,Kita Gryphiusstr. 34-35,Gryphiusstr.,034,Kindergärten City,240
10245,Friedrichshain-Kreuzberg,Kita Kinderland,Simplonstr.,018,BIK e.V. Berliner Institut für Kleinkindpädagogik und familienbegleitende Kinderbetreuung,226
10245,Friedrichshain-Kreuzberg,Kita Am Rudolfplatz,Rudolfstr.,014B,JAO gGmbH,160
10245,Friedrichshain-Kreuzberg,FRÖBEL Kindergarten Palmkernzeile,Palmkernzeile,008,Fröbel Bildung und Erziehung gGmbH,155
10245,Friedrichshain-Kreuzberg,Kita Spreemöwe,Glasbläserallee,7,Arbeiterwohlfahrt Kreisverband Berlin Spree-Wuhle e.V.,135
10245,Friedrichshain-Kreuzberg,Humanistische Kindertagesstätte Bahrfeldtstraße,Bahrfeldtstr.,9,"Humanistischer Verband Deutschlands, Landesverband Berlin-Brandenburg KdöR",120
10245,Friedrichshain-Kreuzberg,Ev. Kita Sonnenblume,Niemannstr.,001,Ev. Kirchenkreisverband für Kindertageseinrichtungen Berlin Mitte-Nord,110
10245,Friedrichshain-Kreuzberg,Kita der Friedrichshainer Zwerge,Revaler Str.,010,"Nestwärme - Verein zur Betreuung u. Beratung von AIDS-betroffenen Familien, Kindern u. Jugendlichen e.V.",45
10245,Friedrichshain-Kreuzberg,KiLa PeTiTaTu,Seumestr.,013,Frecher Spatz e.V.,37
10245,Friedrichshain-Kreuzberg,Kita Glückskinder,Markgrafendamm,026,Glückskinder UG (haftungsbeschränkt),35
10245,Friedrichshain-Kreuzberg,Kita Glückskinder Stralauer Allee,Stralauer Allee,018,Glückskinder UG (haftungsbeschränkt),35
10245,Friedrichshain-Kreuzberg,Kita Nella Propella,Seumestr.,031,Lebensnah Kitas gGmbH,29
10245,Friedrichshain-Kreuzberg,EKT Elfentraum,Modersohnstr.,67,Elfenwelt e.V.,27
10245,Friedrichshain-Kreuzberg,SpielRaum Captain Moder,Modersohnstr.,58,SpielRaum Kindertagesstätten Berlin gGmbH,25
10245,Friedrichshain-Kreuzberg,Kinderladen Rabenkinder,Simplonstr.,052,Rabenkinder e. V.,25
10245,Friedrichshain-Kreuzberg,Junior 1 Kita Grünbergerhof,Grünberger Str.,026,Junior JOEL GRÜNBERGERHOF - gemeinnützige UG (haftungsbeschränkt),25
10245,Friedrichshain-Kreuzberg,Kita Rabbit Street,Haasestr.,009,tuKita la segunda gUG,25
10245,Friedrichshain-Kreuzberg,Kita Klainohrhaase,Haasestr.,014,kleine Künstler ganz groß gGmbH,25
10245,Friedrichshain-Kreuzberg,Kinderhafen Spreeräuber,Am Speicher,006,GRETA und JULICA gGmbH,23
10245,Friedrichshain-Kreuzberg,Kita Till Eulenspiegel-Kette,Simon-Dach-Str.,024,"Eltern - Kinder - Schüler - Gruppe ""Till Eulenspiegel Kette"" e.V.",22
10245,Friedrichshain-Kreuzberg,EKT - SOL,Dirschauer Str.,013,Kinderladen Sol e. V.,20
10245,Friedrichshain-Kreuzberg,EKT JAMSAPALPIM,Am Rudolfplatz,5,JAMSAPALPIM e.V.,20
10245,Friedrichshain-Kreuzberg,Kita Till Eulenspiegel-Kette,Gryphiusstr.,021,"Eltern - Kinder - Schüler - Gruppe ""Till Eulenspiegel Kette"" e.V.",20
10245,Friedrichshain-Kreuzberg,Montessorikinderhaus Olivo,Lenbachstr.,002,Friedliche Nation e. V.,20
10247,Friedrichshain-Kreuzberg,FRÖBEL Kindergarten Am Ring,Rigaer Str.,53,Fröbel Bildung und Erziehung gGmbH,240
10247,Friedrichshain-Kreuzberg,Kita Bänschstr. 76/78/Kigä City,Bänschstr.,078,Kindergärten City,225
10247,Friedrichshain-Kreuzberg,Kita Windspiel,Frankfurter Allee,16A,Kinder im Kiez gGmbH,180
10247,Friedrichshain-Kreuzberg,Kita Tausendfüsschen,Liebigstr.,030,Arbeiterwohlfahrt Kreisverband Berlin Spree-Wuhle e.V.,179
10247,Friedrichshain-Kreuzberg,Kita Wichtelbühne,Weidenweg,078,Arbeiterwohlfahrt Kreisverband Berlin Spree-Wuhle e.V.,165
10247,Friedrichshain-Kreuzberg,Kita Kinzigstr. 32/34/Kigä City,Kinzigstr.,032,Kindergärten City,140
10247,Pankow,Kindergarten Elements und Hexenkleckshausen,Eldenaer Str.,046,KLAX Berlin gGmbH,136
10247,Friedrichshain-Kreuzberg,Fröbel Kindergarten Freudenberg,Weserstr.,043,Fröbel Bildung und Erziehung gGmbH,91
10247,Friedrichshain-Kreuzberg,Humanistische Kindertagesstätte Scharnweberstraße,Scharnweberstr.,60,"Humanistischer Verband Deutschlands, Landesverband Berlin-Brandenburg KdöR",90
10247,Pankow,Kita Mondbär und Sonnenkäfer,Eldenaer Str.,036,KLAX Berlin gGmbH,90
10247,Friedrichshain-Kreuzberg,Kita Weidenkätzchen,Weidenweg,068,Arbeiterwohlfahrt Kreisverband Berlin Spree-Wuhle e.V.,87
10247,Friedrichshain-Kreuzberg,Kita Colbestr.9 - 13,Colbestr.,009,oXxymoron GmbH,85
10247,Friedrichshain-Kreuzberg,Ev. Kita Regenbogenfisch,Scharnweberstr.,061,Ev. Kirchenkreisverband für Kindertageseinrichtungen Berlin Mitte-Nord,75
10247,Friedrichshain-Kreuzberg,Die kleinen Entdecker,Müggelstr.,019B,Pfefferwerk Stadtkultur gGmbH,73
10247,Friedrichshain-Kreuzberg,Ev. Kita Galiläa,Rigaer Str.,009,Ev. Kirchenkreisverband für Kindertageseinrichtungen Berlin Mitte-Nord,70
10247,Friedrichshain-Kreuzberg,Kita Betti Konfetti,Rigaer Str.,71,Lebensnah Kitas gGmbH,61
10247,Friedrichshain-Kreuzberg,Kita Scharnweberstraße,Scharnweberstr.,023,oXxymoron GmbH,50
10247,Friedrichshain-Kreuzberg,Kinzigstr. 18,Kinzigstr.,018,oXxymoron GmbH,50
10247,Pankow,Stadt und Waldkinder,Erich-Nehlhans-Str.,027,Stadt & Waldkinder Berlin gGmbH,50
10247,Friedrichshain-Kreuzberg,Ev. Kita Samariter,Samariterstr.,027,Ev. Kirchenkreisverband für Kindertageseinrichtungen Berlin Mitte-Nord,32
10247,Friedrichshain-Kreuzberg,Kita El jardin de Federico,Rigaer Str.,079,tuKita gemeinnützige UG (haftungsbeschränkt),32
10247,Friedrichshain-Kreuzberg,EKT - Lieblingsplatz,Travestr.,003,Kita Lieblingsplatz e. V.,30
10247,Friedrichshain-Kreuzberg,EKT Integrative Kinderbetreuung NIDO,Jungstr.,015,Integrative Kinderbetreuung NIDO e.V.,30
10247,Friedrichshain-Kreuzberg,Rigaer Zwerge,Rigaer Str.,096,"Nestwärme - Verein zur Betreuung u. Beratung von AIDS-betroffenen Familien, Kindern u. Jugendlichen e.V.",30
10247,Friedrichshain-Kreuzberg,Kindergarten La Sonrisa,Jessnerstr.,037,Kindergarten La Sonrisa gGmbH,30
10247,Pankow,Deutsch-Französische Kita Kiternelle P'tits Loups,Eldenaer Str.,044,Kiternelle P'tits Loups e.V.,30
10247,Friedrichshain-Kreuzberg,Musik-Kita Klimperkiste,Bänschstr.,012,"Musik-Kita ""KLIMPERKISTE"" UG (haftungsbeschränkt)",28
10247,Friedrichshain-Kreuzberg,Kindergarten La Sonrisa,Rigaer Str.,004,Kindergarten La Sonrisa gGmbH,26
10247,Friedrichshain-Kreuzberg,Kita Bänschstraße 24,Bänschstr.,024,Salabanda gemeinnützige Gesellschaft mit beschränkter Haftung (Salabanda gGmbH),25
10247,Friedrichshain-Kreuzberg,Kila Friedrichsklain,Oderstr.,034,kleine Künstler ganz groß gGmbH,25
10247,Friedrichshain-Kreuzberg,Kita Das Schneckenhäuschen,Weidenweg,053,"Nestwärme - Verein zur Betreuung u. Beratung von AIDS-betroffenen Familien, Kindern u. Jugendlichen e.V.",25
10247,Friedrichshain-Kreuzberg,Kita Scharnweber Straße 47,Scharnweberstr.,047,Salabanda gemeinnützige Gesellschaft mit beschränkter Haftung (Salabanda gGmbH),25
10247,Friedrichshain-Kreuzberg,Inklusionskita Salamander,Weidenweg,053,Kita Salamander gGmbH,25
10247,Friedrichshain-Kreuzberg,EKT Klein und Stark,Dolziger Str.,051,Gemeindeaufbauprojekt Kreuzberg Ost e.V.,25
10247,Friedrichshain-Kreuzberg,Kita Spieltraum,Kinzigstr.,011,Spieltraum gemeinnützige UG (haftungsbeschränkt),23
10247,Friedrichshain-Kreuzberg,Kita Salabanda 35,Scharnweberstr.,035,Salabanda gemeinnützige Gesellschaft mit beschränkter Haftung (Salabanda gGmbH),23
10247,Friedrichshain-Kreuzberg,KiLa Rumpelbande,Schreinerstr.,062,Rumpelbande e. V.,22
10247,Friedrichshain-Kreuzberg,Musik - Kita KLIMPERKISTE,Bänschstr.,052,"Musik-Kita ""KLIMPERKISTE"" UG (haftungsbeschränkt)",22
10247,Friedrichshain-Kreuzberg,Kinderladen Rock'n'Roll Zwerge,Rigaer Str.,014,Rock'n'Roll Zwerge e. V.,22
10247,Friedrichshain-Kreuzberg,EKT- Friedrichshainer Mäuse,Kreutzigerstr.,024,Friedrichshainer Mäuse e. V.,21
10247,Friedrichshain-Kreuzberg,Kinderladen Buana,Schreinerstr.,019,Buana e.V.,20
10247,Friedrichshain-Kreuzberg,EKT - Kinderbüro,Scharnweberstr.,033,KINDERBÜRO e.V.,20
10247,Friedrichshain-Kreuzberg,Kita Kinderleben,Travestr.,002,kinderleben - kind erleben e.V.,20
10247,Friedrichshain-Kreuzberg,Kinderladen Fuchsbau,Dolziger Str.,039,Kinderladen Fuchsbau e. V.,19
10247,Friedrichshain-Kreuzberg,Kleine Kita Atlas,Voigtstr.,026,Kleine Spielgesellschaft gGmbH,17
10247,Friedrichshain-Kreuzberg,Frühfördergruppe für autistische Kinder,Eldenaer Str.,28A,Autismus Leben Berlin ALB gGmbH,8
10249,Friedrichshain-Kreuzberg,Kita Auerstraße,Auerstr.,013,Fröbel Bildung und Erziehung gGmbH,230
10249,Friedrichshain-Kreuzberg,Kita hör-Höchste,Höchste Str.,011,INDEPENDENT LIVING Stiftung BT Kindertagesstätten für Berlin,229
10249,Friedrichshain-Kreuzberg,Kita Richard-Sorge-Str. 43 und 44 Haus Buddelflink und Gänseblümchen,Richard-Sorge-Str.,044,BIK e.V. Berliner Institut für Kleinkindpädagogik und familienbegleitende Kinderbetreuung,130
10249,Pankow,Kita Hausburgviertel,Agnes-Wabnitz-Str.,9,Bürgerhaus BüHa gGmbH,120
10249,Pankow,Kita Thaerstraße,Thaerstr.,031,be smart academy gGmbH,102
10249,Pankow,Phor Minis Berlin Prenzlauer Berg,Hermann-Blankenstein-Str.,012,PHORMS Berlin gemeinnützige GmbH,80
10249,Friedrichshain-Kreuzberg,FRÖBEL Kindergarten Pufendorfstraße,Pufendorfstr.,003,Fröbel Bildung und Erziehung gGmbH,56
10249,Friedrichshain-Kreuzberg,Ev. Kita Auferstehung,Diestelmeyerstr.,007,Ev. Kirchenkreisverband für Kindertageseinrichtungen Berlin Mitte-Nord,50
10249,Friedrichshain-Kreuzberg,Kita im Friedrichshain,Landsberger Allee,049,Juwo - Kita gGmbH,43
10249,Friedrichshain-Kreuzberg,Kita Menschenskinder am Friedrichshain,Landsberger Allee,050,menschenskinder-berlin gGmbH,40
10249,Friedrichshain-Kreuzberg,Kita Zwergenhain,Landsberger Allee,053,planned child gGmbH,40
10249,Friedrichshain-Kreuzberg,EKT - Pipilota,Ebertystr.,043,PIPILOTA e. V.,36
10249,Friedrichshain-Kreuzberg,Kita der Ev. Kirchengem. Bartholomäus,Friedenstr.,001,Ev. Kirchengemeinde Bartholomäus,32
10249,Friedrichshain-Kreuzberg,EKT - Kleine Fische,Ebertystr.,007,Kleine Fische e.V.,25
10249,Friedrichshain-Kreuzberg,Kita IGELBANDE,Landsberger Allee,057,Kinderhaus Berlin - Mark Brandenburg e. V.,25
10249,Friedrichshain-Kreuzberg,Kindertagesstätte Das Spielatelier,Barnimstr.,038,BGFF - Berliner Gesellschaft für Förderung interkultureller Bildung und Erziehung e. V.,25
10249,Friedrichshain-Kreuzberg,Spieltraum Hausburg,Hausburgstr.,012,Spieltraum gemeinnützige UG (haftungsbeschränkt),25
10249,Friedrichshain-Kreuzberg,Kinderhafen Krikelkrake,Friedenstr.,087,GRETA und JULICA gGmbH,25
10249,Pankow,Kita Sternchen,Walter-Friedländer-Str.,26,Kita Sternchen gGmbH,25
10249,Friedrichshain-Kreuzberg,Kita Mühsamstraße 73,Mühsamstr.,073,Salabanda gemeinnützige Gesellschaft mit beschränkter Haftung (Salabanda gGmbH),23
10249,Pankow,Kita Hausburg,Thaerstr.,28B,MiniKitas First gGmbH,23
10249,Friedrichshain-Kreuzberg,EKT - Grüne Wolke,Straßmannstr.,036,Grüne Wolke e. V.,22
10249,Friedrichshain-Kreuzberg,Kindertagesstätte Kleine Insel,Richard-Sorge-Str.,69A,Johanniter-Unfall-Hilfe e. V. Regionalverband Berlin,20
10249,Friedrichshain-Kreuzberg,EKT - pinepako,Straßmannstr.,028,pinepako e.V.,19
10315,Lichtenberg,Kita Lichtenzwerge,Ribbecker Str.,022,Kinder im Kiez gGmbH,300
10315,Lichtenberg,Kita Purzelbaum,Massower Str.,023,Jugend- und Sozialwerk gGmbH,215
10315,Lichtenberg,Kita Märcheninsel,Charlottenstr.,003,Arbeiterwohlfahrt Berlin Kreisverband Südost e.V.,180
10315,Lichtenberg,Kita Rosenfelder Ring 35/35A/Kigä NordOst,Rosenfelder Ring,35,Kindergärten NordOst,180
10315,Lichtenberg,Kita- und Familienzentrum Gensinger Str.,Gensinger Str.,058,Albert-Schweitzer-Kinderdorf Berlin e.V.,180
10315,Lichtenberg,Kita Schlaue Füchse,Gensinger Str.,060,CityKids Berlin GmbH,162
10315,Lichtenberg,Rhinspatzen,Rhinstr.,143,"Kita ""Rhinspatzen"" Berlin gGmbH",127
10315,Lichtenberg,Kita Tierparkzwerge,Gensinger Str.,083,Die Wuhlewanderer gGmbH,105
10315,Lichtenberg,Kita Zitronenfalter,Rummelsburger Str.,061,SOCIUS - Die Bildungspartner gemeinnützige GmbH,75
10315,Lichtenberg,Evang. Kindertagesstätte Weit Blick,Archenholdstr.,025,Verein für Berliner Stadtmission,72
10315,Lichtenberg,Kita DETI,Alfred-Kowalke-Str.,040A,DETI gGmbH,55
10315,Lichtenberg,Kita Erlenhof,Kraetkestr.,018,KINDERVEREINIGUNG Berlin e.V.,51
10315,Lichtenberg,Kita Sonnenhof,Archenholdstr.,072,KINDERVEREINIGUNG Berlin e.V.,42
10315,Lichtenberg,FREUDE Kita Lichtenberg,Rhinstr.,59A,FREUDE Kindergärten Süd-Ost gGmbH,40
10315,Lichtenberg,Kita Glückspilze Lichtenberg,Archenholdstr.,29,DETI gGmbH,28
10315,Lichtenberg,Kita Marie-Curie-Allee,Marie-Curie-Allee,004,tuKita gemeinnützige UG (haftungsbeschränkt),25
10315,Lichtenberg,"Kita ""Schlossspatzen""",Charlottenstr.,021,Step Kids Kitas gemeinnützige GmbH,25
10317,Lichtenberg,Kita Pusteblume,Wönnichstr.,074,EJF gemeinnützige AG,200
10317,Lichtenberg,Kita Buntstift,Pfarrstr.,089,Sozialdiakonische Arbeit Lichtenberg-Oberspree GmbH,131
10317,Lichtenberg,Kita Sophies Welt,Sophienstr.,028A,Sozialdiakonische Arbeit Lichtenberg-Oberspree GmbH,115
10317,Lichtenberg,KITA Seepiraten,Hauptstr.,3A,Käpt'n Browser gemeinnützige Gesellschaft mit beschränkter Haftung,110
10317,Lichtenberg,Kita Hoppetosse/Kigä NordOst,Hauptstr.,6T,Kindergärten NordOst,100
10317,Lichtenberg,CityKids Berlin,Eitelstr.,016,CityKids Berlin-Rummelsburg gGmbH,95
10317,Lichtenberg,Kita Waschbär,Georg-Löwenstein-Str.,022,Sozialdiakonische Arbeit Lichtenberg-Oberspree GmbH,90
10317,Lichtenberg,Kita Nusshütte Eitelstr.,Eitelstr.,85,CeFi - Bildung und Verständigung gGmbH,87
10317,Lichtenberg,Kita Victoria,Kaskelstr.,003,MASAkids gemeinnützige Unternehmergesellschaft (haftungsbeschränkt),80
10317,Lichtenberg,Kita Sonnenblume/Kigä NordOst,Wönnichstr.,060,Kindergärten NordOst,75
10317,Lichtenberg,Montessori Kinderhaus Lichtenberg,An der Mole,003,Montessori und Friends Education gGmbH,60
10317,Lichtenberg,Ev. Kindergarten Am Glockenturm,Nöldnerstr.,043,Ev. Kirchengemeinde Paul-Gerhardt-Lichtenberg,51
10317,Lichtenberg,Kita Zahnlücke,Lückstr.,032,Buratino Berlin gGmbH,40
10317,Lichtenberg,Kita Mausezahn,Einbecker Str.,032,KIDclever gUG (haftungsbeschränkt),35
10317,Lichtenberg,Kita Gisela,Giselastr.,026,kijufa gGmbH,35
10317,Lichtenberg,Kindergarten Sonnenbogen,Pfarrstr.,101,Elterninitiative zur Förderung der Waldorfpädagogik in Friedrichshain/Lichtenberg e. V.,30
10317,Lichtenberg,Kinderladen Kaskelkinder,Türrschmidtstr.,033,Kinderladen Kaskelkinder e.V.,30
10317,Lichtenberg,Kita Fine Turbine,Hauffstr.,012,Lebensnah Kitas gGmbH,28
10317,Lichtenberg,Kita Stadthäuschen,Stadthausstr.,003,EntwicklungBewegt gUG (haftungsbeschränkt),25
10317,Lichtenberg,Kita Spieltraum,Sophienstr.,008,Spieltraum gemeinnützige UG (haftungsbeschränkt),25
10317,Lichtenberg,Kita Hucky Bucky,Lückstr.,028,Nordische Bildungswerkstatt UG (haftungsbeschränkt),25
10317,Lichtenberg,Kita Rappelkiste,Lückstr.,065,kinder pur e. V.,16
10318,Lichtenberg,Kita Römerweg 106 und 112/Kigä NordOst,Römerweg,106,Kindergärten NordOst,180
10318,Lichtenberg,Kita Treskowallee,Treskowallee,135,Kinder- und Jugend der Volkssolidarität Berlin gGmbH,179
10318,Lichtenberg,AWO Kita Grashüpfer,Honnefer Str.,025,Arbeiterwohlfahrt Berlin Kreisverband Südost e.V.,160
10318,Lichtenberg,"Kita ""Am Carlsgarten""",Am Carlsgarten,016,PeWoBe Gemeinnützige Soziale Betreuungsgesellschaft mbH in Frankfurt/Oder,150
10318,Lichtenberg,Kita Kleine Wichtel,Marksburgstr.,038,PeWoBe Gemeinnützige Soziale Betreuungsgesellschaft mbH in Frankfurt/Oder,150
10318,Lichtenberg,Kita Querbeet,Köpenicker Allee,151,Deutsches Rotes Kreuz Kreisverband Berlin - Nordost e. V.,150
10318,Lichtenberg,Kita Zwergenland,Hönower Str.,031,EJF gemeinnützige AG,128
10318,Lichtenberg,BIP Kreativitätskita Treskow-Höfe,Treskowallee,22,BIP - Gesellschaft für Kreativitätspädagogik gGmbH,117
10318,Lichtenberg,Kindergarten Gundefinger Straße,Gundelfinger Str.,039,Kindergärten NordOst,85
10318,Lichtenberg,Kita an der Hochschule für Technik und Wirtschaft,Hönower Str.,035,studierendenWERK BERLIN,74
10318,Lichtenberg,Kreativitätskindertagesstätte Wunderwelt,Tannhäuserstr.,4A,Kreativitätsschulzentrum Berlin gGmbH,70
10318,Lichtenberg,Kiga Morgensonne,Lehndorffstr.,011,Ev. Kirchengemeinde Paul-Gerhardt-Lichtenberg,59
10318,Lichtenberg,Kita Heiligenberger Str./Kigä NordOst,Heiligenberger Str.,019,Kindergärten NordOst,50
10318,Lichtenberg,Kita Dorothea,Dorotheastr.,027,Verein für aktive Vielfalt e.V.,50
10318,Lichtenberg,Kita Wildensteiner Str.,Wildensteiner Str.,003,Kindergärten NordOst,50
10318,Lichtenberg,Waldorf-Kindergarten Karlshorst,Stühlinger Str.,003,Waldorfkindergarten Karlshorst e.V.,40
10318,Lichtenberg,Kita Stechlinstr. 26,Stechlinstr.,026,Kindergärten NordOst,35
10318,Lichtenberg,Kita Kesse Früchtchen,Wandlitzstr.,006,SeeD e. V.,33
10318,Lichtenberg,Kita Pepe Rakete,Ehrenfelsstr.,009,Lebensnah Kitas gGmbH,32
10318,Lichtenberg,Kita Villa Pixie,Weseler Str.,009,Lebensnah Kitas gGmbH,32
10318,Lichtenberg,Kita Das tapfere Schneiderlein,Hentigstr.,016,Das tapfere Schneiderlein e.V.,30
10318,Lichtenberg,Kreativitätskindertagesstätte Die Slups,Sadowastr.,016,Kreativitätsschulzentrum Berlin gGmbH,30
10318,Lichtenberg,Kita Karlszwerge,Ehrenfelsstr.,004,Die Wuhlewanderer gGmbH,30
10318,Lichtenberg,Kita Quatschköpfe,Ehrlichstr.,021,kijufa gGmbH,26
10318,Lichtenberg,EKT Luna Sternenstaub,Liepnitzstr.,042,BeKiLa e. V.,25
10318,Lichtenberg,ABC Kindergarten,Liepnitzstr.,49,ABC Kindergarten gUG (haftungsbeschränkt),25
10318,Lichtenberg,Kita Papagei,Treskowallee,124,Papagei e. V.,25
10318,Lichtenberg,Waldorfkindergarten Karlshorst,Üderseestr.,001,Waldorfkindergarten Karlshorst e.V.,10
10318,Lichtenberg,"Kita ""Makiwka""",Dönhoffstr.,2,Zweimalzwölf gUG (haftungsbeschränkt),0
10319,Lichtenberg,Kita Bärenkinder,Erieseering,033,Kinder im Kiez gGmbH,300
10319,Lichtenberg,Kita Krokofant,Mellenseestr.,065,BIK e.V. Berliner Institut für Kleinkindpädagogik und familienbegleitende Kinderbetreuung,222
10319,Lichtenberg,"""Erlebniswelt""",Sewanstr.,197,Kindergärten NordOst,200
10319,Lichtenberg,Dolgensee Kids,Dolgenseestr.,8C,"Kita ""Dolgensee Kids"" gGmbH",107
10319,Lichtenberg,EKT Eene meene mopel,Sewanstr.,120,'Eene meene...' - Verein zur Förderung selbstbestimmter Kindheit e. V.,100
10319,Lichtenberg,Kita Balatonknirpse,Balatonstr.,009,Forum Soziale Dienste GmbH,90
10319,Lichtenberg,Kita Baikalstr. 2,Baikalstr.,002,Kindergärten NordOst,85
10319,Lichtenberg,Kinder- und Familienzentrum KIKIFLO,Volkradstr.,004,Albert-Schweitzer-Kinderdorf Berlin e.V.,85
10319,Lichtenberg,Kita Wolkenschaf,Sewanstr.,043,Filigran gGmbH,80
10365,Lichtenberg,Kita Singemäuse,Gotlindestr.,036,INDEPENDENT LIVING Stiftung BT Kindertagesstätten für Berlin,236
10365,Lichtenberg,Kita Abenteuer Welt,Schulze-Boysen-Str.,022,KITA-Dialog gGmbH,200
10365,Lichtenberg,Kita Bunte Plonzstifte,Plonzstr.,22,Forum Soziale Dienste Kita I GmbH,200
10365,Lichtenberg,Kita Gudrunstraße,Gudrunstr.,14,Kindergärten NordOst,185
10365,Lichtenberg,Kita Harnackstr. 7/9,Harnackstr.,007,Kindergärten NordOst,180
10365,Lichtenberg,Kita Farbklecks,John-Sieg-Str.,001,Sozialdiakonische Arbeit Lichtenberg-Oberspree GmbH,180
10365,Lichtenberg,Kindertagesstätte Villa Milla,Gotlindestr.,054,FamilyandCare gemeinnützige Gesellschaft für Kinderbetreuung und Familienhilfe mbH,180
10365,Lichtenberg,MoKiB Harnackstr. 11,Harnackstr.,011,Kindergärten NordOst,136
10365,Lichtenberg,Kita Ev. Diakoniewerk Königin Elisabeth,Herzbergstr.,79,Stiftung Bethel - Hoffnungstaler Stiftung Lobetal,95
10365,Lichtenberg,Kita der Kath. Kirchengem. St. Mauritius,Schulze-Boysen-Str.,26,Kath. Kirchengemeinde St. Mauritius,90
10365,Lichtenberg,Kita Kiezspatzen,Hubertusstr.,005,Kinder im Kiez gGmbH,85
10365,Lichtenberg,Kita am Lindenhof,Klara-Weyl-Str.,009,MAHALE Familien- und Servicemanagement gGmbH,75
10365,Lichtenberg,Kreativitätskindertagesstätte Eigensinn,Rüdigerstr.,076,Kreativitätsschulzentrum Berlin gGmbH,70
10365,Lichtenberg,Evangelischer Kindergarten Lichtenberg,Schottstr.,006,Ev. Kirchengemeinde Lichtenberg,58
10365,Lichtenberg,Kita Laduschki,Fanningerstr.,37,Zweimalzwölf gUG (haftungsbeschränkt),38
10365,Lichtenberg,EKT Herzberger Wurzelzwerge,Hagenstr.,049,Herzberger Wurzelzwerge e. V.,30
10365,Lichtenberg,Kita Zauberinsel,Bürgerheimstr.,025,Zauberinsel Gesellschaft für kindliche Sprachförderung und ästhetische Bildung UG (haftungsbeschränkt),25
10365,Lichtenberg,Zauberwald,Bürgerheimstr.,023,Zauberinsel Gesellschaft für kindliche Sprachförderung und ästhetische Bildung UG (haftungsbeschränkt),15
10367,Lichtenberg,"""Sonnengarten""",Rudolf-Reusch-Str.,057,Kindergärten NordOst,185
10367,Lichtenberg,Kita Paule Platsch,Bernhard-Bästlein-Str.,052,Kinder- und Jugend der Volkssolidarität Berlin gGmbH,170
10367,Lichtenberg,Kita Wunderkinder,Paul-Zobel-Str.,009,blu:boks Kinder- und Jugendbildung gemeinnützige GmbH,150
10367,Lichtenberg,Zwergenparadies,Bernhard-Bästlein-Str.,044,Kindergärten NordOst,130
10367,Lichtenberg,Stepke Kita Weltendecker,Rathausstr.,011,Step Kids Kitas gemeinnützige GmbH,102
10367,Lichtenberg,Kita Landsberger Allee,Landsberger Allee,228,Die schlauen Mäuschen gemeinnützige GmbH,60
10367,Lichtenberg,Kita Rübchen II,Paul-Zobel-Str.,010,KIDclever gUG (haftungsbeschränkt),42
10367,Lichtenberg,Kita Rübchen,Paul-Zobel-Str.,8G,KIDclever gUG (haftungsbeschränkt),30
10367,Lichtenberg,Kita Zaubertal,Scheffelstr.,010,Zauberinsel Gesellschaft für kindliche Sprachförderung und ästhetische Bildung UG (haftungsbeschränkt),25
10369,Lichtenberg,Kita Phantasialand,Paul-Junius-Str.,052,Kinder im Kiez gGmbH,240
10369,Lichtenberg,Private Europa-Kita,Judith-Auer-Str.,006,P.E.K. Private Europa Kindertagesstätte Elite gGmbH,215
10369,Lichtenberg,"""Spatzennest""",Paul-Junius-Str.,032,Kindergärten NordOst,185
10369,Lichtenberg,Kita Entdeckerland,Otto-Marquardt-Str.,002,BIK e.V. Berliner Institut für Kleinkindpädagogik und familienbegleitende Kinderbetreuung,181
10369,Lichtenberg,Kita Sonnenschein,Rudolf-Seiffert-Str.,026,Sozialdiakonische Arbeit Lichtenberg-Oberspree GmbH,180
10369,Lichtenberg,Kita Paule am Park,Paul-Junius-Str.,067,Hanna gGmbH Kita-Trägerschaften,154
10369,Lichtenberg,Kindergarten Rappelkiste,Herbert-Tschäpe-Str.,002,Rappelkiste Medi-Sport gemeinnützige GmbH,120
10369,Lichtenberg,Kita an der alten Kastanie,Franz-Jacob-Str.,016,"abw - gemeinnützige Gesellschaft für Arbeit, Bildung und Wohnen mbH",105
10369,Lichtenberg,Kita Märchenland,Paul-Junius-Str.,064A,RBO - Inmitten gemeinnützige GmbH,80
10369,Lichtenberg,Kita Kinderträume,Karl-Vesper-Str.,011,Kinder im Kiez gGmbH,65
10369,Lichtenberg,Kita Storkower Zauberwäldchen,Franz-Jacob-Str.,004,Kinderladen Storkower Zauberwäldchen e. V.,25
10369,Lichtenberg,Christliche Kita Fischlein,Rudolf-Seiffert-Str.,053,TW Help for Family gGmbH,25
10405,Pankow,Kita Pinocchio,Belforter Str.,011,Hanna gGmbH Kita-Trägerschaften,234
10405,Pankow,Kita Zwergenhausen/Kigä NordOst,Jablonskistr.,033,Kindergärten NordOst,195
10405,Pankow,Kita Prenzelberger Schwalbennest/Kigä NordOst,Diesterwegstr.,010,Kindergärten NordOst,185
10405,Pankow,Kita Prenzlauer Berg,Prenzlauer Berg,015,INA.KINDER.GARTEN gGmbH,160
10405,Pankow,Fröbel Kindergarten,Straßburger Str.,6B,Fröbel Bildung und Erziehung gGmbH,120
10405,Pankow,Kita der Ev. Kirchengem. Immanuel,Immanuelkirchstr.,001A,Ev. Kirchengemeinde Immanuel,80
10405,Pankow,"Kita ""Am Wasserturm""",Knaackstr.,027,Kindergärten NordOst,70
10405,Pankow,Kita Bienchen Prenzlauer Berg,Immanuelkirchstr.,14B,Bilingua gGmbH,50
10405,Pankow,Kita unterm Regenschirm,Danziger Str.,073,Loftschloss gGmbH,42
10405,Pankow,Evangelische Kita Winsstraße,Winsstr.,024,Stephanus gGmbH,35
10405,Pankow,EKT - Treinta Lobitos,Kollwitzstr.,016,Treinta Lobitos e. V.,35
10405,Pankow,EKT - Der Hummer aus Toronto,Heinrich-Roller-Str.,020,Wunschkindergarten e. V.,33
10405,Pankow,Kita Bunte Burg,Christburger Str.,013,Christburg Campus gemeinnützige GmbH,30
10405,Pankow,KiTa Sternenwiese,Chodowieckistr.,002,"Verein f. familienergänzende Betreuung u. Beratung Pankow, kurz ""VfBB Pankow"" e.V.",27
10405,Pankow,Kita Berliner Kindheit,Immanuelkirchstr.,14B,Berliner Kindheit E. S. gUG (haftungsbeschränkt),27
10405,Pankow,Kita Kolmarer Straße 6,Kolmarer Str.,006,Kinderschlummerland gGmbH,25
10405,Pankow,Kita Remmi-Demmi Ella-Kay-Straße,Ella-Kay-Str.,036,Remmi Demmi gemeinnützige GmbH,25
10405,Pankow,Kita Berliner Kindheit,Immanuelkirchstr.,14C,Berliner Kindheit E. S. gUG (haftungsbeschränkt),25
10405,Pankow,Kita Cheburashka-Christburger,Christburger Str.,025,Cheburashka gGmbH,25
10405,Pankow,Kita Bekids Playgarden,Rykestr.,042,BeKids bilingual education BKBE gGmbH,25
10405,Pankow,EKT Kitanelle coccinelle,Winsstr.,69A,Kitanelle coccinelle e. V.,23
10405,Pankow,Kita Kleine Kobolde,Jablonskistr.,024,"Verein f. familienergänzende Betreuung u. Beratung Pankow, kurz ""VfBB Pankow"" e.V.",22
10405,Pankow,EKT Sockenläufer,Chodowieckistr.,028,Sockenläufer e. V.,20
10405,Pankow,Cheburashka - Winsviertel,Jablonskistr.,035,Cheburashka gGmbH,20
10405,Pankow,Secret Garden,Saarbrücker Str.,015,Krausnick-Eck e.V.,19
10405,Pankow,EKT Glühwürmchen,Winsstr.,002,Glühwürmchen e. V.,19
10405,Pankow,Kita Zwergenbaude,Chodowieckistr.,035,Zwergenbaude e.V.,18
10405,Pankow,Kita Zwergenbaude II,Chodowieckistr.,035,Zwergenbaude e.V.,18
10405,Pankow,EKT - Obst und Gemüse,Christburger Str.,041,EKT Obst und Gemüse e. V.,16
10407,Pankow,Kita Bambinioase,Hans-Otto-Str.,040A,MAHALE Familien- und Servicemanagement gGmbH,216
10407,Pankow,Kindergarten Sonnenhügel,John-Schehr-Str.,035,NETZWERK SPIEL/KULTUR Prenzlauer Berg e. V.,200
10407,Pankow,Montessori-Integrations-Kindergärten im Syringenweg,Syringenweg,023,Kindergärten NordOst,195
10407,Pankow,Kita Sonnenmäuse/Kigä NordOst,Conrad-Blenkle-Str.,046,Kindergärten NordOst,183
10407,Pankow,Am Hain,Am Friedrichshain,018A,Kindergärten NordOst,80
10407,Pankow,Kath. Kita Corpus Christi,Conrad-Blenkle-Str.,64,Kitas im Erzbistum Berlin-Zweckverband der katholischen Kirchengemeinden,70
10407,Pankow,Kita Cheburashka-Prenzlauer Berg,Bernhard-Lichtenberg-Str.,009,Cheburashka gGmbH,53
10407,Pankow,EKT Im Känguru,Anton-Saefkow-Straße,64,EKT - Im Känguru e.V.,35
10407,Pankow,EKT - Theaterspiel-Kita Capriola,Hufelandstr.,032,Theaterspiel-Kindertagesstätte Capriola e. V.,30
10407,Pankow,EKT Elfenland,Pasteurstr.,15,Elfenland e.V.,30
10407,Pankow,EKT - Kitaträumer,Pasteurstr.,038,Kitaträumer e. V.,30
10407,Pankow,EKT Guckloch,Liselotte-Herrmann-Str.,012,EKT Guckloch e.V.,30
10407,Pankow,Spielart Käthe,Käthe-Niederkirchner-Str.,029,Spielart Berlin gGmbH,30
10407,Pankow,EKT Mucklas,Esmarchstr.,015,Mucklas e.V.,25
10407,Pankow,Mascha und der Bär,Bötzowstr.,049,Mascha im Wunderland Kita gUG,25
10407,Pankow,Kita Kesse Käthe,Käthe-Niederkirchner-Str.,022,Prenzlmäuse gGmbH,25
10407,Pankow,Kita Cotheniusstrolche,Cotheniusstr.,016,Prenzlmäuse gGmbH,22
10407,Pankow,EKT - Bötzowstrolche,Esmarchstr.,024,Bötzowstrolche e.V.,21
10407,Pankow,EKT Schnick und Schnack,Pasteurstr.,5,Schnick und Schnack e. V.,20
10407,Pankow,Kita Krümelkörbchen,Käthe-Niederkirchner-Str.,026,Krümelkörbchen e.V.,17
10407,Pankow,EKT Krabbelkörbchen,Hufelandstr.,042,Krümelkörbchen e.V.,17
10407,Pankow,Kita Prenzlmäuse,Liselotte-Herrmann-Str.,006,Prenzlmäuse gGmbH,15
10409,Pankow,Kita Bewegungsreich,Hanns-Eisler-Str.,82,Pfefferwerk Stadtkultur gGmbH,250
10409,Pankow,Kita Preußstraße,Preußstr.,005,INA.KINDER.GARTEN gGmbH,200
10409,Pankow,Humanistische Kindertagesstätte Thomas-Mann-Straße,Thomas-Mann-Str.,17,"Humanistischer Verband Deutschlands, Landesverband Berlin-Brandenburg KdöR",160
10409,Pankow,Kita Am Zauberberg,Thomas-Mann-Str.,063,Vielfarb Social gGmbH,140
10409,Pankow,Kita Prenzlauer Allee 115/116/Kigä NordOst,Prenzlauer Allee,115,Kindergärten NordOst,138
10409,Pankow,Kindergarten Sonnenblume/Kigä NordOst,Pieskower Weg,048,Kindergärten NordOst,135
10409,Pankow,Kita Rückenwind,Mandelstr.,013,KUBIBE gGmbH,120
10409,Pankow,dreieins-Kindertagesstätte Prenzlauer Berg,Preußstr.,7,dreieins Innovative Pädagogik gGmbH,120
10409,Pankow,Kita Mandelbäumchen,Mandelstr.,15,Bürgerhaus BüHa gGmbH,110
10409,Pankow,Integrationskita Raupe Nimmersatt,Gürtelstr.,025,JAO gGmbH,60
10409,Pankow,EKT Mooswuffel,Naugarder Str.,015,Mooswuffel e.V.,23
10435,Pankow,Kita Hanna vom Kolle,Knaackstr.,053,Hanna gGmbH Kita-Trägerschaften,240
10435,Mitte,Kita Fürstenberger Str. 4/5/Kigä City,Fürstenberger Str.,004,Kindergärten City,180
10435,Mitte,Kita Schwedter Straße,Schwedter Str.,232,Kinder im Kiez gGmbH,120
10435,Mitte,Zions-Kindergarten,Griebenowstr.,016,Ev. Kirchenkreisverband für Kindertageseinrichtungen Berlin Mitte-Nord,85
10435,Pankow,Waldorfkindergarten Prenzlauer Berg,Choriner Str.,025,Waldorfkindergarten Prenzlauer Berg e.V.,85
10435,Pankow,Kita Tigerenten/Kigä NordOst,Schönhauser Allee,165,Kindergärten NordOst,75
10435,Pankow,Integrierter Waldkindergarten,Kollwitzstr.,066,Stadt & Waldkinder Berlin gGmbH,53
10435,Pankow,EKT - Kinder Sorpresa,Schwedter Str.,029,Kinder Sorpresa e.V.,37
10435,Pankow,Wald & Wiesen Kita,Husemannstr.,012,Wald und Wiesen e.V.,35
10435,Pankow,Waldorfkindergarten Wurzelwerk,Hagenauer Str.,001B,Waldorfkindergarten Wurzelwerk e. V.,30
10435,Pankow,EKT - Quasselstrippe,Oderberger Str.,050,Quasselstrippe e. V.,25
10435,Pankow,Kinderladen Prenzlauer Berg,Oderberger Str.,027,Kinderladen Prenzlauer Berg e.V.,24
10435,Mitte,Kinderladen Rosenthaler Vorstadt,Wolliner Str.,060,Kinderladen Rosenthaler Vorstadt e.V.,19
10435,Pankow,EKT - Erdnuckel,Choriner Str.,030,Erdnuckel e.V.,19
10437,Pankow,Kita Haus 2,Gleimstr.,046,KUBIBE gGmbH,220
10437,Pankow,Kita Prenzelberger Spielmäuse/Kigä NordOst,Pappelallee,041A,Kindergärten NordOst,200
10437,Pankow,Kita Kritzelknirpse,Lychener Str.,055,Pfefferwerk Stadtkultur gGmbH,150
10437,Pankow,Kindergarten am Hirschhof,Eberswalder Str.,011,NETZWERK SPIEL/KULTUR Prenzlauer Berg e. V.,120
10437,Pankow,Kita Pappelallee,Pappelallee,040,Kindergärten NordOst,120
10437,Pankow,Kita Helmistrolche,Lettestr.,004,Hanna gGmbH Kita-Trägerschaften,72
10437,Pankow,Kita Gethsemane,Greifenhagener Str.,002,Ev. Kirchenkreisverband für Kindertageseinrichtungen Berlin Mitte-Nord,63
10437,Pankow,Kita Gaudystraße,Gaudystr.,010,Stadt & Waldkinder Berlin gGmbH,57
10437,Pankow,Kita Elias,Göhrener Str.,011,Ev. Kirchenkreisverband für Kindertageseinrichtungen Berlin Mitte-Nord,46
10437,Pankow,Kita BAZUBA KAMINKA,Dunckerstr.,077,SONNENBURG Soziale Dienste gemeinnützige UG (haftungsbeschränkt),40
10437,Pankow,Kinderladen Pauline Kirschkern,Stargarder Str.,19,Kirschkern e.V.,35
10437,Pankow,EKT - Villa Kunterbunt,Dunckerstr.,021,Kunter - Bund e.V.,30
10437,Pankow,EKT Domino,Lychener Str.,021,Deutsch-Französische Kita Domino e. V.,30
10437,Pankow,EKT - Mischpoke,Lychener Str.,076,Mischpoke e.V.,30
10437,Pankow,Kindergarten Aramsamsam,Stargarder Str.,062,Aramsamsam Berlin e. V.,30
10437,Pankow,Kita Lettestraße 8,Lettestr.,008,Kinderschlummerland gGmbH,30
10437,Pankow,Kita Mauerschwalben,Gleimstr.,058,Mauerschwalben e.V.,30
10437,Pankow,Deutsch-chinesische Kita,Dunckerstr.,90A,Kita Bambuswald e.V.,28
10437,Pankow,Kita Hoppetosse,Lychener Str.,066,Hoppetosse-Berlin e.V.,27
10437,Pankow,EKT Josephine,Kopenhagener Str.,065,EKT Josephine e. V.,26
10437,Pankow,Kita Edgar Berlin,Dunckerstr.,74,Edgar Berlin gGmbH,26
10437,Pankow,EKT - 10 Vorne,Schliemannstr.,033,10 Vorne e. V.,25
10437,Pankow,EKT - Zebra Int. Kiga,Sonnenburger Str.,054,Zebra International Kindergarten e. V.,25
10437,Pankow,EKT uno dos tres,Gleimstr.,056,uno dos tres e.V.,25
10437,Pankow,EKT Sausebrause,Korsörer Str.,010,"Erzieher/innen-Elterninitiativkindertagesstätte ""Sausebrause"" e.V.",25
10437,Pankow,Kita Remmi-Demmi,Greifenhagener Str.,029,Remmi Demmi gemeinnützige GmbH,25
10437,Pankow,Kita SEHsternTaler,Greifenhagener Str.,033,SEHstern e.V.,25
10437,Pankow,Kita Kinderschlummerland,Göhrener Str.,003,Kinderschlummerland gGmbH,25
10437,Pankow,Kita Berliner Pandabären,Schliemannstr.,042,Interkulturelle Kindheit gemeinnützige UG (haftungsbeschränkt),25
10437,Pankow,Kindergarten Aramsamsam 2,Korsörer Str.,004,Aramsamsam Berlin e. V.,25
10437,Pankow,Kita Die wilden Küken,Gleimstr.,013,Die wilden Küken Prenzlauer Berg gemeinnützige UG (haftungsbeschränkt),25
10437,Pankow,Kinderladen Spaceys,Greifenhagener Str.,035,Spaceys Kindergärten GmbH,25
10437,Pankow,Integrationskita Prenzl.Berg Pustekuchen,Sonnenburger Str.,57,"Integrationskindertagesstätte Prenzlauer Berg ""Pustekuchen"" e. V.",24
10437,Pankow,Kita KiBa,Raumerstr.,19,KiBa e. V.,22
10437,Pankow,Kita Edgar Berlin,Korsörer Str.,019,Edgar Berlin gGmbH,22
10437,Pankow,EKT Billabong 02,Greifenhagener Str.,014,billabong 02 e. V.,21
10437,Pankow,EKT Grashüpfer,Gaudystr.,009,Grashüpfer e. V.,20
10437,Pankow,EKT Kindertraum,Dunckerstr.,025,Kila Kindertraum Prenzl'Berg e. V.,20
10437,Pankow,Folli Folletti,Cantianstr.,015,Folli Folletti e.V.,20
10437,Pankow,Kinderladen Prenzlpanther,Schliemannstr.,44,Kinderladen Prenzlpanther e. V.,19
10437,Pankow,Kita der Basisgemeinde Prenzl.Berg,Dunckerstr.,014,Basisgemeinde Prenzlauer Berg e.V.,18
10437,Pankow,Kita Räuberhöhle,Kopenhagener Str.,039,Zwergenbaude e.V.,18
10437,Pankow,Coworking Toddler Prenzlauer Berg,Greifenhagener Str.,048,CT Toddler Berlin gUG (haftungsbeschränkt),17
10439,Pankow,"Klax Krippen Regentropfenhaus und Wolkenzwerge;Klax Kindergärten Sternschnuppenhaus, Sonnenhaus und Wirbelwind",Scherenbergstr.,001,KLAX Berlin gGmbH,280
10439,Pankow,Kita Villa Schabernack,Stavangerstr.,6,Bürgerhaus BüHa gGmbH,200
10439,Pankow,Kita Schivelbeiner Str. 12/Kigä NordOst,Schivelbeiner Str.,012,Kindergärten NordOst,195
10439,Pankow,Kath. Kita Heilige Familie,Kuglerstr.,040,Kitas im Erzbistum Berlin-Zweckverband der katholischen Kirchengemeinden,120
10439,Pankow,Humanistische Kindertagesstätte Stahlheimer Straße,Stahlheimer Str.,27,"Humanistischer Verband Deutschlands, Landesverband Berlin-Brandenburg KdöR",120
10439,Pankow,Berlin Kids international Kita,Wichertstr.,024,Pfefferwerk Stadtkultur gGmbH,85
10439,Pankow,Kita Freche Früchtchen,Paul-Robeson-Str.,012,KUBIBE gGmbH,70
10439,Pankow,Kita Drieselmäuse,Driesener Str.,024,Forum Soziale Dienste GmbH,65
10439,Pankow,Kath. Kita St. Augustinus,Schivelbeiner Str.,029,Kitas im Erzbistum Berlin-Zweckverband der katholischen Kirchengemeinden,60
10439,Pankow,Kita Zum klingenden Bäumchen,Dänenstr.,008,JAO gGmbH,55
10439,Pankow,Evangelische Kita Arche,Schönhauser Allee,104,Stephanus gGmbH,51
10439,Pankow,Kita Erich-Weinert-Str. 33/Kigä NordOst,Erich-Weinert-Str.,033,Kindergärten NordOst,48
10439,Pankow,EKT Paul-Robeson-Straße,Paul-Robeson-Str.,030,PIDA e. V.,30
10439,Pankow,Kita Paul,Paul-Robeson-Str.,008,Hauptstadtkinder gGmbH,25
10439,Pankow,Kita Drachenhöhle,Gudvanger Str.,012,Drachenreiter gemeinnützige GmbH,25
10439,Pankow,Kindergarten Brüderchen & Schwesterchen,Seelower Str.,021,GemBeki Gemeinsinn-für Berliner Kinder gGmbH,25
10439,Pankow,Kita Tegner-Strolche,Tegnerstr.,001,SONA - Soziale Nachbarschaft für betreutes Wohnen gGmbH,25
10439,Pankow,EKT el jardin de Mafalda,Seelower Str.,003,ej jardin de Mafalda e. V.,25
10439,Pankow,Freude Kindergarten,Tegnerstr.,008,FREUDE Kindergärten gemeinnützige GmbH,25
10439,Pankow,Kita Born,Bornholmer Str.,018,Hauptstadtkinder gGmbH,25
10439,Pankow,Kita Paradiesäpfel,Bornholmer Str.,095,Kita Paradiesäpfel gUG,25
10439,Pankow,EKT Bullerbü,Schivelbeiner Str.,043,Kinderladen Bullerbü e. V.,23
10439,Pankow,el jardin de Mafalda Schivelbeiner Straße,Schivelbeiner Str.,040,ej jardin de Mafalda e. V.,23
10439,Pankow,Freche Fledermäuse,Wichertstr.,057,Familien-Fenster e. V.,22
10439,Pankow,EKT Libelle,Erich-Weinert-Str.,064,Libelle e. V.,22
10439,Pankow,"Ökologischer Kinderladen ""Kinderland der Träume""",Andersenstr.,003,KdT Traumland gUG,21
10439,Pankow,Kita kribbel krabbel,Dänenstr.,004,kribbel krabbel e.V.,20
10551,Mitte,Kita Emdener Str. 11/Kigä City,Emdener Str.,011,Kindergärten City,220
10551,Mitte,Kita Fantasia,Bredowstr.,027A,Orte für Kinder GmbH,135
10551,Mitte,Kita Schatzinsel,Wiclefstr.,032,REFORMATIONS-Campus e. V.,130
10551,Mitte,Kita SOS-Kinderdorf,Waldstr.,023,SOS-Kinderdorf e.V.,126
10551,Mitte,AWO Kita Schmetterling,Turmstr.,071,Arbeiterwohlfahrt Kreisverband Berlin-Mitte e.V.,65
10551,Mitte,Kita Emdener Str.,Emdener Str.,028,Forum Soziale Dienste Kita I GmbH,50
10551,Mitte,Kita Pädagogisches Arbeitskollektiv,Emdener Str.,047,Pädagogisches Arbeitskollektiv e.V.,35
10551,Mitte,Kinder- und Schülerladen Olle Burg,Waldstr.,042,Fokus plus gGmbH,30
10551,Mitte,Kita Swimmy,Siemensstr.,010,MiniKitas First gGmbH,25
10551,Mitte,Schulhort der Theodor-Heuss-Gemeinschaftsschule (nur Sprachförderung),Wiclefstr.,6,SOS-Kinderdorf e.V.,24
10551,Mitte,EKT - Drunter und Drüber,Stromstr.,058,EKT Drunter und Drüber Stromstraße 58 e.V.,23
10551,Mitte,EKT - Der Kick - Initiative im Kiez,Birkenstr.,033,Fokus plus gGmbH,16
10551,Mitte,EKT - ALIBABA,Waldstr.,015,Ali Baba e.V.,15
10551,Mitte,Kita Olle Burg,Waldstr.,041,Fokus plus gGmbH,12
10553,Mitte,Kindergarten Beusselstraße,Beusselstr.,32A,Fröbel Bildung und Erziehung gGmbH,120
10553,Mitte,Kita Sprachwelt,Rostocker Str.,032A,Jugend- und Sozialwerk gGmbH,110
10553,Mitte,Kita Huttenstr. 22A/Kigä City,Huttenstr.,022A,Kindergärten City,85
10553,Mitte,Kita Elfenbein,Huttenstr.,021,GFBE gGmbH- Gesellschaft für Bildung und Erziehung,35
10553,Mitte,EKT - Arche Moabit,Huttenstr.,031,Arche Moabit e.V.,32
10553,Mitte,Kita Engelsnest,Kaiserin-Augusta-Allee,101,Liberi Bildung gemeinnützige GmbH,25
10553,Mitte,Kita Elfenblume,Rostocker Str.,028,Forum für Bildung und Erziehung (FBE) gGmbH,25
10553,Mitte,Little Kiwis,Rostocker Str.,40,Little Kiwis Internationaler Kindergarten gemeinnützige UG (haftungsbeschränkt),24
10553,Mitte,Die Bärenbande,Rostocker Str.,37,BEB Bildungseinrichtung für Erziehung und Bildung e.V.,23
10553,Mitte,Kita Safina,Rostocker Str.,026,HadeWe-Integra gemeinnützige GmbH,20
10553,Mitte,Kita Safina,Erasmusstr.,7A,HadeWe-Integra gemeinnützige GmbH,20
10555,Mitte,Kita Hansa-Ufer 3a Kigä City,Hansa-Ufer,3A,Kindergärten City,100
10555,Mitte,Kita an der UdK,Siegmunds Hof,017,studierendenWERK BERLIN,70
10555,Mitte,Ev. Kita Erlöser,Wikingerufer,009,Ev. Kirchenkreisverband für Kindertageseinrichtungen Berlin Mitte-Nord,60
10555,Mitte,KiLa Jagowspatzen,Jagowstr.,010,Frecher Spatz e.V.,60
10555,Mitte,Kita am Essener Park,Alt-Moabit,086,GemBeki Gemeinsinn-für Berliner Kinder gGmbH,50
10555,Mitte,Kita Otto,Ottostr.,016,Ev. Kirchenkreisverband für Kindertageseinrichtungen Berlin Mitte-Nord,45
10555,Mitte,Kinderladen Rosa Kirchkern,Bochumer Str.,002,Kirschkern e.V.,28
10555,Mitte,EKT Flocke,Bochumer Str.,011,Elterninitiativ-Kindertagesstätten (EKT) Verein Flocke e.V.,25
10555,Mitte,Kita Apfelkern,Elberfelder Str.,028,MetropolitanKids UG (haftungsbeschränkt),25
10555,Mitte,Kinderladen Katz & Kedi,Jagowstr.,028,Frecher Spatz e.V.,24
10555,Mitte,Kita Arlecchino,Alt-Moabit,035,Arlecchino gUG (haftungsbeschränkt),21
10555,Mitte,EKT - Frecher Spatz,Elberfelder Str.,018,Frecher Spatz e.V.,20
10555,Mitte,EKT biberbau,Elberfelder Str.,019,Frecher Spatz e.V.,20
10555,Mitte,Kita Zinzenprinzen,Zinzendorfstr.,005,Fokus plus gGmbH,18
10555,Mitte,Kita Brighella,Alt-Moabit,037,Arlecchino gUG (haftungsbeschränkt),15
10555,Mitte,Kita Kolibri,Jagowstr.,018,Fokus plus gGmbH,15
10557,Mitte,Kindergarten Lisa-Fittko-Str.,Lisa-Fittko-Str.,009,Fröbel Bildung und Erziehung gGmbH,130
10557,Mitte,Kita Holsteiner Ufer 12/Kigä City,Holsteiner Ufer,012,Kindergärten City,115
10557,Mitte,Spreekita,Paulstr.,020D,Ev. Kirchenkreisverband für Kindertageseinrichtungen Berlin Mitte-Nord,110
10557,Mitte,Kita Paradies für Kinder,Calvinstr.,016,Jugend- und Sozialwerk gGmbH,98
10557,Mitte,Kita Lüneburger Straße,Lüneburger Str.,014,INA.KINDER.GARTEN gGmbH,95
10557,Mitte,Kita/Kinder in Bewegung (KiB),Klopstockstr.,029,Kinder in Bewegung gGmbH Gemeinnützige Kindergarten-Trägergesellschaft des Berliner Sports,93
10557,Mitte,INA.KINDERGARTEN Berlin Kita in der Europacity,Lydia-Rabinowitsch-Str.,005,INA.KINDER.GARTEN gGmbH,77
10557,Mitte,Kita Lehrter Straße 40,Lehrter Str.,040,Kindergärten City,74
10557,Mitte,Kita Verein für praktische Pädagogik,Alt-Moabit,133B,Verein für praktische Pädagogik Moabit e.V.,45
10557,Mitte,Kindergarten Schatztruhe,Spenerstr.,037,"MI-SA-DI gUG (haftungsbeschränkt) gemeinnützige Unternehmergesellschaft für Migration, Soziale Arbeit und Dialog",45
10557,Mitte,Fröbel-Kindergarten Wasserstadt,Hedwig-Porschütz-Str.,006,Fröbel Bildung und Erziehung gGmbH,45
10557,Mitte,KulturKindergarten Energiebündel der 50Hertz GmbH,Heidestr.,003,Dussmann Kulturkindergarten gemeinnützige GmbH,34
10557,Mitte,Kita Bellevue,Paulstr.,018,fidea Bildung gGmbH,25
10557,Mitte,Kita Spatzenvilla,Klara-Franke-Str.,001,E&K Education Care gUG,25
10557,Mitte,Kita auf Augenhöhe,Lehrter Str.,054,auf Augenhöhe e.V.,23
10557,Mitte,Leo Kirschkern,Klopstockstr.,001,Kirschkern e.V.,23
10557,Mitte,EKT Schneckenhaus,Flemingstr.,011,Frecher Spatz e.V.,18
10557,Mitte,EKT Regenbogen,Calvinstr.,013,Eltern-Initiativ-Kindertagesstätte Regenbogen e.V.,18
10559,Mitte,Kita Rathenower Str. 15/Kigä City,Rathenower Str.,015,Kindergärten City,200
10559,Mitte,Kita Havelberger Str. 21/Kigä City,Havelberger Str.,021,Kindergärten City,158
10559,Mitte,Kita Alt-Moabit 117/Kigä City,Alt-Moabit,117,Kindergärten City,105
10559,Mitte,Evangelische Kindertagesstätte St. Johannis der Gemeinde Tiergarten,Alt-Moabit,025,Ev. Kirchengemeinde Tiergarten,75
10559,Mitte,Kath. Kita St. Laurentius,Bandelstr.,041,Kitas im Erzbistum Berlin-Zweckverband der katholischen Kirchengemeinden,65
10559,Mitte,Kita Spielraum Perlentaucher,Perleberger Str.,047,SpielRaum Kindertagesstätten Berlin gGmbH,50
10559,Mitte,Kita Kleiner Frosch,Lübecker Str.,032,TEVBB Soziale Dienste GmbH,40
10559,Mitte,AWO Kita am Spreebogen,Alt-Moabit,098,Arbeiterwohlfahrt Kreisverband Berlin-Mitte e.V.,40
10559,Mitte,Kita Birkelinchen/Ev. Kirchengem. Heilige-Geist,Birkenstr.,060,Ev. Kirchengemeinde Heilige-Geist,30
10559,Mitte,EKT - Maluch,Stephanstr.,017,Verein zur Förderung und Integration polnischer Kinder in der Berliner Gesellschaft e.V.,30
10559,Mitte,EKT - Kinderladen Badehaus,Wilsnacker Str.,062,Kinderladen Badehaus e.V.,26
10559,Mitte,Kita Cheburashka-Tiergarten,Wilsnacker Str.,040,Cheburashka gGmbH,26
10559,Mitte,Kinderladen Stoppelhopser,Quitzowstr.,136,Stoppelhopser e.V.,25
10559,Mitte,"EKT - Panther, Tiger und Co.",Lübecker Str.,013,VSU-Verein für Sozial- und Umweltpolitik Berlin e.V.,25
10559,Mitte,Kita Spielraum Havelsegler,Havelberger Str.,012,GenerationenRaum gemeinnützige Gesellschaft zur Förderung generationsübergreifender Interaktion mbH,25
10559,Mitte,EKT - Perle,Wilsnacker Str.,014,Perle e.V.,20
10559,Mitte,SpielRaum Stephanshafen,Stephanstr.,053,GenerationenRaum gemeinnützige Gesellschaft zur Förderung generationsübergreifender Interaktion mbH,20
10559,Mitte,EKT - Sagaland,Quitzowstr.,125,Sagaland e.V.,18
10559,Mitte,Kita Theobald Tiger,Perleberger Str.,039,TEVBB Soziale Dienste GmbH,17
10585,Charlottenburg-Wilmersdorf,Kita Richard-Wagner-Straße,Richard-Wagner-Str.,020,Kindertagesstätten Nordwest Eigenbetrieb von Berlin,240
10585,Charlottenburg-Wilmersdorf,Kita Haubachstraße des Pestalozzi-Fröbel-Hauses,Haubachstr.,45,Pestalozzi-Fröbel-Haus Stiftung des öffentlichen Rechts,60
10585,Charlottenburg-Wilmersdorf,Ev. Kita Luisen,Gierkeplatz,002,Ev. Kirchenkreisverband für Kindertageseinrichtungen Berlin-Mitte-West (Kitaverband Mitte-West),60
10585,Charlottenburg-Wilmersdorf,Kita Kaiser-Friedrich-Straße,Kaiser-Friedrich-Str.,013,OUTLAW gemeinnützige Gesellschaft für Kinder- und Jugendhilfe mbH,35
10585,Charlottenburg-Wilmersdorf,Kinderladen Fridolin Kirschkern,Kaiser-Friedrich-Str.,100,Kirschkern e.V.,30
10585,Charlottenburg-Wilmersdorf,Kita Schlumpfhausen,Richard-Wagner-Str.,037,G.E.B. Gesellschaft für Erziehung und Bildung UG,30
10585,Charlottenburg-Wilmersdorf,EKT EL Carrusel,Gierkezeile,030,El Carrusel e.V.,25
10585,Charlottenburg-Wilmersdorf,EKT Die wilden 25,Kaiser-Friedrich-Str.,018,Die Wilden 25 gUG (haftungsbeschränkt),25
10585,Charlottenburg-Wilmersdorf,Die Zauberworte - Kita für bewegte Sprache an der Deutschen Oper,Zauritzweg,009,Familie im Zentrum FiZ gGmbH,25
10585,Charlottenburg-Wilmersdorf,EKT - Karamell,Gierkezeile,042,Kita Karamell e. V.,23
10585,Charlottenburg-Wilmersdorf,Kita Schlumpfenburg,Haubachstr.,024,Kinderladen Schlumpfenburg gUG (haftungsbeschränkt),22
10585,Charlottenburg-Wilmersdorf,Kita Bunte Tulpen,Zillestr.,016,Weltentdecker gUG,22
10585,Charlottenburg-Wilmersdorf,EKT - Sonnenkinder,Gierkezeile,042,Sonnenkinder e. V.,12
10587,Charlottenburg-Wilmersdorf,Kita Warburgzeile,Warburgzeile,008,Kindertagesstätten Nordwest Eigenbetrieb von Berlin,135
10587,Charlottenburg-Wilmersdorf,Kita an der TU Berlin,Marchstr.,008,studierendenWERK BERLIN,120
10587,Charlottenburg-Wilmersdorf,Kath. Kita Teresa Tauscher,Alt-Lietzow,031,Kitas im Erzbistum Berlin-Zweckverband der katholischen Kirchengemeinden,85
10587,Charlottenburg-Wilmersdorf,Kita Arcostr.,Arcostr.,009,Pfefferwerk Stadtkultur gGmbH,80
10587,Charlottenburg-Wilmersdorf,Kita Villa Luna Berlin,Helmholtzstr.,034,Villa Luna gemeinnützige GmbH,71
10587,Charlottenburg-Wilmersdorf,EKT - Kindergarten am Schloß Charlottenburg,Eosanderstr.,013,Kindergarten am Schloß Charlottenburg e.V.,50
10587,Charlottenburg-Wilmersdorf,Kita Aurorafalter,Dovestr.,001,SOCIUS - Die Bildungspartner gemeinnützige GmbH,45
10587,Charlottenburg-Wilmersdorf,EKT Galvanistr. 14,Galvanistr.,014,EKT Galvanistr. 14 e.V.,30
10587,Charlottenburg-Wilmersdorf,EKT - Kindergarten am Schloß Charlottenburg,Lohmeyerstr.,012,Kindergarten am Schloß Charlottenburg e.V.,25
10587,Charlottenburg-Wilmersdorf,Kita Spatzenvilla,Heisenbergstr.,001,E&K Education Care gUG,25
10587,Charlottenburg-Wilmersdorf,EKT - Kindergarten am Schloß Charlottenburg,Lohmeyerstr.,021,Kindergarten am Schloß Charlottenburg e.V.,22
10587,Charlottenburg-Wilmersdorf,Kita Galvanistraße,Galvanistr.,015,Frecher Spatz e.V.,17
10587,Charlottenburg-Wilmersdorf,EiKiTa Pünktchen,Alt-Lietzow,007,EiKiTa Pünktchen e. V.,15
10587,Charlottenburg-Wilmersdorf,Kindergarten am Schloß Charlottenburg,Eosanderstr.,024,Kindergarten am Schloß Charlottenburg e.V.,15
10589,Charlottenburg-Wilmersdorf,Kita Charlottenburger Teddys,Nordhauser Str.,026,GKJ-Berlin gemeinnützige Gesellschaft für Kinder- und Jugendhilfe mbH,150
10589,Charlottenburg-Wilmersdorf,Internationaler Kindergarten Multi Lingua,Nordhauser Str.,030,Kultur Mosaik Berlin gUG (haftungsbeschränkt),125
10589,Charlottenburg-Wilmersdorf,Kita Nordhauser Straße,Nordhauser Str.,022,Kindertagesstätten Nordwest Eigenbetrieb von Berlin,81
10589,Charlottenburg-Wilmersdorf,Kita Olbersstraße des Pestalozzi-Fröbel-Hauses,Olbersstr.,40,Pestalozzi-Fröbel-Haus Stiftung des öffentlichen Rechts,76
10589,Charlottenburg-Wilmersdorf,Kindergarten Kinderland,Kaiserin-Augusta-Allee,041,GiKuB-Gesellschaft für internationale Kultur- und Bildungsarbeit gGmbH,65
10589,Charlottenburg-Wilmersdorf,Ev. Kita Gustav-Adolf,Olbersstr.,015,Ev. Kirchenkreisverband für Kindertageseinrichtungen Berlin-Mitte-West (Kitaverband Mitte-West),63
10589,Charlottenburg-Wilmersdorf,Kita Quedlinbuger Straße,Quedlinburger Str.,45G,Pestalozzi-Fröbel-Haus Stiftung des öffentlichen Rechts,60
10589,Charlottenburg-Wilmersdorf,Kita Emma und Lukas,Mierendorffstr.,021,KiMo gemeinnützige UG,36
10589,Charlottenburg-Wilmersdorf,Kita Burgrudel,Kamminer Str.,009,MiniKitas First gGmbH,25
10589,Charlottenburg-Wilmersdorf,Kükenbande 2,Mierendorffstr.,007,Center Lingual gemeinnützige UG (haftungsbeschränkt),25
10589,Charlottenburg-Wilmersdorf,Kita Kaiserin-Augusta-Allee 88 a,Kaiserin-Augusta-Allee,88A,G.E.B. Gesellschaft für Erziehung und Bildung UG,25
10589,Charlottenburg-Wilmersdorf,Kita Multilingua Ilsenburger Str.,Ilsenburger Str.,037,Early Years gUG,25
10589,Charlottenburg-Wilmersdorf,Kita Platane,Tegeler Weg,102,G.E.B. Gesellschaft für Erziehung und Bildung UG,25
10589,Charlottenburg-Wilmersdorf,Kita Kleine Weltkinder,Tegeler Weg,024,Bildungshafen gUG,25
10589,Charlottenburg-Wilmersdorf,Kita Zauberlinge,Kaiserin-Augusta-Allee,84,Zauberkinder gUG,25
10589,Charlottenburg-Wilmersdorf,Kita bewegte Kinder,Goslarer Platz,006,bewegte Kinder e.V.,23
10589,Charlottenburg-Wilmersdorf,Kita Remmi-Demmi,Mierendorffplatz,014,Remmi Demmi gemeinnützige GmbH,21
10589,Charlottenburg-Wilmersdorf,EKT - Regenbogen-Kidz,Brahestr.,013,Regenbogen-Kidz e.V.,17
10589,Charlottenburg-Wilmersdorf,Cheburashka-Charlottenburg,Mindener Str.,011,Cheburashka gGmbH,17
10623,Charlottenburg-Wilmersdorf,Kita Goethestraße,Goethestr.,012,Kindertagesstätten Nordwest Eigenbetrieb von Berlin,195
10623,Charlottenburg-Wilmersdorf,Kenntnisreich Kindertagesstätte,Uhlandstr.,019,Kenntnisreich Kindertagesstätten gGmbH,118
10623,Charlottenburg-Wilmersdorf,Evangelische Kita St. Ursula,Wegelystr.,010,Ev. Kirchenkreisverband für Kindertageseinrichtungen Berlin Mitte-Nord,55
10623,Charlottenburg-Wilmersdorf,EKT - Kinderladen Goethestraße (EG links),Goethestr.,013,Kinderladen Goethestraße e.V.,20
10623,Charlottenburg-Wilmersdorf,EKT - Kinderladen 1 Goethestraße (EG rechts),Goethestr.,013,Kinderladen Goethestraße e.V.,14
10625,Charlottenburg-Wilmersdorf,Die Zauberflöten - Kita an der Deutschen Oper,Bismarckstr.,025,Familie im Zentrum FiZ gGmbH,54
10625,Charlottenburg-Wilmersdorf,Kindergarten Wunderinsel,Marie-Elisabeth-Lüders-Str.,007,Wunderinsel gGmbH,54
10625,Charlottenburg-Wilmersdorf,Kita Kreativkraken,Leibnizstr.,079,MiniKitas First gGmbH,30
10625,Charlottenburg-Wilmersdorf,EKT - Yoyo,Goethestr.,014,Yoyo e.V.,27
10625,Charlottenburg-Wilmersdorf,Kita Pestalozzistraße,Pestalozzistr.,006,Nachbarschaftsheim Schöneberg e.V.,25
10625,Charlottenburg-Wilmersdorf,Kita Came-Bridge,Pestalozzistr.,088,Came-Bridge gemeinnützige UG (haftungsbeschränkt),22
10625,Charlottenburg-Wilmersdorf,Kinderladen Purzelbaum,Schillerstr.,021,Kinderladen Purzelbaum e.V.,18
10625,Charlottenburg-Wilmersdorf,Kita Came-Bridge II,Weimarer Str.,029,Came-Bridge gemeinnützige UG (haftungsbeschränkt),18
10627,Charlottenburg-Wilmersdorf,Kinder-und Familienzentrum Schillerstraße des Pestalozzi-Fröbel-Hauses,Schillerstr.,61,Pestalozzi-Fröbel-Haus Stiftung des öffentlichen Rechts,115
10627,Charlottenburg-Wilmersdorf,Kita Pestalozzistraße des Pestalozzi-Fröbel-Hauses,Pestalozzistr.,40,Pestalozzi-Fröbel-Haus Stiftung des öffentlichen Rechts,93
10627,Charlottenburg-Wilmersdorf,Kindertagesstätte Pumuckel I,Fritschestr.,058,Kindertagesstätte Pumuckel e.V.,52
10627,Charlottenburg-Wilmersdorf,Spielhaus Schillerstraße (nur Sprachförderung),Schillerstr.,086,Evangelisch-Freikirchliche Gemeinde Berlin-Charlottenburg,40
10627,Charlottenburg-Wilmersdorf,EKT - Kulturküken,Schillerstr.,064,KULTURKÜKEN e.V.,25
10627,Charlottenburg-Wilmersdorf,EKT - Wusel,Schillerstr.,084,Wusel e. V.,15
10627,Charlottenburg-Wilmersdorf,EKT - Firlefanz,Stuttgarter Platz,020,Firlefanz e.V.,15
10627,Charlottenburg-Wilmersdorf,Kindertagesstätte Pumuckel II,Fritschestr.,058,Kindertagesstätte Pumuckel e.V.,15
10629,Charlottenburg-Wilmersdorf,Kita Schlüterstraße,Schlüterstr.,25,Kindertagesstätten Nordwest Eigenbetrieb von Berlin,145
10629,Charlottenburg-Wilmersdorf,Kita Walter-Benjamin-Platz,Walter-Benjamin-Platz,007,Kindertagesstätten Nordwest Eigenbetrieb von Berlin,130
10629,Charlottenburg-Wilmersdorf,EKT - Droysen-Mäuse,Roscherstr.,014,Droysen - Mäuse e. V.,81
10629,Charlottenburg-Wilmersdorf,Kindergarten Schlumpfenland e.V.,Wielandstr.,040,Kindergarten Schlumpfenland e.V.,61
10629,Charlottenburg-Wilmersdorf,Kita el caracol bilingualer Kindergarten spanisch/deutsch,Wielandstr.,013,el caracol bilingualer Kindergarten Spanisch / Deutsch gGmbH,42
10629,Charlottenburg-Wilmersdorf,Kita WHITE COCKATOO - Internationaler Kindergarten,Gervinusstr.,017,kids in berlin kib gUG (haftungsbeschränkt),30
10629,Charlottenburg-Wilmersdorf,Kita Sahne-Teufel,Dahlmannstr.,009,Sahne-Teufel e. V.,25
10707,Charlottenburg-Wilmersdorf,Kita Düsseldorfer Straße,Düsseldorfer Str.,053A,Kindertagesstätten Nordwest Eigenbetrieb von Berlin,110
10707,Charlottenburg-Wilmersdorf,Kita el caracol bilingualer Kindergarten spanisch/deutsch,Zähringerstr.,014,el caracol bilingualer Kindergarten Spanisch / Deutsch gGmbH,46
10709,Charlottenburg-Wilmersdorf,Gan Israel II Little Gems,Westfälische Str.,015,Jüdischer Kindergarten Gan Israel e.V.,200
10709,Charlottenburg-Wilmersdorf,Ev. Kita Daniel,Münstersche Str.,008,Ev. Kirchenkreisverband für Kindertageseinrichtungen Berlin-Mitte-West (Kitaverband Mitte-West),115
10709,Charlottenburg-Wilmersdorf,Kita Westfälische Straße,Westfälische Str.,017,Nachbarschaftsheim Schöneberg e.V.,100
10709,Charlottenburg-Wilmersdorf,Waldorfkindergarten Wilmersdorf e.V.,Mansfelder Str.,037,Waldorfkindergarten Wilmersdorf e.V.,75
10709,Charlottenburg-Wilmersdorf,Kita Mi Nido - Mein Nest,Nestorstr.,007,Gemeinnütziger Kindergarten MI NIDO-Mein Nest gGmbH,65
10709,Charlottenburg-Wilmersdorf,Kita Halensee,Paulsborner Str.,086,Ev. Kirchenkreisverband für Kindertageseinrichtungen Berlin-Mitte-West (Kitaverband Mitte-West),60
10709,Charlottenburg-Wilmersdorf,Internationaler Kindergarten,Ravensberger Str.,005B,Internationaler Kindergarten Berlin 1984 gemeinnützige GmbH,60
10709,Charlottenburg-Wilmersdorf,Kath. Kita St. Albertus Magnus,Johann-Georg-Str.,008,Kitas im Erzbistum Berlin-Zweckverband der katholischen Kirchengemeinden,52
10709,Charlottenburg-Wilmersdorf,Kita Beerenkinder,Johann-Georg-Str.,026,Beerenkinder Kindertagesstätten gemeinnützige UG (haftungsbeschränkt),39
10709,Charlottenburg-Wilmersdorf,Waldorfkindergarten TOMTE,Schweidnitzer Str.,003,Waldorfkindergarten TOMTE e.V.,30
10709,Charlottenburg-Wilmersdorf,ABC-Kindergarten Birgit Döbler,Cicerostr.,63,ABC Kindergarten gUG (haftungsbeschränkt),25
10709,Charlottenburg-Wilmersdorf,Kita L'oiseau bleu,Nestorstr.,020,Verein zur Förderung der Kindertagesstätte l'oiseau bleu e.V.,25
10709,Charlottenburg-Wilmersdorf,Kita ZwergNasen,Paulsborner Str.,010,ZwergNasen gGmbH,25
10709,Charlottenburg-Wilmersdorf,Kita Kleine Küken,Eisenzahnstr.,062,Kinderladen Kleine Küken gGmbH,23
10709,Charlottenburg-Wilmersdorf,KangarooGarden - Internationaler Kindergarten,Johann-Georg-Str.,009,kids in berlin kib gUG (haftungsbeschränkt),20
10709,Charlottenburg-Wilmersdorf,Wallaby Kinderbetreuung,Johann-Georg-Str.,010,kids in berlin kib gUG (haftungsbeschränkt),10
10711,Charlottenburg-Wilmersdorf,Kita Papillon Rouge,Katharinenstr.,019,Papillon Kindertagesstätten gGmbH,25
10711,Charlottenburg-Wilmersdorf,MULTI LINGUA Seesener Str. 46,Seesener Str.,044,Early Years gUG,25
10711,Charlottenburg-Wilmersdorf,Multi Lingua Seesener Str. 44,Seesener Str.,044,Kultur Mosaik Berlin gUG (haftungsbeschränkt),25
10711,Charlottenburg-Wilmersdorf,EKT - Wir um vier,Ringbahnstr.,013,Wir um Vier - Verein z. Förderg psychol. orientierter Pädag. u. Elternberatg e.V.,18
10711,Charlottenburg-Wilmersdorf,Kookaburra Kinderbetreuung,Westfälische Str.,057,kids in berlin kib gUG (haftungsbeschränkt),10
10713,Charlottenburg-Wilmersdorf,Kita Wallenbergstr.,Wallenbergstr.,3,Kindertagesstätten Nordwest Eigenbetrieb von Berlin,150
10713,Charlottenburg-Wilmersdorf,Kita AUFGEPASST,Blissestr.,045,AUFGEPASST e.V.,69
10713,Charlottenburg-Wilmersdorf,Kita Kaubstraße,Kaubstr.,002,Nachbarschaftsheim Schöneberg e.V.,38
10713,Charlottenburg-Wilmersdorf,Kita AUFGEPASST,Aachener Str.,045,AUFGEPASST e.V.,30
10713,Charlottenburg-Wilmersdorf,Kita Eulenspiegel - Mittelhof e.V.,Sigmaringer Str.,016,Mittelhof e.V.,25
10713,Charlottenburg-Wilmersdorf,Kita Kleine Küken II,Brandenburgische Str.,084,Kinderladen Kleine Küken gGmbH,25
10713,Charlottenburg-Wilmersdorf,EKT - Maikäfer (Gartenhaus),Brandenburgische Str.,75,M a i k ä f e r e. V.,24
10713,Charlottenburg-Wilmersdorf,EKT Manimatschi,Gieselerstr.,025,EKT Manimatschi e.V.,23
10713,Charlottenburg-Wilmersdorf,Kita Blissestraße,Blissestr.,60,kids in berlin kib gUG (haftungsbeschränkt),21
10713,Charlottenburg-Wilmersdorf,EKT Dreckspatzen,Sigmaringer Str.,016,Dreckspatzen e.V.,20
10713,Charlottenburg-Wilmersdorf,EKT - Kleine Panther,Aachener Str.,042,Kleine Panther e. V.,14
10715,Charlottenburg-Wilmersdorf,Kita Livländische Straße,Livländische Str.,021,Kindertagesstätten Nordwest Eigenbetrieb von Berlin,190
10715,Charlottenburg-Wilmersdorf,Kita Wilhelmsaue,Wilhelmsaue,122,Kindertagesstätten Nordwest Eigenbetrieb von Berlin,105
10715,Charlottenburg-Wilmersdorf,Kita el caracol bilingualer Kindergarten spanisch/deutsch,Straße am Schoelerpark,032,el caracol bilingualer Kindergarten Spanisch / Deutsch gGmbH,82
10715,Charlottenburg-Wilmersdorf,Ev. Kita Auen,Wilhelmsaue,118,Ev. Kirchenkreisverband für Kindertageseinrichtungen Berlin-Mitte-West (Kitaverband Mitte-West),73
10715,Charlottenburg-Wilmersdorf,Kita Am Volkspark 41,Am Volkspark,041,Kitas im Erzbistum Berlin-Zweckverband der katholischen Kirchengemeinden,70
10715,Charlottenburg-Wilmersdorf,Montessori Kinderhaus Kipsi,Weimarische Str.,020,Montessori und Friends Education gGmbH,50
10715,Charlottenburg-Wilmersdorf,EKT - Chiquitita,Am Volkspark,083,Chiquitita e. V.,40
10715,Charlottenburg-Wilmersdorf,Kita Asilo Italiano,Badensche Str.,029,Arbeitskreis praktische Pädagogik e. V.,34
10715,Charlottenburg-Wilmersdorf,EKT - Waldorfkindergarten Rosenhof,Weimarische Str.,005,Waldorfkindergarten Rosenhof e.V.,32
10715,Charlottenburg-Wilmersdorf,EKT Girasole,Durlacher Str.,027,Girasole e.V.,32
10715,Charlottenburg-Wilmersdorf,EKT Wexstr.,Wexstr.,023,Eltern-Initiativ-Kindertagesstätte-Wexstrasse e. V.,25
10715,Charlottenburg-Wilmersdorf,Kindergarten Schlumpfenland 2,Koblenzer Str.,021,Kindergarten Schlumpfenland e.V.,25
10715,Charlottenburg-Wilmersdorf,EKT Kinder - Land in Sicht,Babelsberger Str.,043,Kinder - Land in Sicht e. V.,25
10715,Charlottenburg-Wilmersdorf,Kita Tübinger Straße,Tübinger Str.,001,Nachbarschaftsheim Schöneberg e.V.,25
10715,Charlottenburg-Wilmersdorf,EKT - Arche Noah,Hildegardstr.,016,Elterninitiativ-Kindertagesstätten-Verein Arche Noah e.V.,21
10715,Charlottenburg-Wilmersdorf,EKT Hildegarten,Hildegardstr.,016A,Eltern-Initiativ-Kindertagesstätte Hildegarten e. V.,20
10715,Charlottenburg-Wilmersdorf,EIKITA Felix,Wexstr.,020,EIKITA Felix e. V.,19
10715,Charlottenburg-Wilmersdorf,EKT Wilde Hummeln,Mehlitzstr.,008,"Elterninitiativ-Kindertagesstätten-Verein ""Wilde Hummeln"" e.V.",18
10715,Charlottenburg-Wilmersdorf,EKT Kinderland,Wilhelmsaue,018,"Eltern-Initiative-Kindertagesstätte Kinderland e.V., Wilmersdorf",18
10715,Charlottenburg-Wilmersdorf,EKT - Wilde Hilde,Hildegardstr.,013,Wilde Hilde e. V.,17
10715,Charlottenburg-Wilmersdorf,EKT - Die Lauser,Koblenzer Str.,007,Die Lauser e.V.,17
10715,Charlottenburg-Wilmersdorf,Kita Kinderkiez,Wexstr.,022,Kinderkiez Grün gUG (haftungsbeschränkt),16
10715,Charlottenburg-Wilmersdorf,Kinderladen Mainzelmännchen,Mainzer Str.,025,Kinderladen Mainzelmännchen e. V.,15
10715,Charlottenburg-Wilmersdorf,EKT - Paul und Klärchen,Mainzer Str.,026A,Kinderladen Paul und Klärchen e.V.,15
10715,Charlottenburg-Wilmersdorf,Kita Ourania,Tübinger Str.,009,Ourania e. V.,15
10715,Charlottenburg-Wilmersdorf,Kleiner Freudberg,Durlacher Str.,027,Montessori-Stiftung Berlin (MSB),15
10715,Charlottenburg-Wilmersdorf,Kita Piccolino,Babelsberger Str.,040,Piccolino e.V.,14
10715,Charlottenburg-Wilmersdorf,EKT Land in Sicht,Babelsberger Str.,040,Kinder - Land in Sicht e. V.,12
10717,Charlottenburg-Wilmersdorf,Kita Bundesallee,Bundesallee,186,Private Kant-Schulen gGmbH,85
10717,Charlottenburg-Wilmersdorf,Kita Aventura Nikolsburg,Nikolsburger Platz,006,Aventura Nikolsburg KiTa UG (haftungsbeschränkt),50
10717,Charlottenburg-Wilmersdorf,Kita mima,Güntzelstr.,030,Kita mima GmbH,48
10717,Charlottenburg-Wilmersdorf,EKT Sankofa,Bundesallee,038,Sankofa e. V.,48
10717,Charlottenburg-Wilmersdorf,EKT - Kiga für musische und sprachliche Erziehung,Gasteiner Str.,014,Kindergarten für musische und sprachliche Erziehung e.V.,35
10717,Charlottenburg-Wilmersdorf,Kita Prinzregentenstraße,Prinzregentenstr.,097,Nachbarschaftsheim Schöneberg e.V.,35
10717,Charlottenburg-Wilmersdorf,Kita Raduga,Fechnerstr.,018,Kita Raduga Verein zur Förderung der Sprachen und Sinne e. V.,31
10717,Charlottenburg-Wilmersdorf,"EKT ""Kajtek"" - Verein zur Förderung polnischer Sprache",Holsteinische Str.,054,Verein zur Förderung Polnischer Sprache im Vorschulalter e. V.,26
10717,Charlottenburg-Wilmersdorf,Kita Raduga Pfalzburger Straße,Pfalzburger Str.,040,Kita Raduga Verein zur Förderung der Sprachen und Sinne e. V.,25
10717,Charlottenburg-Wilmersdorf,Kita Trautenaustraße,Trautenaustr.,018,Aventura Nikolsburg KiTa UG (haftungsbeschränkt),25
10717,Charlottenburg-Wilmersdorf,Kita Aventureros,Nikolsburger Platz,006,Aventura Nikolsburg KiTa UG (haftungsbeschränkt),25
10717,Charlottenburg-Wilmersdorf,EKT Prinz Güntzel,Prinzregentenstr.,090,Eltern-Kinder-Tagesstätte Prinz Güntzel e.V.,23
10717,Charlottenburg-Wilmersdorf,EKT - Donnerbagger,Fechnerstr.,013,Donnerbagger - Verein für kindliche Bewegungstherapie e. V.,20
10717,Charlottenburg-Wilmersdorf,Kita Ourania,Holsteinische Str.,055,Ourania e. V.,20
10717,Charlottenburg-Wilmersdorf,EKT Narrenfreiheit,Nassauische Str.,020,EKT Narrenfreiheit e.V.,18
10717,Charlottenburg-Wilmersdorf,EKT - Trolle,Nikolsburger Str.,008,Kinderladen Trolle e.V.,18
10717,Charlottenburg-Wilmersdorf,Kita der Schwedischen Victoriagemeinde,Landhausstr.,026,Schwedische Victoriagemeinde e.V.,17
10719,Charlottenburg-Wilmersdorf,Kath. Kita St. Ludwig,Ludwigkirchplatz,010,Kitas im Erzbistum Berlin-Zweckverband der katholischen Kirchengemeinden,100
10719,Charlottenburg-Wilmersdorf,Kita el caracol bilingualer Kindergarten spanisch/deutsch,Pfalzburger Str.,014,el caracol bilingualer Kindergarten Spanisch / Deutsch gGmbH,45
10719,Charlottenburg-Wilmersdorf,Deutsch-Englischer Kindergarten Lilolei,Pfalzburger Str.,062,Deutsch-Englischer Kindergarten Lilolei e.V.,30
10719,Charlottenburg-Wilmersdorf,EKT - Finowkids,Pariser Str.,003,Finowkids e.V.,25
10719,Charlottenburg-Wilmersdorf,Kinderladen Phönix,Pfalzburger Str.,009,Kinderladen Phönix e. V.,25
10719,Charlottenburg-Wilmersdorf,Nezabudki,Schaperstr.,010,Blagovest e. V.,25
10719,Charlottenburg-Wilmersdorf,Bärenbande,Uhlandstr.,141,Mini Bande gUG,25
10719,Charlottenburg-Wilmersdorf,Kita Lila Prinzen,Emser Str.,39,Lila Prinzen gGmbH,17
10777,Tempelhof-Schöneberg,Kita Motzstr. 33/Kitas Süd-West,Motzstr.,033,Kindertagesstätten Berlin Süd-West,170
10777,Tempelhof-Schöneberg,Kenntnisreich Kindertagesstätte No 31,Nollendorfstr.,031,Kenntnisreich Kindertagesstätten gGmbH,60
10777,Tempelhof-Schöneberg,Kindertagesstätte Viktoria-Luise-Platz,Viktoria-Luise-Platz,001,Ev. Kirchenkreisverband für Kindertageseinrichtungen Berlin-Mitte-West (Kitaverband Mitte-West),55
10777,Tempelhof-Schöneberg,Kita Fuggerstaße,Fuggerstr.,037,KITA Fuggerstraße e.V.,40
10777,Tempelhof-Schöneberg,Kita Safina,Geisbergstr.,028,HadeWe-Integra gemeinnützige GmbH,36
10777,Tempelhof-Schöneberg,EKT L' Angolino,Ansbacher Str.,041,Eltern-Initiativ-Kindertagesstätte L'angolino e.V.,30
10777,Tempelhof-Schöneberg,EKT - Knuddelmuddel,Ansbacher Str.,063,Knuddelmuddel e.V.,19
10777,Tempelhof-Schöneberg,Kita Safina,Geisbergstr.,029,HadeWe-Integra gemeinnützige GmbH,18
10777,Tempelhof-Schöneberg,Kita Dachsbau,Münchener Str.,003,TÄKS e. V.,17
10777,Tempelhof-Schöneberg,EKT - Abrakadabra,Motzstr.,63,Abrakadabra e.V.,14
10779,Charlottenburg-Wilmersdorf,Kita Prager Straße,Prager Str.,006,Kindertagesstätten Nordwest Eigenbetrieb von Berlin,128
10779,Tempelhof-Schöneberg,Kita Rosenheimer Straße,Rosenheimer Str.,020B,INA.KINDER.GARTEN gGmbH,80
10779,Charlottenburg-Wilmersdorf,Kita Rasselbande,Nachodstr.,019,Kindergarten Rasselbande gGmbH,30
10779,Charlottenburg-Wilmersdorf,Aventura Motzstr.,Motzstr.,087,Aventura Nikolsburg KiTa UG (haftungsbeschränkt),25
10779,Charlottenburg-Wilmersdorf,Aventureros Nachodstraße,Nachodstr.,024,Aventura Nikolsburg KiTa UG (haftungsbeschränkt),25
10779,Tempelhof-Schöneberg,Kita Die Kunstmäuse,Bamberger Str.,041,World of FanMi gGmbH,25
10779,Charlottenburg-Wilmersdorf,Mini Aventura,Prager Str.,2A,Aventura Nikolsburg KiTa UG (haftungsbeschränkt),18
10781,Tempelhof-Schöneberg,Kita Frankenstraße,Frankenstr.,008,INA.KINDER.GARTEN gGmbH,160
10781,Tempelhof-Schöneberg,Kita am Kleistpark,Elßholzstr.,029,Nachbarschaftsheim Schöneberg e.V.,130
10781,Tempelhof-Schöneberg,Kita Barbarossastraße des Pestalozzi-Fröbel-Hauses,Barbarossastr.,64,Pestalozzi-Fröbel-Haus Stiftung des öffentlichen Rechts,70
10781,Tempelhof-Schöneberg,Kath. Kita St. Matthias,Hohenstaufenstr.,003,Kitas im Erzbistum Berlin-Zweckverband der katholischen Kirchengemeinden,70
10781,Tempelhof-Schöneberg,Wunderkids Schöneberg,Frankenstr.,012,W und W Wunderkids gGmbH,55
10781,Tempelhof-Schöneberg,Kinder- und Schülerladen Manno,Hohenstaufenstr.,010A,Kinderladen Manno e.V.,38
10781,Tempelhof-Schöneberg,Kita Pallasseum,Pallasstr.,003,Stadtteilverein Schöneberg e.V.,30
10781,Tempelhof-Schöneberg,Trolle Schöneberg,Kyffhäuserstr.,019,Trolle Schöneberg e.V.,20
10781,Tempelhof-Schöneberg,EKT Konfetti,Gleditschstr.,40,Eltern-Initiativ-Kindertagesstätte Konfetti e. V.,16
10781,Tempelhof-Schöneberg,EKT - Frechdachs,Rosenheimer Str.,028,FRECHDACHS e.V.,16
10781,Tempelhof-Schöneberg,EKT Feuerkäfer,Frankenstr.,015,Feuerkäfer e.V. - Verein zur Förderung frühkindlicher Sozialisation,15
10783,Tempelhof-Schöneberg,Kita Haus der Kinder,Kurmärkische Str.,2,FiPP e. V. - Fortbildungsinstitut für die pädagogische Praxis,134
10783,Tempelhof-Schöneberg,Kita Bülowstraße,Bülowstr.,035,INA.KINDER.GARTEN gGmbH,130
10783,Tempelhof-Schöneberg,Kita im Palasseum,Potsdamer Str.,170B,Stadtteilverein Schöneberg e.V.,45
10783,Tempelhof-Schöneberg,Schöneberger Zwerge,Mansteinstr.,013,Hauptstadtzwerge gGmbH,25
10783,Tempelhof-Schöneberg,EKT - Bülowstr.,Bülowstr.,052,Eltern-Initiativ-Kindertagesstätte Bülowstrasse e.V.,16
10783,Tempelhof-Schöneberg,EKT - Murkel,Mansteinstr.,006,Elterninitiativ-Kindertagesstätte Murkel e. V.,15
10783,Tempelhof-Schöneberg,Kita Goebenstraße 8,Goebenstr.,8,Stadtteilverein Schöneberg e.V.,15
10785,Mitte,FRÖBEL Kindergarten Stepping Stones,Lützowstr.,106,Fröbel Bildung und Erziehung gGmbH,170
10785,Mitte,KITA Sonnenschein,Pohlstr.,087,Käpt'n Browser gemeinnützige Gesellschaft mit beschränkter Haftung,135
10785,Mitte,KiBiLuga,Bissingzeile,015,Orte für Kinder GmbH,130
10785,Mitte,Kita Lützowstraße,Lützowstr.,061,INA.KINDER.GARTEN gGmbH,115
10785,Mitte,AWO Kita Maulwurf,Lützowstr.,083,Arbeiterwohlfahrt Kreisverband Berlin-Mitte e.V.,100
10785,Tempelhof-Schöneberg,Kita MITRA,Kurfürstenstr.,135,MITRA bilinguale Kindergärten gemeinnützige GmbH,90
10785,Friedrichshain-Kreuzberg,Humanistische Kindertagesstätte Flottwellstraße,Flottwellstr.,44A,"Humanistischer Verband Deutschlands, Landesverband Berlin-Brandenburg KdöR",32
10785,Mitte,Kita am Lützowplatz 1,Lützowplatz,001,Kenntnisreich Kindertagesstätten gGmbH,30
10785,Mitte,Kita Bahnhof,Lützowstr.,068,Vielfalt auf Augenhöhe gGmbH,25
10785,Mitte,EKT - Cocorico et Co,Kluckstr.,029,COCORICO et Co. e. V.,19
10785,Mitte,Heilpädagogische Gruppe Kita Sonnenschein,Pohlstr.,087,Käpt'n Browser gemeinnützige Gesellschaft mit beschränkter Haftung,5
10787,Mitte,Kenntnisreich Kindertagesstätte Am Zoo,Katharina-Heinroth-Ufer,001,Kenntnisreich Kindertagesstätten gGmbH,39
10787,Mitte,Kita Kleine Weltkinder,Keithstr.,39,Bildungshafen gUG,21
10789,Tempelhof-Schöneberg,BOOT-Kita Augsburg,Augsburger Str.,012,Gemeinnützige BOOT GmbH,165
10789,Charlottenburg-Wilmersdorf,Ev. Kita Kaiser-Wilhelm-Gedächtnis,Lietzenburger Str.,039,Ev. Kirchenkreisverband für Kindertageseinrichtungen Berlin-Mitte-West (Kitaverband Mitte-West),60
10789,Charlottenburg-Wilmersdorf,Kita Masorti I,Eislebener Str.,4,Masorti e.V. - Verein zur Förderung der jüdischen Bildung und des jüdischen Lebens,51
10789,Charlottenburg-Wilmersdorf,Masorti II,Eislebener Str.,004,Masorti e.V. - Verein zur Förderung der jüdischen Bildung und des jüdischen Lebens,36
10823,Tempelhof-Schöneberg,Kita Vorbergstraße,Vorbergstr.,015,Nachbarschaftsheim Schöneberg e.V.,153
10823,Tempelhof-Schöneberg,Kita Belziger Straße des Pestalozzi-Fröbel-Hauses,Belziger Str.,14,Pestalozzi-Fröbel-Haus Stiftung des öffentlichen Rechts,106
10823,Tempelhof-Schöneberg,Ev. Kindertagesstätte Alt-Schöneberg,Dominicusstr.,21A,Ev. Kirchenkreisverband für Kindertageseinrichtungen Berlin-Mitte-West (Kitaverband Mitte-West),70
10823,Tempelhof-Schöneberg,Kath. Kita St. Norbert,Dominicusstr.,019A,Kitas im Erzbistum Berlin-Zweckverband der katholischen Kirchengemeinden,70
10823,Tempelhof-Schöneberg,Kindergarten Purzelbaum,Eisenacher Str.,081,planned child gGmbH,60
10823,Tempelhof-Schöneberg,Ev. Kita Apostel-Paulus,Klixstr.,002,Ev. Kirchenkreisverband für Kindertageseinrichtungen Berlin-Mitte-West (Kitaverband Mitte-West),36
10823,Tempelhof-Schöneberg,Ei-Kita Humpty Dumpty,Wartburgstr.,006,Ei-Kita Humpty Dumpty e.V.,25
10823,Tempelhof-Schöneberg,Kita Löwenzahn,Eisenacher Str.,044,World of FanMi gGmbH,20
10823,Tempelhof-Schöneberg,Naturdetektive Kita Belziger,Belziger Str.,064,Naturdetektive gUG (haftungsbeschränkt),20
10823,Tempelhof-Schöneberg,EKT Kleine Ungeheuer,Vorbergstr.,002,"Eltern-Initiativ-Kindertagesstätte ""Kleine Ungeheuer"" e.V.",18
10823,Tempelhof-Schöneberg,EKT Nusskasper,Merseburger Str.,004,Gruppe-Nuß-Kasper e. V.,17
10823,Tempelhof-Schöneberg,EKT Affentheater,Merseburger Str.,005,Affentheater e.V.,17
10825,Tempelhof-Schöneberg,Kita am Park,Freiherr-vom-Stein-Str.,15,Nachbarschaftsheim Schöneberg e.V.,200
10825,Tempelhof-Schöneberg,Kita Freiherr-vom-Stein-Straße,Freiherr-vom-Stein-Str.,013,Nachbarschaftsheim Schöneberg e.V.,90
10825,Tempelhof-Schöneberg,Kita an der HWR Berlin,Badensche Str.,050,studierendenWERK BERLIN,45
10825,Tempelhof-Schöneberg,Kita Safina,Innsbrucker Str.,042,HadeWe-Integra gemeinnützige GmbH,25
10825,Tempelhof-Schöneberg,EKT - Amtomokarasachmo,Salzburger Str.,007,Eltern-Initiativ-Kindertagesstätte Amtomokarasachmo e. V.,15
10827,Tempelhof-Schöneberg,Kita Ebersstr. 19/Kitas Süd-West,Ebersstr.,019,Kindertagesstätten Berlin Süd-West,153
10827,Tempelhof-Schöneberg,Kita Crellestraße/Kitas Süd-West,Crellestr.,016B,Kindertagesstätten Berlin Süd-West,133
10827,Tempelhof-Schöneberg,Europa-Kindergarten Max und Moritz,Kärntener Str.,027,Europa-Kindergarten Max und Moritz gGmbH,88
10827,Tempelhof-Schöneberg,Kita Neue Steinmetzstraße,Neue Steinmetzstr.,001,INA.KINDER.GARTEN gGmbH,79
10827,Tempelhof-Schöneberg,Kita am Lassenpark/Kitas Süd-West,Hauptstr.,043,Kindertagesstätten Berlin Süd-West,65
10827,Tempelhof-Schöneberg,Kita Rosen,Albertstr.,014,SHP für Bildung gGmbH,62
10827,Tempelhof-Schöneberg,Ev. Kita Silas,Großgörschenstr.,010,Ev. Kirchenkreisverband für Kindertageseinrichtungen Berlin-Mitte-West (Kitaverband Mitte-West),47
10827,Tempelhof-Schöneberg,Kita Wilde 13,Fritz-Reuter-Str.,008,TÄKS e. V.,36
10827,Tempelhof-Schöneberg,EKT Onnimanni,Kärntener Str.,011,Eltern-Initiativ-Kindertagesstätte: Onnimanni e. V.,25
10827,Tempelhof-Schöneberg,Kita Vögelchen,Gustav-Freytag-Str.,8,Vielfalt auf Augenhöhe gGmbH,25
10827,Tempelhof-Schöneberg,Kinderladen Stadtmäuse,Ebersstr.,018,Stadtmäuse e. V.,24
10827,Tempelhof-Schöneberg,EKT - Amsel,Ebersstr.,040,"Arbeiten mit Schülern, Eltern + Lehrern A.M.S.E.L. e.V.",20
10827,Tempelhof-Schöneberg,EKT Zappzarapp,Ebersstr.,012,EIKITA ZAPPZARAPP - Eltern-Initiativ-Kindertagesstätte e.V.,17
10827,Tempelhof-Schöneberg,EKT - Rübezahl,Feurigstr.,053,"Elterninitiativkindergarten ""Rübezahl"" e. V.",17
10827,Tempelhof-Schöneberg,Evangelisch-Freikirchliche Gemeinde Berlin Schöneberg (nur Sprachförderung),Hauptstr.,125A,Edusation - gemeinnützige Gesellschaft für Integration und Sprachförderung mbH,17
10829,Tempelhof-Schöneberg,BOOT-Kita Sonneninsel,Leberstr.,069,Gemeinnützige BOOT GmbH,155
10829,Tempelhof-Schöneberg,Kita Hochkirchstraße,Hochkirchstr.,15,FiPP e. V. - Fortbildungsinstitut für die pädagogische Praxis,95
10829,Tempelhof-Schöneberg,Ev. Kita Königin-Luise,Cheruskerstr.,028,Ev. Kirchenkreisverband für Kindertageseinrichtungen Berlin-Mitte-West (Kitaverband Mitte-West),90
10829,Tempelhof-Schöneberg,"Kita ""Kleine Wikinger""",Quartiersweg,009,Step Kids Kitas gemeinnützige GmbH,78
10829,Tempelhof-Schöneberg,EKT - Verein zur Förderung vorschulischer Erziehung,Brunhildstr.,015,Verein zur Förderung vorschulischer Erziehung e. V.,65
10829,Tempelhof-Schöneberg,Kindergarten der Johannes-Schule Berlin,Monumentenstr.,13A,Waldorf-Südwest gemeinnützige GmbH,65
10829,Tempelhof-Schöneberg,Kita Rosas Turm,Gustav-Müller-Platz,004,TÄKS e. V.,56
10829,Tempelhof-Schöneberg,Kita Inselläden-Inselkinder,Gotenstr.,018,TÄKS e. V.,56
10829,Tempelhof-Schöneberg,Kath. Kita St. Elisabeth,Kolonnenstr.,040,Kitas im Erzbistum Berlin-Zweckverband der katholischen Kirchengemeinden,50
10829,Tempelhof-Schöneberg,Kita Ella-Barowsky-Str.,Ella-Barowsky-Str.,015,INA.KINDER.GARTEN gGmbH,50
10829,Tempelhof-Schöneberg,Rosarote Tiger,Ella-Barowsky-Str.,29A,Schwulenberatung Berlin gGmbH,48
10829,Tempelhof-Schöneberg,Kita Weltbestauner,Hohenfriedbergstr.,018,TÄKS e. V.,46
10829,Tempelhof-Schöneberg,Gelbgrüne Panther,Ella-Barowsky-Str.,027,Schwulenberatung Berlin gGmbH,45
10829,Tempelhof-Schöneberg,Kita am Gleis,Bautzener Str.,021,Mahalo gGmbH,33
10829,Tempelhof-Schöneberg,Kick Kinder- und Schülerladen,Monumentenstr.,003,Stadtteilverein Schöneberg e.V.,30
10829,Tempelhof-Schöneberg,Kita Little Wombat,Naumannstr.,006,kids in berlin kib gUG (haftungsbeschränkt),25
10829,Tempelhof-Schöneberg,Kita Gustav-Müller-Platz 2,Gustav-Müller-Platz,2,Stadtteilverein Schöneberg e.V.,24
10829,Tempelhof-Schöneberg,EKT - Brei nach Neun,Leuthener Str.,008,Brei nach Neun e. V.,20
10829,Tempelhof-Schöneberg,Kinderladen Pusteblume,Geßlerstr.,008,KINDERLADEN PUSTEBLUME e. V.,20
10829,Tempelhof-Schöneberg,Kita Tulpen,Naumannstr.,007,SHP für Bildung gGmbH,20
10829,Tempelhof-Schöneberg,EKT - Kindergruppe Bunte Knospe,Gustav-Müller-Platz,005,Kindergruppe Bunte Knospe e. V.,16
10829,Tempelhof-Schöneberg,EKT - Die Meckerbeine,Cheruskerstr.,017,die Meckerbeine e.V.,15
10829,Tempelhof-Schöneberg,EKT - Lilo Leopard,Gotenstr.,071,Lilo Leopard e. V.,12
10961,Friedrichshain-Kreuzberg,Kita Baerwaldstr. 18/Kigä City,Baerwaldstr.,018,Kindergärten City,185
10961,Friedrichshain-Kreuzberg,Kita Lingulino,Solmsstr.,001,Arbeiterwohlfahrt Kreisverband Berlin Spree-Wuhle e.V.,131
10961,Friedrichshain-Kreuzberg,AWO Kita Löwenzahn,Baerwaldstr.,056,Arbeiterwohlfahrt Kreisverband Berlin-Mitte e.V.,112
10961,Friedrichshain-Kreuzberg,EKT - Kindervilla Waldemar,Johanniterstr.,017,VEREIN KINDERVILLA WALDEMAR e. V.,102
10961,Friedrichshain-Kreuzberg,Evangelische Kita Arche,Zossener Str.,022,Ev. Kirchenkreisverband für Kindertageseinrichtungen Berlin Mitte-Nord,98
10961,Friedrichshain-Kreuzberg,AWO Europakita,Blücherstr.,046,Arbeiterwohlfahrt Kreisverband Berlin-Mitte e.V.,93
10961,Friedrichshain-Kreuzberg,Stadtteil-Kita Blücherstraße,Blücherstr.,25,Juwo - Kita gGmbH,80
10961,Friedrichshain-Kreuzberg,EKT - Die Panzerknacker,Riemannstr.,017,Die Panzerknacker e.V.,36
10961,Friedrichshain-Kreuzberg,Kita Spielhaus/Nachbarschaftshaus Urbanstr.,Urbanstr.,021,Nachbarschaftshaus Urbanstr. e.V.,36
10961,Friedrichshain-Kreuzberg,EKT Girotondo,Bergmannstr.,098,Eltern-Initiativ-Kindertagesstätte Girotondo e. V.,30
10961,Friedrichshain-Kreuzberg,Kita Blücherstraße 33,Blücherstr.,033,Üstün Bildungsstätte gGmbH,28
10961,Friedrichshain-Kreuzberg,EKT Löwenherz & Spunk e.V.,Bergmannstr.,068,EiKita Löwenherz & Spunk e.V.,25
10961,Friedrichshain-Kreuzberg,Integrationskinderladen Fidicinis,Solmsstr.,022,fidicinis e.V.,24
10961,Friedrichshain-Kreuzberg,EKT Krümelmonster e.V.,Bergmannstr.,003,Krümelmonster e.V.,20
10961,Friedrichshain-Kreuzberg,Kinderladen Klara Kirschkern,Nostitzstr.,025,Kirschkern e.V.,18
10961,Friedrichshain-Kreuzberg,Montehaus Piepmatz,Bergmannstr.,005,Montehaus Piepmatz gGmbH,18
10961,Friedrichshain-Kreuzberg,EKT - Tigerente,Bergmannstr.,012,TIGERENTE e.V.,16
10961,Friedrichshain-Kreuzberg,EKT Springteufel,Mittenwalder Str.,047,Springteufel e. V.,16
10961,Friedrichshain-Kreuzberg,Kinderladen Grüffelo,Zossener Str.,036,Kinderladen Grüffelo e.V.,15
10961,Friedrichshain-Kreuzberg,EKT Guten Tag Kinder,Fürbringerstr.,027,Guten Tag Kinder e.V.,14
10963,Friedrichshain-Kreuzberg,Kita Sonnenschein,Wartenburgstr.,006,Arbeiterwohlfahrt Kreisverband Berlin Spree-Wuhle e.V.,160
10963,Friedrichshain-Kreuzberg,Kita Wilhelmstr. 14a/Kigä City,Wilhelmstr.,014A,Kindergärten City,139
10963,Friedrichshain-Kreuzberg,Kita Traumbaum,Dessauer Str.,027,Orte für Kinder GmbH,120
10963,Friedrichshain-Kreuzberg,Kita im tam.,Wilhelmstr.,116,Diakonisches Werk Berlin Stadtmitte e.V.,115
10963,Friedrichshain-Kreuzberg,Humanistische Kindertagesstätte Möckernstraße 139,Möckernstr.,139,"Humanistischer Verband Deutschlands, Landesverband Berlin-Brandenburg KdöR",80
10963,Friedrichshain-Kreuzberg,"""Kita Leuchttum""",Wartenburgstr.,007,Ev. Kirchenkreisverband für Kindertageseinrichtungen Berlin Mitte-Nord,65
10963,Friedrichshain-Kreuzberg,Kita EMMA APFEL,Hornstr.,013,EMMA gemeinnützige GmbH,50
10963,Friedrichshain-Kreuzberg,Kita Robinienwäldchen,Hallesches Ufer,54,"Nestwärme - Verein zur Betreuung u. Beratung von AIDS-betroffenen Familien, Kindern u. Jugendlichen e.V.",48
10963,Friedrichshain-Kreuzberg,Kita Trauminsel,Wilhelmstr.,003,Trauminsel e.V.,43
10963,Friedrichshain-Kreuzberg,Kita EMMA&JONTE,Obentrautstr.,52,EMMA gemeinnützige GmbH,25
10963,Friedrichshain-Kreuzberg,Kita Bienchen,Hedemannstr.,007,Bilingua gGmbH,24
10963,Friedrichshain-Kreuzberg,EKT - Nasreddin,Großbeerenstr.,094,Nasreddin e.V.,22
10963,Friedrichshain-Kreuzberg,Kita Trauminsel,Wilhelmstr.,015,Trauminsel e.V.,20
10963,Friedrichshain-Kreuzberg,Möckernkiez 6,Möckernkiez,006,EMMA gemeinnützige GmbH,20
10963,Friedrichshain-Kreuzberg,EKT - Trompete,Großbeerenstr.,013,Kinderladen TROMPETE e.V.,16
10963,Friedrichshain-Kreuzberg,Kita Stresemannstraße,Stresemannstr.,035,Nasreddin e.V.,13
10965,Friedrichshain-Kreuzberg,Kita Mehringdamm 116/Kigä City,Mehringdamm,116,Kindergärten City,167
10965,Friedrichshain-Kreuzberg,"Kindertagesstätte ""Faros""",Kreuzbergstr.,047,Diakonisches Werk Berlin Stadtmitte e.V.,115
10965,Friedrichshain-Kreuzberg,Kita Methfesselstr. 14/Kigä City,Methfesselstr.,014,Kindergärten City,92
10965,Friedrichshain-Kreuzberg,Kita Schwiebusser Str. 5/Kigä City,Schwiebusser Str.,005,Kindergärten City,90
10965,Tempelhof-Schöneberg,LOK 18,Am Lokdepot,016,TÄKS e. V.,50
10965,Friedrichshain-Kreuzberg,EKT - Zinnober,Hagelberger Str.,052,Zinnober e.V.,47
10965,Friedrichshain-Kreuzberg,Kita Blauwal,Schwiebusser Str.,006,Ev. Kirchenkreisverband für Kindertageseinrichtungen Berlin Mitte-Nord,36
10965,Friedrichshain-Kreuzberg,Kita Eylauer Str. 15 A,Eylauer Str.,15A,Kenntnisreich Kindertagesstätten gGmbH,36
10965,Friedrichshain-Kreuzberg,EKT - Krümelmonster e.V.,Möckernstr.,076,Krümelmonster e.V.,30
10965,Friedrichshain-Kreuzberg,Kita Farbkleckse,Eylauer Str.,013,Üstün Bildungsstätte gGmbH,26
10965,Friedrichshain-Kreuzberg,Kita Tausend Fühler /Nachbarschaftshs Urbanstr.,Friesenstr.,004,Nachbarschaftshaus Urbanstr. e.V.,25
10965,Friedrichshain-Kreuzberg,EKT Katzbachstraße,Katzbachstr.,029,Neues aus Kreuzberg e. V.,25
10965,Tempelhof-Schöneberg,EKT Al Naml - Die Ameisen,Dudenstr.,017,Aalem el Atfal - Welt der Kinder e. V.,25
10965,Friedrichshain-Kreuzberg,Kita Willibald-Alexis-Straße,Willibald-Alexis-Str.,043,EKT Combo e.V.,23
10965,Friedrichshain-Kreuzberg,EKT - Katzbach-Piraten,Katzbachstr.,019,KATZBACH-PIRATEN e.V.,23
10965,Friedrichshain-Kreuzberg,EKT - Kulturschlüssel,Großbeerenstr.,056C,Kulturschlüssel e.V.,23
10965,Friedrichshain-Kreuzberg,EKT - Kinderladen Luftabong,Yorckstr.,088H,Kinderladen LUFTABONG e. V.,20
10965,Friedrichshain-Kreuzberg,EKT - Macht nix,Kreuzbergstr.,043,Macht nix e.V.,20
10965,Friedrichshain-Kreuzberg,EKT - Krötenpfuhl,Heimstr.,007,Krötenpfuhl e. V.,18
10965,Friedrichshain-Kreuzberg,EKT - Zippel und Zappel,Heimstr.,015,Zippel und Zappel e.V.,17
10965,Friedrichshain-Kreuzberg,EKT Fino und Fleur,Jüterboger Str.,008,FINO und FLEUR e.V.,17
10965,Friedrichshain-Kreuzberg,Kinderladen Kalle Kirschkern,Fidicinstr.,032,Kirschkern e.V.,16
10965,Friedrichshain-Kreuzberg,EKT - Macht nix,Katzbachstr.,012,Macht nix e.V.,15
10965,Friedrichshain-Kreuzberg,"EKT - ""Wildblume"" e.V.",Heimstr.,16,"Integrations-Kinderladen ""Wildblume"" e.V.",15
10965,Friedrichshain-Kreuzberg,Kita Monumentenbande e.V.,Monumentenstr.,016,Monumentenbande e. V.,15
10965,Friedrichshain-Kreuzberg,EKT - Veda-Lila Kindergarten,Arndtstr.,042,Veda-Lila-Kindergarten e.V.,15
10965,Friedrichshain-Kreuzberg,"EKT - ""Wildblume"" e.V.",Fidicinstr.,23,"Integrations-Kinderladen ""Wildblume"" e.V.",15
10967,Friedrichshain-Kreuzberg,Kindertagesstätte Fontanepromenade 14,Fontanepromenade,014,Diakonisches Werk Berlin Stadtmitte e.V.,165
10967,Friedrichshain-Kreuzberg,Kita Urbanstr. 48k/Kigä City,Urbanstr.,048K,Kindergärten City,136
10967,Friedrichshain-Kreuzberg,Kita Planufer 81/Kigä City,Planufer,081,Kindergärten City,135
10967,Friedrichshain-Kreuzberg,Kita Urbanstr. 62/Kigä City,Urbanstr.,062,Kindergärten City,90
10967,Friedrichshain-Kreuzberg,EKT - Mondlicht I,Böckhstr.,011,"Frauenverein ""Cemiyet-i Nisa"" Verein zur Förderung der Familie und Jugend e.V.",51
10967,Friedrichshain-Kreuzberg,Kita Planufer 77/Kigä City,Planufer,077,Kindergärten City,50
10967,Friedrichshain-Kreuzberg,Ev. Kita Melanchthon,Planufer,084,Ev. Kirchenkreisverband für Kindertageseinrichtungen Berlin Mitte-Nord,50
10967,Friedrichshain-Kreuzberg,Kiezpiraten,Urbanstr.,137,TÄKS e. V.,45
10967,Friedrichshain-Kreuzberg,Kita Sonnenblümchen,Graefestr.,043,Kita Sonnenblümchen gemeinnützige GmbH,42
10967,Neukölln,Löffelohr,Hasenheide,074,Loftschloss gGmbH,40
10967,Friedrichshain-Kreuzberg,EKT - Mondsichel,Boppstr.,004,"Frauenverein ""Cemiyet-i Nisa"" Verein zur Förderung der Familie und Jugend e.V.",36
10967,Friedrichshain-Kreuzberg,Kinderladen Jule Kirschkern,Hasenheide,056,Kirschkern e.V.,30
10967,Friedrichshain-Kreuzberg,EKT - Neumond,Jahnstr.,014,"Frauenverein ""Cemiyet-i Nisa"" Verein zur Förderung der Familie und Jugend e.V.",30
10967,Friedrichshain-Kreuzberg,EKT - Knatterbande,Graefestr.,006,Knatterbande e. V.,30
10967,Friedrichshain-Kreuzberg,EKT Minifee,Dieffenbachstr.,076,Minifee e. V.,25
10967,Friedrichshain-Kreuzberg,EKT - Knulp,Jahnstr.,007,Kinderladen Knulp e.V.,25
10967,Friedrichshain-Kreuzberg,Frühblüher e.V.,Graefestr.,084,Frühblüher e.V.,25
10967,Friedrichshain-Kreuzberg,EKT Bunte Mischung,Böckhstr.,048,Bunte Mischung e.V.,25
10967,Friedrichshain-Kreuzberg,Kinderladen Frieda Kirschkern,Dieffenbachstr.,027,Kirschkern e.V.,25
10967,Friedrichshain-Kreuzberg,Kita Fontanepromenade,Fontanepromenade,010,Ingrids Kindergarten e.V.,22
10967,Friedrichshain-Kreuzberg,EKT - Pittiplatsch,Böckhstr.,021,Pittiplatsch e.V.,21
10967,Friedrichshain-Kreuzberg,Kinderladen Kreuzbären,Boppstr.,009,Kinderladen Kreuzbären e.V.,20
10967,Friedrichshain-Kreuzberg,EKT - Alles Banane,Graefestr.,039,Alles Banane e.V.,19
10967,Friedrichshain-Kreuzberg,EKT Räuberhöhle,Planufer,092,EKT Räuberhöhle e.V.,18
10967,Friedrichshain-Kreuzberg,EKT Herzlichtgarten,Hasenheide,051,Herzlichtgarten e.V.,18
10967,Friedrichshain-Kreuzberg,Kita Kinder Werk Stadt,Fichtestr.,019A,Kinder Werk Stadt e.V.,17
10967,Friedrichshain-Kreuzberg,EKT - Knatterpampe,Böckhstr.,045,Knatterpampe e.V.,16
10967,Friedrichshain-Kreuzberg,EKT Optimisten,Grimmstr.,001A,Eikita Optimisten e. V.,13
10969,Friedrichshain-Kreuzberg,Kita Lobeckstr. 11/Kigä City,Lobeckstr.,011,Kindergärten City,190
10969,Friedrichshain-Kreuzberg,Kita Kochstr. 8/Kigä City,Kochstr.,008,Kindergärten City,185
10969,Friedrichshain-Kreuzberg,Kita Oranienstraße,Oranienstr.,56,Pfefferwerk Stadtkultur gGmbH,168
10969,Friedrichshain-Kreuzberg,Kita Stallschreiber Str.13,Stallschreiberstr.,013,Orte für Kinder GmbH,130
10969,Friedrichshain-Kreuzberg,Kita Markgrafenstraße,Markgrafenstr.,080,INA.KINDER.GARTEN gGmbH,105
10969,Friedrichshain-Kreuzberg,Nestwärme,Ritterstr.,36,"Nestwärme - Verein zur Betreuung u. Beratung von AIDS-betroffenen Familien, Kindern u. Jugendlichen e.V.",105
10969,Friedrichshain-Kreuzberg,Waldorfkindergarten Kreuzberg,Alte Jakobstr.,010,Waldorfkindergarten Kreuzberg e.V.,100
10969,Friedrichshain-Kreuzberg,Ev. Kita St. Simeon,Wassertorstr.,021A,Ev. Kirchenkreisverband für Kindertageseinrichtungen Berlin Mitte-Nord,90
10969,Friedrichshain-Kreuzberg,Kita Wolkenzwerge,Markgrafenstr.,20,PME Familienservice gGmbH - Zweigniederlassung Berlin,85
10969,Friedrichshain-Kreuzberg,EKT- Kindervilla Waldemar (Springerareal),Markgrafenstr.,015A,VEREIN KINDERVILLA WALDEMAR e. V.,80
10969,Friedrichshain-Kreuzberg,Wildfang Kindergarten auf dem Dach,Prinzenstr.,85D,"""Wildfang"" Kinder gGmbH",73
10969,Friedrichshain-Kreuzberg,Kita Milchstraße,Alte Jakobstr.,135,Kita Milchstraße UG(haftungsbeschränkt),62
10969,Friedrichshain-Kreuzberg,Axel-Springer-Straße / Grashüpfer,Axel-Springer-Str.,065,PME Familienservice gGmbH - Zweigniederlassung Berlin,40
10969,Friedrichshain-Kreuzberg,EKT - Zappergeck,Alexandrinenstr.,001B,Zappergeck - Gemeinsame Betreuung und Förderung behinderter und nichtbehinderter Kinder e. V.,25
10969,Friedrichshain-Kreuzberg,EKT Siebenschläfer,Böcklerstr.,008,Eltern - Initiativ - Kindertagesstätte Siebenschläfer e. V.,25
10969,Friedrichshain-Kreuzberg,Kita KOTTI,Alte Jakobstr.,172,KOTTI - Nachbarschafts- und Gemeinwesenverein am Kottbusser Tor e.V.,25
10969,Friedrichshain-Kreuzberg,"Lernwerkstatt, Die Globale e.V. (nur Sprachförderung)",Brandesstr.,001,"Die Globale e.V. Ländliche, urbane und kosmopolitischeProjekte für Berlin und Brandenburg",21
10969,Friedrichshain-Kreuzberg,EKT - Wohnhof e.V.,Markgrafenstr.,8,EKT-Wohnhof e.V.,15
10997,Friedrichshain-Kreuzberg,Kita Cuvrystr. 26a/Oppelner Str. 21/Kigä City,Cuvrystr.,026A,Kindergärten City,152
10997,Friedrichshain-Kreuzberg,Kita Schlesische Str. 3-4/Kigä City,Schlesische Str.,003,Kindergärten City,130
10997,Friedrichshain-Kreuzberg,Kita Pücklerstr. 12/Kigä City,Pücklerstr.,012,Kindergärten City,108
10997,Friedrichshain-Kreuzberg,Ev. Kita Tabor,Cuvrystr.,036,Ev. Kirchenkreisverband für Kindertageseinrichtungen Berlin Mitte-Nord,103
10997,Friedrichshain-Kreuzberg,Europa-Kita VAK e.V. Oranienstr. 4,Oranienstr.,004,VAK e.V. - Kindertagesstätten,93
10997,Friedrichshain-Kreuzberg,EKT - Kinderhaus Waldemar Elterninitiative,Waldemarstr.,057,Kinderhaus Waldemar - Elterninitiative e.V.,85
10997,Friedrichshain-Kreuzberg,EKT - Nestwärme,Wrangelstr.,031,"Nestwärme - Verein zur Betreuung u. Beratung von AIDS-betroffenen Familien, Kindern u. Jugendlichen e.V.",70
10997,Friedrichshain-Kreuzberg,Eltern-Kind-Gruppe Kreuzberg-Nord,Mariannenplatz,002A,Eltern-Kindergruppe Kreuzberg-Nord e.V.,55
10997,Friedrichshain-Kreuzberg,KOTTI e.V.,Adalbertstr.,87,KOTTI - Nachbarschafts- und Gemeinwesenverein am Kottbusser Tor e.V.,50
10997,Friedrichshain-Kreuzberg,Kita Lübbener Str. 6/Kigä City,Lübbener Str.,006,Kindergärten City,48
10997,Friedrichshain-Kreuzberg,Kita Piya,Muskauer Str.,044,Verein der Eltern aus Kurdistan in Deutschland e.V. (Yekmal),45
10997,Friedrichshain-Kreuzberg,Ev. Kita St. Thomas,Bethaniendamm,027,Ev. Kirchenkreisverband für Kindertageseinrichtungen Berlin Mitte-Nord,40
10997,Friedrichshain-Kreuzberg,EKT - Plutonia,Görlitzer Str.,032,P l u t o n i a e. V.,38
10997,Friedrichshain-Kreuzberg,Eltern-Kinder-Schülergruppe Modell Florian,Waldemarstr.,057,"Eltern-Kinder-Gruppe ""Florian"" e. V.",35
10997,Friedrichshain-Kreuzberg,Kinder aus Kreuzberg,Lausitzer Platz,002,Kinder aus Kreuzberg e.V.,30
10997,Friedrichshain-Kreuzberg,EKT Schippe und Eimer,Muskauer Str.,055,Schippe und Eimer e.V.,30
10997,Friedrichshain-Kreuzberg,EKT - Affentanz,Mariannenstr.,047,Affentanz e.V.,29
10997,Friedrichshain-Kreuzberg,EKT - Kinder einer Erde,Lübbener Str.,026,Kinder einer Erde e. V.,28
10997,Friedrichshain-Kreuzberg,"Krümelkinder, Görlitzer Straße",Cuvrystr.,039,"Krümelkinder,Görlitzer Str. e.V.",25
10997,Friedrichshain-Kreuzberg,EKT - Leierkasten,Muskauer Str.,043,Kinderladen Leierkasten e.V.,25
10997,Friedrichshain-Kreuzberg,Waldorfkindertagesstätte im FORUM Kreuzberg,Eisenbahnstr.,009,Forum Kreuzberg e.V.,25
10997,Friedrichshain-Kreuzberg,EKT - Löwenhöhle,Wrangelstr.,063,Löwenhöhle e. V.,24
10997,Friedrichshain-Kreuzberg,Kita Köpenicker Straße 174,Köpenicker Str.,174,Forum Kreuzberg e.V.,24
10997,Friedrichshain-Kreuzberg,EKT Schokokids,Naunynstr.,072,EKT-Schokokids e. V.,23
10997,Friedrichshain-Kreuzberg,Kita Till Eulenspiegel-Kette,Adalbertstr.,023B,"Eltern - Kinder - Schüler - Gruppe ""Till Eulenspiegel Kette"" e.V.",22
10997,Friedrichshain-Kreuzberg,EKT Mauseblitz,Cuvrystr.,024,EKT MAUSEBLITZ e. V.,20
10997,Friedrichshain-Kreuzberg,EKT - Langer Rüssel,Mariannenstr.,048,Schülerladen `Langer Rüssel` e.V.,20
10997,Friedrichshain-Kreuzberg,Kinderladen Muko,Muskauer Str.,033,Kinderladen Muko e.V.,20
10997,Friedrichshain-Kreuzberg,EKT - Munkelrübe,Taborstr.,021,Waldorfkinderladen Munkelrübe e. V.,20
10997,Friedrichshain-Kreuzberg,Waldorfkindertagesstätte im Forum Kreuzberg,Eisenbahnstr.,021,Forum Kreuzberg e.V.,20
10997,Friedrichshain-Kreuzberg,Kinderladen Cuvrybande,Cuvrystr.,021,Kinderladen Cuvrybande e. V.,20
10997,Friedrichshain-Kreuzberg,EKT - Rübezahl,Falckensteinstr.,020,Rübezahl e.V.,17
10997,Friedrichshain-Kreuzberg,EKT - Whistcastle of Eternia,Görlitzer Str.,033,Whistcastle of Eternia e.V.,17
10997,Friedrichshain-Kreuzberg,EKT Bessere Zukunft für Kinder,Muskauer Str.,11A,Bessere Zukunft für Kinder e.V.,15
10997,Friedrichshain-Kreuzberg,Kita Köpenicker Straße 175,Köpenicker Str.,175,Naturkind Forum Kreuzberg gUG,15
10997,Friedrichshain-Kreuzberg,EKT Muskauer Str. 30,Muskauer Str.,030,Eltern - Initiativ - Tagesstätte Muskauer Str. 30 e. V.,14
10997,Friedrichshain-Kreuzberg,Waldorfkindertagesstätte im FORUM Kreuzberg,Köpenicker Str.,174,Forum Kreuzberg e.V.,0
10999,Friedrichshain-Kreuzberg,INA.KINDER.Garten,Dresdener Str.,128,INA.KINDER.GARTEN gGmbH,150
10999,Friedrichshain-Kreuzberg,Kita Reichenberger Str. 92/Kigä City,Reichenberger Str.,092,Kindergärten City,142
10999,Friedrichshain-Kreuzberg,Kita Komsu,Paul-Lincke-Ufer,012,Komsu e.V. Interkulturelle Kindertagesstätte,130
10999,Friedrichshain-Kreuzberg,Kita Leuschnerdamm 33,Leuschnerdamm,033,Kindergärten City,123
10999,Friedrichshain-Kreuzberg,Kita Bethaniendamm,Bethaniendamm,063,Juwo - Kita gGmbH,120
10999,Friedrichshain-Kreuzberg,Kita Reichenberger Str. 40/Kigä City,Reichenberger Str.,040,Kindergärten City,100
10999,Friedrichshain-Kreuzberg,Europa-Kita VAK e.V. Reichenberger Str. 156 A.,Reichenberger Str.,156,VAK e.V. - Kindertagesstätten,80
10999,Friedrichshain-Kreuzberg,Kath. Kita St. Michael,Dresdener Str.,029,Kitas im Erzbistum Berlin-Zweckverband der katholischen Kirchengemeinden,77
10999,Friedrichshain-Kreuzberg,Kindertagesstätte Sonnenkäferhaus,Ratiborstr.,008,Sonnenkäferhaus gGmbH,76
10999,Friedrichshain-Kreuzberg,Ev. Kita Emmaus-Ölberg,Lausitzer Str.,029,Ev. Kirchenkreisverband für Kindertageseinrichtungen Berlin Mitte-Nord,75
10999,Friedrichshain-Kreuzberg,AWO Kita Kastanie,Reichenberger Str.,122,Arbeiterwohlfahrt Kreisverband Berlin-Mitte e.V.,63
10999,Friedrichshain-Kreuzberg,AWO Kita Wassertropfen,Oranienstr.,192,Arbeiterwohlfahrt Kreisverband Berlin-Mitte e.V.,58
10999,Friedrichshain-Kreuzberg,EKT - Tentakel,Ohlauer Str.,39,Tentakel e.V.,40
10999,Friedrichshain-Kreuzberg,Kita KOTTI,Dresdener Str.,014,KOTTI - Nachbarschafts- und Gemeinwesenverein am Kottbusser Tor e.V.,38
10999,Friedrichshain-Kreuzberg,EKT - Spreesprotte,Glogauer Str.,026,Spreesprotten e. V.,35
10999,Friedrichshain-Kreuzberg,EKT Hollerbusch,Reichenberger Str.,99,Hollerbusch e.V.,33
10999,Friedrichshain-Kreuzberg,Kita Kunterbunt 1,Reichenberger Str.,062,Elternverein für Erziehung und Bildung e.V.,30
10999,Friedrichshain-Kreuzberg,Kita BABB Kreuzberg II,Liegnitzer Str.,017,TÄKS e. V.,30
10999,Friedrichshain-Kreuzberg,Kita Kunterbunt 2,Wiener Str.,001,Elternverein für Erziehung und Bildung e.V.,30
10999,Friedrichshain-Kreuzberg,EKT - Spreesprotte,Glogauer Str.,032,Spreesprotten e. V.,28
10999,Friedrichshain-Kreuzberg,EKT Jungle,Ohlauer Str.,001,Jungle e. V.,25
10999,Friedrichshain-Kreuzberg,"EKT - Regenbogenfabrik, Block 109",Lausitzer Str.,022,Regenbogenfabrik Block 109 e. V.,23
10999,Friedrichshain-Kreuzberg,EKT Makke,Glogauer Str.,022,EKT Makke e.V.,22
10999,Friedrichshain-Kreuzberg,Kita-kinderbunt,Ohlauer Str.,044,Kita-kinderbunt UG (haftungsbeschränkt),20
10999,Friedrichshain-Kreuzberg,Kita BABB Kreuzberg I,Liegnitzer Str.,014,TÄKS e. V.,19
10999,Friedrichshain-Kreuzberg,Die kleine Welt,Forster Str.,017,Schippe und Eimer e.V.,19
10999,Friedrichshain-Kreuzberg,EKT - Wilde 13,Reichenberger Str.,090,"Verein zur Unterhaltung und Förderung der Eltern-Initiativ-Kindertagesstätte ""Wilde 13"" e.V.",18
10999,Friedrichshain-Kreuzberg,EKT - Kinderladen Bande,Oranienstr.,202,Kinderladen Bande e.V.,15
10999,Friedrichshain-Kreuzberg,EKT Lindenblüte,Forster Str.,056,Eltern-Initiativ-Kindertagesstätte Lindenblüte e.V.,15
10999,Friedrichshain-Kreuzberg,Kita Till Eulenspiegel-Kette,Admiralstr.,020,"Eltern - Kinder - Schüler - Gruppe ""Till Eulenspiegel Kette"" e.V.",15
12043,Neukölln,Kita Reuterstr. 72/Kitas SüdOst,Reuterstr.,073,Kindertagesstätten SüdOst Eigenbetrieb von Berlin,210
12043,Neukölln,"""Mosaik""",Donaustr.,088,edura Kindertagesstätten gGmbH,130
12043,Neukölln,Kita Flamingos,Karl-Marx-Str.,188,eventus Bildung gGmbH,120
12043,Neukölln,Kita Zwergplaneten,Hobrechtstr.,008,Sprache verbindet IB gGmbH,70
12043,Neukölln,Kleiner Fratz,Karl-Marx-Str.,145,Kleiner Fratz GmbH,60
12043,Neukölln,Kita Kinderparadies Neukölln,Karl-Marx-Str.,146,IBEB Initiative für Bildung und Erziehung Berlin gemeinnützige GmbH,54
12043,Neukölln,Kita Mosaikraupen,Berthelsdorfer Str.,014,edura Kindertagesstätten gGmbH,40
12043,Neukölln,Bärliner Blümchen,Donaustr.,039,Bright Kids KITA gemeinnützige UG (haftungsbeschränkt),25
12043,Neukölln,Kita Frühlicht KIDZ,Donaustr.,52,"JuBiSA - Jugend, Bildung und Soziale Arbeit gemeinnützige UG (haftungsbeschränkt)",25
12043,Neukölln,Kinderladen Großstadtgören,Uthmannstr.,018,Schabernick UG (haftungsbeschränkt),22
12043,Neukölln,Kita Rixdorfer Rüpel,Berthelsdorfer Str.,011,Orte für Kinder GmbH,20
12043,Neukölln,Kinderladen Highway 2,Anzengruberstr.,015,Kinderladen Highway gGmbH,20
12043,Neukölln,Kita Wichtelgarten,Donaustr.,006,Süsswasser GmbH,20
12043,Neukölln,Kita Hoppipolla,Berthelsdorfer Str.,005,Hoppipolla e.V.,19
12043,Neukölln,EKT - Yong,Donaustr.,114,Kinderladen Yong e.V.,15
12043,Neukölln,Kleiner Fratz - Rixdorfer Grundschule (nur Sprachförderung),Donaustr.,120,Kleiner Fratz GmbH,15
12043,Neukölln,Kita Uthmannstr. 17/Kitas SüdOst,Uthmannstr.,17,Kindertagesstätten SüdOst Eigenbetrieb von Berlin,0
12045,Neukölln,Kita Wildenbruchstr. 25/Kitas SüdOst,Wildenbruchstr.,025,Kindertagesstätten SüdOst Eigenbetrieb von Berlin,160
12045,Neukölln,"Kita ""Sonnenschein""",Pflügerstr.,047,edura Kindertagesstätten gGmbH,137
12045,Neukölln,Kita Beerenstark,Weserstr.,186,Unionhilfswerk Sozialeinrichtungen gemeinnützige Gesellschaft mbH,123
12045,Neukölln,Kita Villa Kunterbunt,Weserstr.,198,Arbeiterwohlfahrt Berlin Kreisverband Südost e.V.,120
12045,Neukölln,Kita Rütlistr. 7/Kitas SüdOst,Rütlistr.,7,Kindertagesstätten SüdOst Eigenbetrieb von Berlin,106
12045,Neukölln,Kita/WeG gGmbH,Weserstr.,155,WeG gGmbH,70
12045,Neukölln,Ev. Kita Martin-Luther/ Kirchenkreis Neukölln,Fuldastr.,048,Evangelischer Verband für Kita und Familie,50
12045,Neukölln,"EKT - ""Minnie Maus"" Verein z.Errichtung u.Betreibung v.EKT's e.V.",Innstr.,035,Verein zur Errichtung und Betreibung von EKT's e.V.,46
12045,Neukölln,Kita Kleine Weltkinder,Weserstr.,26,Bildungshafen gUG,45
12045,Neukölln,EKT Lima,Weichselstr.,038,EKT LIMA e.V.,35
12045,Neukölln,EKT Highway,Finowstr.,008,Kinderladen Highway gGmbH,33
12045,Neukölln,Kindertagesstätte Glitzerkröten,Weichselstr.,021,Kindertagesstätte Glitzerkröten e. V.,29
12045,Neukölln,Kindergarten Ackerwinde,Schandauer Str.,008,Kindergarten Ackerwinde e. V.,24
12045,Neukölln,EKT - Loupiot,Fuldastr.,037,Loupiot e. V.,22
12045,Neukölln,EKT Zottelbär,Jansastr.,014,Eltern-Initiativ-Kindertagesstätte Zottelbär e. V.,20
12045,Neukölln,Kleine Kita Mittendrin,Fuldastr.,050,Evangelischer Verband für Kita und Familie,20
12045,Neukölln,Kitaquarium,Weserstr.,162,L'Aquarium e. V.,20
12045,Neukölln,Kita Ackerwinde,Innstr.,044,Kindergarten Ackerwinde e. V.,12
12045,Neukölln,Kita Weichselstraße,Weichselstr.,22,Forum Soziale Dienste Kita I GmbH,0
12047,Neukölln,Ev. Kita Nikodemus,Nansenstr.,027,Evangelischer Verband für Kita und Familie,100
12047,Neukölln,Kita Sternengarten,Hobrechtstr.,032,edura Kindertagesstätten Yuvam gGmbH,90
12047,Neukölln,Katholische Kindertagesstätte St. Christophorus,Nansenstr.,007,Kitas im Erzbistum Berlin-Zweckverband der katholischen Kirchengemeinden,75
12047,Neukölln,"Kita ""Rotkäppchen""",Pannierstr.,010,edura Kindertagesstätten Yuvam gGmbH,62
12047,Neukölln,Kita Pan,Pannierstr.,006,Forum Soziale Dienste Kita I GmbH,55
12047,Neukölln,Kita Lenaustraße,Lenaustr.,012,International City Kids gGmbH,28
12047,Neukölln,EKT Schokoschnuten,Pflügerstr.,057,EKT Schokoschnuten e. V.,25
12047,Neukölln,Coworking Toddler Maybachufer,Maybachufer,037,CT Toddler Berlin gUG (haftungsbeschränkt),25
12047,Neukölln,EKT - Naseweis,Friedelstr.,35,NASEWEIS e.V.,22
12047,Neukölln,miKita,Maybachufer,005,miKita e. V.,22
12047,Neukölln,EKT - Kinderfan,Maybachufer,039,Kinderfan e.V.,20
12047,Neukölln,EKT - Rasselbande,Weserstr.,212,Rasselbande e.V.,20
12047,Neukölln,Kita Kinderbunt Maybachufer,Maybachufer,011,Kita-kinderbunt UG (haftungsbeschränkt),20
12047,Neukölln,EKT - Waffelbande,Friedelstr.,022,Waffelbande e.V.,15
12047,Neukölln,EKT - Einstürzende Bauklötze,Hobrechtstr.,017,Einstürzende Bauklötze e.V.,15
12049,Neukölln,Kita Lucy-Lameck-Straße 33 / Kitas SüdOst,Lucy-Lameck-Str.,033,Kindertagesstätten SüdOst Eigenbetrieb von Berlin,216
12049,Neukölln,Kita Lernen & Lachen,Lichtenrader Str.,6,Jugend- und Sozialwerk gGmbH,92
12049,Neukölln,Kita Genezareth,Allerstr.,033,Evangelischer Verband für Kita und Familie,70
12049,Neukölln,Kita Mahlower Straße 23,Mahlower Str.,023,Neuzeitlich-Christliche Initiative e.V.,65
12049,Neukölln,Kleiner Fratz,Weisestr.,028,Kleiner Fratz GmbH,62
12049,Neukölln,Kita Columbus,Allerstr.,037,Columbus gGmbH,44
12049,Neukölln,EKT - Neuzeitlich-christliche Initiative,Selchower Str.,028,Neuzeitlich-Christliche Initiative e.V.,35
12049,Neukölln,EKT - 1001 Nacht,Karlsgartenstr.,4,TIMELA e.V.,35
12049,Neukölln,Kita Igelschnute,Allerstr.,044,Hauptstadtracker gGmbH,31
12049,Neukölln,Kita Salam-Frieden,Kienitzer Str.,104,Wassila Soziale Gesellschaft für Integration u. Arbeit mit Kindern und Jugendlichen gGmbH,30
12049,Neukölln,Kinderladen Die kleinen Kivis,Lucy-Lameck-Str.,31,Forum Naturfreundejugend Berlin e.V.,25
12049,Neukölln,Kita Santa Maria,Weisestr.,026,Columbus gGmbH,23
12049,Neukölln,Kita Sonnenkönig,Allerstr.,042,Kita Sonnenkönig gGmbH,23
12049,Neukölln,Kita Timbales,Kienitzer Str.,099,Timbales e. V.,22
12049,Neukölln,Kita Sonnenschein,Hermannstr.,224,Kita Sonnenblümchen gemeinnützige GmbH,22
12049,Neukölln,Kita Füchse,Herrfurthplatz,003,Hauptstadtracker gGmbH,22
12049,Neukölln,Die Kinkies,Weisestr.,004,Die Kinkies e.V.,21
12049,Neukölln,Kita Hasenreiter,Herrfurthplatz,4,Hauptstadtracker gGmbH,20
12049,Neukölln,Kita Kiezkinder,Lucy-Lameck-Str.,4,Kiezkinder e.V.,19
12049,Neukölln,EKT -Kwetu,Lucy-Lameck-Str.,045,Kwetu e.V.,18
12049,Neukölln,EKT - Kita Karlsgartenstraße,Schillerpromenade,029,Kita Karlsgartenstr. e.V.,18
12049,Neukölln,EKT Kinderladen Feldmäuse an der Hasenheide,Lichtenrader Str.,11,Kinderladen an der Hasenheide e. V.,18
12049,Neukölln,EKT - Kleine Erdenwesen,Lucy-Lameck-Str.,20,kleine Erdenwesen e.V.,17
12049,Neukölln,EKT - Ringelsöckchen,Lucy-Lameck-Str.,045,Ringelsöckchen e.V.,14
12051,Neukölln,Kita Emser Str. 81-82/Kitas SüdOst,Emser Str.,081,Kindertagesstätten SüdOst Eigenbetrieb von Berlin,170
12051,Neukölln,Kleiner Fratz,Glasower Str.,018,Kleiner Fratz City Süd GmbH,156
12051,Neukölln,Kita Silbersteinstr. 121/Kitas SüdOst,Silbersteinstr.,121,Kindertagesstätten SüdOst Eigenbetrieb von Berlin,140
12051,Neukölln,Kita Bendastr.,Bendastr.,011D,Arbeiterwohlfahrt Berlin Kreisverband Südost e.V.,136
12051,Neukölln,Kita Focus FAMILIE,Hermannstr.,135A,Jugend- und Sozialwerk gGmbH,115
12051,Neukölln,Kita Warthestraße,Warthestr.,062A,FiPP e. V. - Fortbildungsinstitut für die pädagogische Praxis,110
12051,Neukölln,Kita Kinderparadies Körnerpark,Schierker Str.,057,IBEB Initiative für Bildung und Erziehung Berlin gemeinnützige GmbH,100
12051,Neukölln,Ev. Kita Philipp Melanchthon,Bruno-Bauer-Str.,014,Evangelischer Verband für Kita und Familie,90
12051,Neukölln,Ev. Kita Brüdergemeinde,Juliusstraße,58,Evangelischer Verband für Kita und Familie,85
12051,Neukölln,Kita MANNA Maria,Mariendorfer Weg,28,Malteser Hilfsdienst gGmbH,84
12051,Neukölln,Kita Mariendorfer Weg 8/Kitas SüdOst,Mariendorfer Weg,008,Kindertagesstätten SüdOst Eigenbetrieb von Berlin,80
12051,Neukölln,Kita Nachbarschaftsheim Neukölln,Schierker Str.,053,Nachbarschaftsheim Neukölln e.V.,80
12051,Neukölln,Kita Tommelise,Mariendorfer Weg,054,Nordische Bildungswerkstatt UG (haftungsbeschränkt),76
12051,Neukölln,"EKT - ""Pumuckel"" Verein z.Errichtung u.Betreibung v.EKT's e.V.",Warthestr.,056,Verein zur Errichtung und Betreibung von EKT's e.V.,63
12051,Neukölln,EKT - Ali Baba u.seine Räuber,Kranoldstr.,001,Ali Baba und seine Räuber e.V.,54
12051,Neukölln,Kita Arielle 1,Emser Str.,019,Ali Baba Multikulturelle Generation gGmbH,52
12051,Neukölln,Kita Mäusegrube,Hermannstr.,141,Hauptstadtracker gGmbH,44
12051,Neukölln,"Kita ""Die Schlümpfe""",Nogatstr.,040,edura Kindertagesstätten Yuvam gGmbH,40
12051,Neukölln,Kleiner Fratz,Bruno-Bauer-Str.,017,Kleiner Fratz GmbH,40
12051,Neukölln,Kita Forscherglück,Glasower Str.,003A,Johanniter-Unfall-Hilfe e. V. Regionalverband Berlin,38
12051,Neukölln,Kindertagesstätte Helin,Nogatstr.,005,Waqfa Kultura Kurdi-Stiftung kurdische Kultur,37
12051,Neukölln,"Waldorfkindergarten ""Lindenbaum""",Nogatstr.,019,"Waldorfkindergarten ""Lindenbaum"" e.V.",32
12051,Neukölln,Kita Berliner Spatzen,Warthestr.,071,Berliner Spatzen gGmbH,30
12051,Neukölln,EKT Ali Baba und seine Räuber,Bendastr.,021,Ali Baba und seine Räuber e.V.,30
12051,Neukölln,Kita Glasower Str. 53 (nur Sprachförderung),Glasower Str.,053,Kleiner Fratz GmbH,30
12051,Neukölln,EKT - Kinderladen Pimpinella,Kranoldstr.,009,Nefeli e.V.,28
12051,Neukölln,Kita Bunte Blüten,Silbersteinstr.,54,Weltentdecker gUG,28
12051,Neukölln,Elif und Emil 2,Schierker Str.,030,IKV Kita gGmbH,27
12051,Neukölln,Kita Nägel und Köpfe,Emser Str.,85,Morgenwerkstatt gGmbH,25
12051,Neukölln,Kleiner Fratz,Bruno-Bauer-Str.,022,Kleiner Fratz GmbH,25
12051,Neukölln,Kita Die Palmeninsel,Delbrückstr.,058,Mondlicht e. V.,25
12051,Neukölln,Kita Kolibri,Emser Str.,077,KdK-Kita der Kulturen gGmbH,25
12051,Neukölln,Kita Wiedehopf,Emser Str.,079,KdK-Kita der Kulturen gGmbH,25
12051,Neukölln,Kita Zauberwald,Glasower Str.,8,International City Kids gGmbH,25
12051,Neukölln,Kita Lieblingsmenschen,Nogatstr.,24,Lieblingsmenschen-Neukölln e.V.,24
12051,Neukölln,Kita Prinz Rose,Nogatstr.,045,Orte für Kinder GmbH,20
12051,Neukölln,Kita Salam-Frieden,Warthestr.,13,Wassila Soziale Gesellschaft für Integration u. Arbeit mit Kindern und Jugendlichen gGmbH,20
12051,Neukölln,EKT - Ali Baba und seine Räuber,Kranoldstr.,001A,Ali Baba und seine Räuber e.V.,18
12051,Neukölln,Kita Bruno-Bauer-Straße 22 (nur Sprachförderung),Bruno-Bauer-Str.,022,Kleiner Fratz GmbH,17
12051,Neukölln,Kita Horizon,Warthestr.,015,Horizon e. V.,17
12053,Neukölln,Kita Mini-Mix,Briesestr.,073,Jugend- und Sozialwerk gGmbH,280
12053,Neukölln,Kita Bornsdorfer Str. 37b/Kitas SüdOst,Bornsdorfer Str.,037B,Kindertagesstätten SüdOst Eigenbetrieb von Berlin,170
12053,Neukölln,Humanistische Kindertagesstätte Bornsdorfer Straße,Bornsdorfer Str.,14,"Humanistischer Verband Deutschlands, Landesverband Berlin-Brandenburg KdöR",112
12053,Neukölln,Katholische Kindertagesstätte St. Clara,Kienitzer Str.,018,Kitas im Erzbistum Berlin-Zweckverband der katholischen Kirchengemeinden,65
12053,Neukölln,Kinderladen Lach und Krach,Erlanger Str.,006,LACH UND KRACH e.V.,50
12053,Neukölln,Kita Reuterstr.,Reuterstr.,081,Forum Soziale Dienste Kita I GmbH,49
12053,Neukölln,Kita Kunti Bunti,Jonasstr.,031,KOBLÉ gemeinnützige GmbH,39
12053,Neukölln,Jonas 32,Jonasstr.,032,Altenbraker 10 Kinderladen gGmbH,36
12053,Neukölln,EKT - Altenbraker Kinderladen - Altenbraker Str. 10,Altenbraker Str.,010,Altenbraker 10 Kinderladen gGmbH,30
12053,Neukölln,"Kita ""Früchte der Kulturen""",Mainzer Str.,017,Früchte der Kulturen e.V.,25
12053,Neukölln,Frühlicht 2,Mainzer Str.,15,"JuBiSA - Jugend, Bildung und Soziale Arbeit gemeinnützige UG (haftungsbeschränkt)",23
12053,Neukölln,Kita Schneeflöckchen,Boddinstr.,005,Schneeflöckchen e.V.,22
12053,Neukölln,Kita Die drei Affen,Kienitzer Str.,016,Die drei Affen gGmbH,22
12053,Neukölln,Kita Kopfstraße,Kopfstr.,061,Bund Deutscher PfadfinderInnen -Landesverband Berlin- e.V.,20
12053,Neukölln,Kita Spatzenbande,Thomasstr.,067,Großstadtzwerge gemeinnützige UG (haftungsbeschränkt),17
12053,Neukölln,Kinderladen Hobi,Mainzer Str.,005,Kinderladen Hobi e.V.,15
12055,Neukölln,Kita Böhmische Str. 1-5Kitas SüdOst,Böhmische Str.,1,Kindertagesstätten SüdOst Eigenbetrieb von Berlin,140
12055,Neukölln,Ev. Kita Magdalenen/Kirchenkr. Neukölln,Karl-Marx-Str.,197,Evangelischer Verband für Kita und Familie,135
12055,Neukölln,Kita Du und Ich,Kanner Str.,012,Arbeiterwohlfahrt Berlin Kreisverband Südost e.V.,98
12055,Neukölln,Katholische Kindertagesstätte St. Richard,Schudomastr.,015,Kitas im Erzbistum Berlin-Zweckverband der katholischen Kirchengemeinden,75
12055,Neukölln,Montessori-Kinderhaus Böhmische Straße,Böhmische Str.,039,Unionhilfswerk Sozialeinrichtungen gemeinnützige Gesellschaft mbH,64
12055,Neukölln,EKT - Minihausen,Mareschstr.,018,"Kinderladen ""Minihausen"" e.V.",34
12055,Neukölln,EKT - Kleine Fische,Schöneweider Str.,020,Kleinkindpädagogik e.V.,28
12055,Neukölln,EKT Puck,Zwiestädter Str.,002,"Eltern-Initiativ-Kindertagesstätte ""Puck"" e. V.",28
12055,Neukölln,Kita Kinderparadies Rixdorf,Böhmische Str.,027,IBEB Initiative für Bildung und Erziehung Berlin gemeinnützige GmbH,25
12055,Neukölln,Kita Großstadtzwerge,Braunschweiger Str.,057,Großstadtzwerge gemeinnützige UG (haftungsbeschränkt),25
12055,Neukölln,Kowari internationaler Kindergarten,Schudomastr.,007,kids in berlin kib gUG (haftungsbeschränkt),25
12055,Neukölln,Kita Kindererde Schudomastraße,Schudomastr.,046,Kindererde gemeinnützige GmbH,25
12055,Neukölln,EKT Urmel,Kanner Str.,005,EKT Urmel e. V.,16
12057,Neukölln,Kita Hänselstr. 6/Kitas SüdOst,Hänselstr.,006,Kindertagesstätten SüdOst Eigenbetrieb von Berlin,184
12057,Neukölln,Ev. Kita Debora,Aronsstr.,134,Evangelischer Verband für Kita und Familie,130
12057,Neukölln,Stadtteil-Kita High-Deck,Michael-Bohnen-Ring,018,Juwo - Kita gGmbH,120
12057,Neukölln,Ev. Kita Tabea,Sonnenallee,311,Evangelischer Verband für Kita und Familie,115
12057,Neukölln,FRÖBEL Kindergarten Highdechsen,Michael-Bohnen-Ring,052,Fröbel Bildung und Erziehung gGmbH,80
12057,Neukölln,Kita Drosselbartstr. 6/Kitas SüdOst,Drosselbartstr.,006,Kindertagesstätten SüdOst Eigenbetrieb von Berlin,73
12059,Neukölln,Kita Treptower Straße,Treptower Str.,032A,tandem BTL gGmbH,200
12059,Neukölln,"IB-Kita, Internationaler Bund",Weserstr.,106,Internationaler Bund - IB Berlin-Brandenburg gGmbH für Bildung und soziale Dienste (IB Berlin-Brandenburg gGmbH),125
12059,Neukölln,Die Kubis,Teupitzer Str.,039,kleine kubus-Soziale gGmbH für klein und GROSS,120
12059,Neukölln,Kindertagesstätte Kleine Herzen,Treptower Str.,068,KiMo gemeinnützige UG,25
12059,Neukölln,FREUDE Kita Neukölln,Roseggerstr.,013,FREUDE Kindergärten Süd-Ost gGmbH,25
12059,Neukölln,Tombili,Stuttgarter Str.,019,edura Kindertagesstätten gGmbH,25
12059,Neukölln,EKT Wichtelstube,Harzer Str.,003,Verein zur Förderung der Waldorfpädagogik Wichtelstube e. V.,17
12059,Neukölln,EKT Orgelpfeifen,Weserstr.,079,Eltern-Initiativ-Kindertagesstätte Orgelpfeifen e.V.,15
12099,Tempelhof-Schöneberg,Kita Ringbahnstr. 47/Kitas Süd-West,Ringbahnstr.,047,Kindertagesstätten Berlin Süd-West,183
12099,Tempelhof-Schöneberg,Kita Arielle 3,Alt-Tempelhof,005,Grenzenlos Kind gemeinnützige UG (haftungsbeschränkt),100
12099,Tempelhof-Schöneberg,Kita Schwanheimer Str. 1-7/Kitas Süd-West,Schwanheimer Str.,003,Kindertagesstätten Berlin Süd-West,85
12099,Tempelhof-Schöneberg,Kath. Kita Herz Jesu,Templerzeile,015,Kitas im Erzbistum Berlin-Zweckverband der katholischen Kirchengemeinden,85
12099,Tempelhof-Schöneberg,Kita Wunderkids Tempelhof,Friedrich-Wilhelm-Str.,010,W und W Wunderkids gGmbH,80
12099,Tempelhof-Schöneberg,Ev. Kita Paulus I.,Götzstr.,028,Ev. Kirchenkreisverband für Kindertageseinrichtungen Berlin-Mitte-West (Kitaverband Mitte-West),70
12099,Tempelhof-Schöneberg,Kita Paradiesvögel,Bacharacher Str.,047,eventus Bildung gGmbH,70
12099,Tempelhof-Schöneberg,EKT - Sonnengarten,Friedrich-Wilhelm-Str.,089,Sonnengarten e.V.,20
12099,Tempelhof-Schöneberg,EKT - Schmunzelmonster,Friedrich-Wilhelm-Str.,87,Schmunzelmonster e. V.,15
12101,Tempelhof-Schöneberg,Kita MaRiS,Manfred-von-Richthofen-Str.,031,Nachbarschafts- u. Selbsthilfezentrum in der UFA-Fabrik e.V.,205
12101,Tempelhof-Schöneberg,Kita Boelckestraße,Boelckestr.,098,Orte für Kinder GmbH,150
12101,Tempelhof-Schöneberg,Kenntnisreich Kindertagesstätten TD 100,Tempelhofer Damm,096,Kenntnisreich Kindertagesstätten gGmbH,146
12101,Tempelhof-Schöneberg,Ev. Kita Paulus II.,Badener Ring,027,Ev. Kirchenkreisverband für Kindertageseinrichtungen Berlin-Mitte-West (Kitaverband Mitte-West),90
12101,Tempelhof-Schöneberg,EKT - BuDdelKiste,Platz der Luftbrücke,001,Buddelkiste e. V.,50
12101,Tempelhof-Schöneberg,Katholische Kindertagesstätte St. Judas Thaddäus,Bäumerplan,023,Kitas im Erzbistum Berlin-Zweckverband der katholischen Kirchengemeinden,45
12101,Tempelhof-Schöneberg,Kitabär,Hoeppnerstr.,104,Kitabär gemeinnützige UG (haftungsbeschränkt),36
12101,Tempelhof-Schöneberg,Kenntnisreich Kindertagesstätte BP 26,Bäumerplan,026,Kenntnisreich Kindertagesstätten gGmbH,30
12101,Tempelhof-Schöneberg,EKT Inselreich,Manfred-von-Richthofen-Str.,015,Inselreich e. V.,25
12101,Tempelhof-Schöneberg,Kita Der Theaterkindergarten,Wintgensstr.,004,DER THEATERKINDERGARTEN gemeinnützige Gesellschaft mit beschränkter Haftung,20
12101,Tempelhof-Schöneberg,Theaterkindergarten,Bäumerplan,026,DER THEATERKINDERGARTEN gemeinnützige Gesellschaft mit beschränkter Haftung,12
12103,Tempelhof-Schöneberg,Kita Berlin gGmbH,Friedrich-Wilhelm-Str.,78,"Dr. P. Rahn und Partner, Schulen in freier Trägerschaft, gemeinnützige Schulgesellschaft mbH",227
12103,Tempelhof-Schöneberg,Ev. Kita Alt-Tempelhof,Albrechtstr.,105,Ev. Kirchenkreisverband für Kindertageseinrichtungen Berlin-Mitte-West (Kitaverband Mitte-West),164
12103,Tempelhof-Schöneberg,Kita Bosestr. 12/Kitas Süd-West,Bosestr.,012,Kindertagesstätten Berlin Süd-West,114
12103,Tempelhof-Schöneberg,Kita Regenbogen,Albrechtstr.,103,Orte für Kinder GmbH,90
12103,Tempelhof-Schöneberg,Kindertagesstätte Tiponi,Friedrich-Franz-Str.,12,IKT Stadtindianer e.V.,75
12103,Tempelhof-Schöneberg,Kita Begonia,Burgemeisterstr.,012,Kardelen gGmbH,75
12103,Tempelhof-Schöneberg,Kita Maulwurf,Alt-Tempelhof,029,Maulwurf e. V.,72
12103,Tempelhof-Schöneberg,Kita Alboingärten,In den Alboingärten,039,AWO pro:mensch gGmbH,60
12103,Tempelhof-Schöneberg,EKT - Märchenwald/Ver.z.Errichtg u.Betreibg v.EKTs e.V.,Burgemeisterstr.,30,Verein zur Errichtung und Betreibung von EKT's e.V.,57
12103,Tempelhof-Schöneberg,Kita Dino Bambino,Burgemeisterstr.,32,LebensWelt Kindertagesstätten gGmbH,50
12103,Tempelhof-Schöneberg,Kita Chumani - IKT Stadtindianer,Kaiserin-Augusta-Str.,027,IKT Stadtindianer e.V.,45
12103,Tempelhof-Schöneberg,"""REH-KIDZ""",Kaiserin-Augusta-Str.,060,KIDZ Präventiv gGmbH,40
12103,Tempelhof-Schöneberg,Kita Igelschnecken-Schneckenhaus,Friedrich-Karl-Str.,003,TÄKS e. V.,27
12103,Tempelhof-Schöneberg,Kita-Entdeckerbande,Friedrich-Karl-Str.,024,jonushilfswerk Berlin Soziale Dienste gGmbH,27
12103,Tempelhof-Schöneberg,Kindertagesstätte Mojak,Podewilsstr.,005,IKT Stadtindianer e.V.,26
12103,Tempelhof-Schöneberg,Kindergarten Krabbelkäfer,Burgemeisterstr.,076,IKT Stadtindianer e.V.,26
12103,Tempelhof-Schöneberg,EKT - Villa Wackelzahn,Friedrich-Wilhelm-Str.,020,VILLA WACKELZAHN e.V.,25
12103,Tempelhof-Schöneberg,Kinderladen Leotie,Schönburgstr.,012,IKT Stadtindianer e.V.,25
12103,Tempelhof-Schöneberg,Kita Villa Wackelzahn,Friedrich-Wilhelm-Str.,021,VILLA WACKELZAHN e.V.,25
12103,Tempelhof-Schöneberg,Kita Tiva,Werderstr.,029,IKT Stadtindianer e.V.,25
12103,Tempelhof-Schöneberg,Kita Tiponi II,Friedrich-Franz-Str.,039,IKT Stadtindianer e.V.,25
12103,Tempelhof-Schöneberg,Kita Gulliver,Friedrich-Wilhelm-Str.,021,Gulliver e. V.,24
12103,Tempelhof-Schöneberg,EKT - Wilde Tiger e.V.,Bessemerstr.,086,Wilde Tiger e. V.,20
12103,Tempelhof-Schöneberg,Kita Kleine Insel Tempelhof,Borussiastr.,007,Johanniter-Unfall-Hilfe e. V. Regionalverband Berlin,19
12103,Tempelhof-Schöneberg,Mojak mini,Podewilsstr.,002,IKT Stadtindianer e.V.,15
12105,Tempelhof-Schöneberg,Kita Rathausstr. 84/Kitas Süd-West,Rathausstr.,084,Kindertagesstätten Berlin Süd-West,144
12105,Tempelhof-Schöneberg,Kita Seelbuschring 19/Kitas Süd-West,Seelbuschring,019,Kindertagesstätten Berlin Süd-West,134
12105,Tempelhof-Schöneberg,Kita Global Village,Ringstr.,028,Global Village UG (haftungsbeschränkt),110
12105,Tempelhof-Schöneberg,Kita der Ev. Kirchengem. Berlin-Mariendorf,Rathausstr.,028,Ev. Kirchengemeinde Berlin-Mariendorf,100
12105,Tempelhof-Schöneberg,Kita Marienhöher Weg 10/Kitas Süd-West,Marienhöher Weg,010,Kindertagesstätten Berlin Süd-West,61
12105,Tempelhof-Schöneberg,Kita Junikäfer,Attilastr.,061,Hauptstadtkäfer gGmbH,60
12105,Tempelhof-Schöneberg,Kita Marlenchen,Kurfürstenstr.,032,TEVBB Soziale Dienste GmbH,60
12105,Tempelhof-Schöneberg,Deutsch Skandinavische Kita,Machonstr.,54,Montessori-Stiftung Berlin (MSB),58
12105,Tempelhof-Schöneberg,Kath. Kita Maria Frieden,Kaiserstr.,027,Kitas im Erzbistum Berlin-Zweckverband der katholischen Kirchengemeinden,50
12105,Tempelhof-Schöneberg,Kinderladen Marienkäfer,Prühßstr.,030,Kinderladen Marienkäfer gUG (haftungsbeschränkt),40
12105,Tempelhof-Schöneberg,Kita Lindenhof,Reglinstr.,29,Nachbarschaftsheim Schöneberg e.V.,28
12105,Tempelhof-Schöneberg,EKT - Zwergenland,Viktoriastr.,001,Zwergenland e.V.,25
12105,Tempelhof-Schöneberg,Kita Rappelkiste,Kunigundenstr.,001,Kita-Rappelkiste gemeinnützige Unternehmergesellschaft (haftungsbeschränkt),25
12105,Tempelhof-Schöneberg,Kindertagesstätte Schlösschen,Machonstr.,030,LifExperience gemeinnützige Gesellschaft für Bildung Erziehung und Betreuung mbH,25
12105,Tempelhof-Schöneberg,Kita Wunschkinder,Kurfürstenstr.,48A,Kita Wunschkinder gGmbH,22
12105,Tempelhof-Schöneberg,EKT - Kinderladeninitiative Tempelhof,Kurfürstenstr.,114,Kinderladeninitiative Tempelhof e.V.,18
12105,Tempelhof-Schöneberg,EKT - Kinderspielkreis Alboinplatz,Alboinstr.,113,Kinderspielkreis Alboinplatz e.V.,16
12105,Tempelhof-Schöneberg,Kita Zwergenland,Werderstr.,017,Zwergenland e.V.,12
12105,Tempelhof-Schöneberg,Kita Seelbuschring Heilpädagogische Gruppe,Seelbuschring,019,Kindertagesstätten Berlin Süd-West,6
12107,Tempelhof-Schöneberg,BOOT-Kita Fritz-Werner,Fritz-Werner-Str.,043,Gemeinnützige BOOT GmbH,190
12107,Tempelhof-Schöneberg,Kita Albulaweg,Albulaweg,15,Kindertagesstätten Berlin Süd-West,183
12107,Tempelhof-Schöneberg,Kita StarKids Mariendorf,Reißeckstr.,023,Diversity Mariendorfer Sterne gGmbH,140
12107,Tempelhof-Schöneberg,Kita Pretty World Friedenstraße,Friedenstr.,003,Pretty World gGmbH,120
12107,Tempelhof-Schöneberg,Kita der Ev. Kirchengem. Berlin Mariendorf-Süd,Grimmingweg,001,Ev. Kirchengemeinde Berlin Mariendorf-Süd,106
12107,Tempelhof-Schöneberg,Kita Grashüpferchen II,Mariendorfer Damm,334,Kita Grashüpferchen gemeinnützige GmbH,103
12107,Tempelhof-Schöneberg,Klax Krippe Kieselstein und Klax Kindergarten Zauberstein,Ankogelweg,016,KLAX Berlin gGmbH,100
12107,Tempelhof-Schöneberg,Kita Mariendorfer Teddys,Mariendorfer Damm,292,GKJ-Berlin gemeinnützige Gesellschaft für Kinder- und Jugendhilfe mbH,98
12107,Tempelhof-Schöneberg,Kita Sternchen Werk Berlin,Titlisweg,060,PME Familienservice gGmbH - Zweigniederlassung Berlin,60
12107,Tempelhof-Schöneberg,Kita Juniorplaneten,Alt-Mariendorf,025,Sprache verbindet IB gGmbH,36
12107,Tempelhof-Schöneberg,Kita Lillebror,Im Marienpark,15,Nordische Bildungswerkstatt UG (haftungsbeschränkt),32
12107,Tempelhof-Schöneberg,Kita Mary Poppinz,Mariendorfer Damm,444,Mary Poppinz gemeinnützige Unternehmergesellschaft (haftungsbeschränkt),31
12107,Tempelhof-Schöneberg,Kichererbsen,Alt-Mariendorf,47A,Großstadtzwerge gemeinnützige UG (haftungsbeschränkt),20
12107,Tempelhof-Schöneberg,EKT Mücke,Großbeerenstr.,5,Mücke e.V.,17
12109,Tempelhof-Schöneberg,Kita Mariendorfer Damm 123/Kitas Süd-West,Mariendorfer Damm,123,Kindertagesstätten Berlin Süd-West,192
12109,Tempelhof-Schöneberg,Kita Am Volkspark/Kitas Süd-West,Mariendorfer Damm,115,Kindertagesstätten Berlin Süd-West,188
12109,Tempelhof-Schöneberg,Kita der Ev. Kirchengem. Mariendorf -Ost,Rixdorfer Str.,073,Ev. Kirchengemeinde Mariendorf-Ost,165
12109,Tempelhof-Schöneberg,An der alten Gärtnerei 1,An der alten Gärtnerei,001,Mary Poppinz Britz gUG,139
12109,Tempelhof-Schöneberg,Kita Robinson Crusoe,Am Hellespont,002,Orte für Kinder GmbH,80
12109,Tempelhof-Schöneberg,Kita Marmaraweg,Marmaraweg,020,1·2·3 kleine Menschen gUG,21
12109,Tempelhof-Schöneberg,Kinderladen Pimpanella,Didostr.,001,Kinderladen Pimpanella e.V.,16
12157,Tempelhof-Schöneberg,Kita Riemenschneiderweg,Riemenschneiderweg,012,Nachbarschaftsheim Schöneberg e.V.,134
12157,Tempelhof-Schöneberg,Kita Prellerweg/Kitas Süd-West,Prellerweg,005,Kindertagesstätten Berlin Süd-West,132
12157,Tempelhof-Schöneberg,"IB-Kita, Internationaler Bund",Vorarlberger Damm,017,Internationaler Bund - IB Berlin-Brandenburg gGmbH für Bildung und soziale Dienste (IB Berlin-Brandenburg gGmbH),100
12157,Tempelhof-Schöneberg,Kita Nathanael/ Ev. Kirchengem. Philippus-Nathanael,Grazer Platz,004,Ev. Kirchengem. Philippus-Nathanael,78
12157,Steglitz-Zehlendorf,Kita Jeverstraße,Jeverstr.,010,Nachbarschaftsheim Schöneberg e.V.,74
12157,Tempelhof-Schöneberg,Kath. Kita St. Konrad,Rubensstr.,074,Kitas im Erzbistum Berlin-Zweckverband der katholischen Kirchengemeinden,50
12157,Tempelhof-Schöneberg,EKT Harrys Kid's Club,Peter-Vischer-Str.,012,Harrys Kid's Club - Lückeprojekt e.V.,26
12157,Tempelhof-Schöneberg,EKT Großstadtpflänzchen,Cranachstr.,039,Eltern-Initiativ-Kindertagesstätte Großstadtpflänzchen e.V.,25
12157,Tempelhof-Schöneberg,EKT - Friedenauer Elterninitiative,Menzelstr.,026,Friedenauer Elterninitiative für eine Kindertagesstätte e. V.,22
12157,Steglitz-Zehlendorf,EKT - Kinderladen Zweitausendfüßler,Thorwaldsenstr.,029,Kinderladen Zweitausendfüßler e.V.,16
12157,Steglitz-Zehlendorf,EKT - Rotkappe,Horst-Kohl-Str.,012,Rotkappe e.V.,15
12159,Tempelhof-Schöneberg,Humanistische Kindertagesstätte Sponholzstraße,Sponholzstr.,16,"Humanistischer Verband Deutschlands, Landesverband Berlin-Brandenburg KdöR",180
12159,Tempelhof-Schöneberg,Kita Fregestr.,Fregestr.,021,Orte für Kinder GmbH,140
12159,Tempelhof-Schöneberg,"Kita ""Knorke""",Lauterplatz,2,Step Kids Kitas gemeinnützige GmbH,120
12159,Tempelhof-Schöneberg,Kita Hedwigstr.,Hedwigstr.,13,Nachbarschaftsheim Schöneberg e.V.,85
12159,Tempelhof-Schöneberg,Kita Perelsplatz des Pestalozzi-Fröbel-Hauses,Perelsplatz,5,Pestalozzi-Fröbel-Haus Stiftung des öffentlichen Rechts,78
12159,Tempelhof-Schöneberg,Kita Philippus/ Ev. Kirchengem. Philippus-Nathanael,Stierstr.,017,Ev. Kirchengem. Philippus-Nathanael,75
12159,Tempelhof-Schöneberg,Kita Villa Anna,Schmargendorfer Str.,022,Schöneberger Vorschulerziehung e. V.,64
12159,Tempelhof-Schöneberg,Heilsarmee Kita Volltreffer,Fregestr.,013,Die Heilsarmee in Deutschland,63
12159,Tempelhof-Schöneberg,Waldorfkindergarten Friedenau,Sieglindestr.,001,Elterninitiative für Waldorfpädagogik in Schöneberg e.V.,60
12159,Tempelhof-Schöneberg,Kita Sponholzstraße,Sponholzstr.,015,Nachbarschaftsheim Schöneberg e.V.,46
12159,Tempelhof-Schöneberg,Kita Villa Anna-Vorschule-,Niedstr.,030,Schöneberger Vorschulerziehung e. V.,40
12159,Tempelhof-Schöneberg,Waldorfkindergarten Elfenreigen,Lauterstr.,026,Waldorfkindergarten Elfenreigen e.V.,38
12159,Tempelhof-Schöneberg,Kita DunjaKids Friedenau,Rheinstr.,1,SIN e.V.,30
12159,Tempelhof-Schöneberg,Kita Wielandstraße,Wielandstr.,23,Nachbarschaftsheim Schöneberg e.V.,28
12159,Tempelhof-Schöneberg,Kita Berliner Spatzen Verein zur Förderung der Mehrsprachigkeit,Hähnelstr.,015A,Verein zur Förderung der Mehrsprachigkeit e.V.,27
12159,Tempelhof-Schöneberg,"Kinderladen ""Friedenauer Spatzen""",Sponholzstr.,051,Frecher Spatz e.V.,25
12159,Tempelhof-Schöneberg,Naturdetektive Kita Cecilien,Ceciliengärten,040,Naturdetektive gUG (haftungsbeschränkt),25
12159,Tempelhof-Schöneberg,Lori Kids - Internationaler Musikbetonter Kindergarten,Stierstr.,007,kids in berlin kib gUG (haftungsbeschränkt),25
12159,Tempelhof-Schöneberg,Kita Lauterstr. 30,Lauterstr.,030,Nachbarschaftsheim Schöneberg e.V.,20
12159,Tempelhof-Schöneberg,Kindertagesstätte Die Traumfänger,Sponholzstr.,026,Federlos gUG,20
12159,Tempelhof-Schöneberg,EKT - Trotzköpfchen,Hedwigstr.,012,Trotzköpfchen e.V.,16
12159,Tempelhof-Schöneberg,Kinderladen Mäusebande,Sieglindestr.,004,Schöneberger Eltern-Initiativ-Kindertagesstätte e. V.,16
12159,Tempelhof-Schöneberg,EKT Hauruck,Perelsplatz,010,Elterninitiativ-Kindertagesstätte Hauruck e.V.,15
12159,Tempelhof-Schöneberg,Kinderladen mima,Sieglindestr.,008,Kita mima GmbH,15
12161,Tempelhof-Schöneberg,Kita Fehlerstraße/Kitas Süd-West,Fehlerstr.,002,Kindertagesstätten Berlin Süd-West,150
12161,Tempelhof-Schöneberg,Kita Fri-Willi/Kitas Süd-West,Friedrich-Wilhelm-Platz,012,Kindertagesstätten Berlin Süd-West,102
12161,Tempelhof-Schöneberg,Bilinguales Montessori-Kinderhaus Friedenau,Handjerystr.,046,Montessori und Friends Education gGmbH,100
12161,Tempelhof-Schöneberg,Kita El Mundo de los ninos,Goßlerstr.,008,El mundo de los ninos gGmbH,70
12161,Tempelhof-Schöneberg,Kita Paul und Anna/Ev. Kg Zum Guten Hirten,Goßlerstr.,003,Ev. Kirchengemeinde Zum Guten Hirten,65
12161,Tempelhof-Schöneberg,Kita Rheingaustraße des Pestalozzi-Fröbel-Hauses,Rheingaustr.,28,Pestalozzi-Fröbel-Haus Stiftung des öffentlichen Rechts,54
12161,Steglitz-Zehlendorf,Kita Fregestraße,Fregestr.,053,Nachbarschaftsheim Schöneberg e.V.,40
12161,Tempelhof-Schöneberg,Kita Rubin,Handjerystr.,060,Rubin e. V.,35
12161,Tempelhof-Schöneberg,Krippe Holsteinische Straße,Holsteinische Str.,030,Nachbarschaftsheim Schöneberg e.V.,30
12161,Tempelhof-Schöneberg,EKT - Rappelschlößchen,Schwalbacher Str.,010,Rappelschlößchen e.V.,22
12161,Tempelhof-Schöneberg,EKT - Milchzahn,Bundesallee,076,Milchzahn e.V.,20
12161,Steglitz-Zehlendorf,Krikelkrakel e.V.,Peschkestr.,008,Krikel Krakel e.V.,19
12161,Tempelhof-Schöneberg,EKT Sieglinde,Bundesallee,140,Eltern-Initiativ-Kindertagesstätte Sieglinde e. V.,18
12161,Tempelhof-Schöneberg,EKT - Berliner Malbüro,Mainauer Str.,006,Berliner Malbüro e.V.,15
12161,Tempelhof-Schöneberg,EKT - Kraut und Rüben,Schwalbacher Str.,008,Kraut und Rüben e.V.,15
12161,Tempelhof-Schöneberg,Kinderladen Atze und Co,Wilhelmshöher Str.,009,Kinderladen Atze und Co e.V.,15
12161,Tempelhof-Schöneberg,Kita Villa Anna -Krippe-,Holsteinische Str.,033A,Schöneberger Vorschulerziehung e. V.,12
12163,Steglitz-Zehlendorf,Kita Forststr. 40/Kitas Süd-West,Forststr.,040,Kindertagesstätten Berlin Süd-West,150
12163,Steglitz-Zehlendorf,Kita der Ev. Kirchengem. Patmos,Lepsiusstr.,025,Ev. Kirchengemeinde Patmos,105
12163,Steglitz-Zehlendorf,Kath. Kita Rosenkranz-Basilika,Kieler Str.,010,Kitas im Erzbistum Berlin-Zweckverband der katholischen Kirchengemeinden,70
12163,Steglitz-Zehlendorf,Kita Happy Kids (1. Einrichtung),Gritznerstr.,033,Happy Kids GmbH gemeinnützige Gesellschaft,45
12163,Steglitz-Zehlendorf,Kita Zaubermäuse,Lepsiusstr.,053,Infantarius Kindergärten gGmbH,40
12163,Steglitz-Zehlendorf,Kita Zauberzwerge,Ahornstr.,020,Infantarius Kindergärten gGmbH,32
12163,Steglitz-Zehlendorf,Kita -Happy Kids,Gritznerstr.,001,Happy Kids GmbH gemeinnützige Gesellschaft,27
12163,Steglitz-Zehlendorf,Kita Happy Kids,Forststr.,010,Happy Kids GmbH gemeinnützige Gesellschaft,26
12163,Steglitz-Zehlendorf,EKT - Ahörnchen,Zimmermannstr.,013,Eltern-Initiativ-Kindergruppe Ahörnchen e.V.,20
12163,Steglitz-Zehlendorf,EKT - Steglitzer Eierpamper,Markelstr.,023,Steglitzer Eierpamper e.V.,18
12163,Steglitz-Zehlendorf,EKT - Fliegenpilz,Markelstr.,024A,Fliegenpilz e.V.,16
12163,Steglitz-Zehlendorf,EKT - Zwergstatt,Gritznerstr.,067,Zwergstatt e. V.,15
12165,Steglitz-Zehlendorf,Kita Grunewaldstraße,Grunewaldstr.,17,Private Kant-Schulen gGmbH,118
12165,Steglitz-Zehlendorf,Kita John F.Kennedy Friendship Center,Am Fichtenberg,016,John F. Kennedy Friendship Center e.V.,117
12165,Steglitz-Zehlendorf,Kita Oberlin der Ev. Kirchengem. Matthäus,Schützenstr.,032,Ev. Kirchengemeinde Matthäus,90
12165,Steglitz-Zehlendorf,el caracol bilingualer Kindergarten,Grunewaldstr.,046,el caracol bilingualer Kindergarten Spanisch / Deutsch gGmbH,55
12165,Steglitz-Zehlendorf,Kita Diakoniewerk der Ev.-Freikirchl. Gem. - Baptisten,Rothenburgstr.,012A,Diakoniewerk d.Ev.-Freikirchl. Gem.-Baptisten- Bln-Stegl. KdöR e.V.,45
12165,Steglitz-Zehlendorf,Kita Schützenstraße,Schützenstr.,41A,FdM gemeinnützige UG (haftungsbeschränkt) Förderung der Mehrsprachigkeit,30
12165,Steglitz-Zehlendorf,EKT - Papalagi,Berlinickestr.,013,PAPALAGI e. V.,27
12165,Steglitz-Zehlendorf,EKT - Ringelbande,Schmidt-Ott-Str.,004,Ringelbande e.V.,18
12165,Steglitz-Zehlendorf,Intensiv-Frühfördergruppe für Kinder mit Autismus,Arno-Holz-Str.,10,Autismus Leben Berlin ALB gGmbH,8
12167,Steglitz-Zehlendorf,Kita Mittelstr. 6/Kitas Süd-West,Mittelstr.,006,Kindertagesstätten Berlin Süd-West,200
12167,Steglitz-Zehlendorf,Ev. Kindertagesstätte Südende,Buhrowstr.,006,Ev. Kirchengemeinde Südende,140
12167,Steglitz-Zehlendorf,Kita der Ev. Kirchengem. Markus,Liliencronstr.,015,Ev. Kirchengemeinde Markus,130
12167,Steglitz-Zehlendorf,Cardelinas,Leydenallee,090,tuKita gemeinnützige UG (haftungsbeschränkt),42
12167,Steglitz-Zehlendorf,Lemmis Kreativ-Kita,Gravelottestr.,010,Kreativ-Kitas Berlin Süd gUG (haftungsbeschränkt),40
12167,Steglitz-Zehlendorf,Kita JuliKinder,Borstellstr.,036,JuLi Kinder UG (haftungsbeschränkt),40
12167,Steglitz-Zehlendorf,Kita JuLi Kinder,Halskestr.,009,JuLi Kinder UG (haftungsbeschränkt),28
12167,Steglitz-Zehlendorf,EKT - Pusteblume,Sedanstr.,007,Pusteblume e.V.,25
12167,Steglitz-Zehlendorf,Kita Spatzenhaus,Birkbuschstr.,014,FdM gemeinnützige UG (haftungsbeschränkt) Förderung der Mehrsprachigkeit,25
12167,Steglitz-Zehlendorf,Kleine Zwergenparade,Breite Str.,001,Zwergenfamilie gGmbH,24
12167,Steglitz-Zehlendorf,EKT Ja Ja He und Co.,Breite Str.,038,Ja Ja He und Co. e.V.,22
12169,Steglitz-Zehlendorf,Kita Blütezeit,Kelchstr.,023,Blütezeit gGmbH,165
12169,Steglitz-Zehlendorf,Kita Blumenstadt,Selerweg,019,MITRA bilinguale Kindergärten gemeinnützige GmbH,114
12169,Steglitz-Zehlendorf,Kita Tautropfen,Steglitzer Damm,69A,AWO pro:mensch gGmbH,74
12169,Steglitz-Zehlendorf,Kita Steinstr. 14/Kitas Süd-West,Steinstr.,014A,Kindertagesstätten Berlin Süd-West,65
12169,Steglitz-Zehlendorf,Kita der Ev. Kirchengem. Lukas,Friedrichsruher Str.,1,Ev. Kirchengemeinde Lukas,50
12169,Steglitz-Zehlendorf,Kath. Kita Johannes Evangelist,Sohnreystr.,004,Kitas im Erzbistum Berlin-Zweckverband der katholischen Kirchengemeinden,50
12169,Steglitz-Zehlendorf,Kita Filandastr. 27/Kitas Süd-West,Filandastr.,027,Kindertagesstätten Berlin Süd-West,50
12169,Steglitz-Zehlendorf,Montessori Kinderhaus Steglitz,Plantagenstr.,001,Montessori und Friends Education gGmbH,30
12169,Steglitz-Zehlendorf,Kita - Bibbi Bär,Immenweg,013,Die Kuschelburg gemeinnützige UG (haftungsbeschränkt),28
12169,Steglitz-Zehlendorf,EKT - Kasymir,Menckenstr.,001,KASYMIR e.V.,25
12169,Steglitz-Zehlendorf,Kita Multitalent Heesestraße,Heesestr.,009,Kita Multitalent gGmbH,25
12169,Steglitz-Zehlendorf,EKT - Kulleberga,Altmarkstr.,026,Kulleberga e.V.,15
12203,Steglitz-Zehlendorf,Kita Manteuffelstr. 11/Kitas Süd-West,Manteuffelstr.,011,Kindertagesstätten Berlin Süd-West,224
12203,Steglitz-Zehlendorf,Kita An der Bäke/Kitas Süd-West,Haydnstr.,017,Kindertagesstätten Berlin Süd-West,195
12203,Steglitz-Zehlendorf,FRÖBEL Kindergarten Augustastrolche,Augustastr.,036,Fröbel Bildung und Erziehung gGmbH,160
12203,Steglitz-Zehlendorf,Klax Krippe Spatzennest und Klax Kindergarten Tinkerbell,Hindenburgdamm,022,KLAX Berlin gGmbH,136
12203,Steglitz-Zehlendorf,Kita d.Ev.Kirchengem.Paulus/Haus vorn rechts,Hindenburgdamm,101,Ev. Kirchengemeinde Paulus Lichterfelde,85
12203,Steglitz-Zehlendorf,Kita Schlosskobolde,Hindenburgdamm,28,Stadtteilzentrum Steglitz - Verein für soziale Arbeit e.V.,71
12203,Steglitz-Zehlendorf,Kath. Kita St. Annen,Gardeschützenweg,017,Kitas im Erzbistum Berlin-Zweckverband der katholischen Kirchengemeinden,60
12203,Steglitz-Zehlendorf,Kita der Evangelische Paulus-Kirchengemeinde,Roonstr.,009,Ev. Kirchengemeinde Paulus Lichterfelde,55
12203,Steglitz-Zehlendorf,Kita Tietzenweg,Tietzenweg,013,tandem BTL gGmbH,50
12203,Steglitz-Zehlendorf,Kinder in Lichterfelde,Hindenburgdamm,055,One World Kinder gGmbH,50
12203,Steglitz-Zehlendorf,Die kleinen Grünschnäbel III,Hortensienstr.,029,Die kleinen Grünschnäbel UG (haftungsbeschränkt),36
12203,Steglitz-Zehlendorf,Kita Berliner Sterne,Dürerstr.,020,Berliner Sterne gemeinnützige Unternehmergesellschaft (haftungsbeschränkt),35
12203,Steglitz-Zehlendorf,Kindergarten Hindenburgdamm,Hindenburgdamm,30,Fröbel Bildung und Erziehung gGmbH,30
12203,Steglitz-Zehlendorf,EKT - Rotz und Trotz,Sophienstr.,009,Rotz und Trotz e. V.,30
12203,Steglitz-Zehlendorf,EKT - Blumenladen,Moltkestr.,047,"EKT ""Blumenladen"" e. V.",25
12203,Steglitz-Zehlendorf,Noctiluca,Hindenburgdamm,100,KiMo gemeinnützige UG,24
12203,Steglitz-Zehlendorf,EKT Pippifax,Haydnstr.,007,EKT Pippifax e.V.,20
12205,Steglitz-Zehlendorf,Kita Baseler Strasse,Baseler Str.,161,Diakonisches Werk Steglitz und Teltow-Zehlendorf e. V.,100
12205,Steglitz-Zehlendorf,Kita Nannys Place,Drakestr.,001,Verein zur Betreuung und Förderung von Kindern in der Tageseinrichtung Nannys Place e. V.,66
12205,Steglitz-Zehlendorf,Kita Sonnenstrahl,Murtener Str.,010,Mittelhof e.V.,60
12205,Steglitz-Zehlendorf,el caracol - bilingualer Kindergarten,Drakestr.,9B,el caracol bilingualer Kindergarten Spanisch / Deutsch gGmbH,60
12205,Steglitz-Zehlendorf,Kita der Ev. Kirchengem. Johannes,Baseler Str.,067,Ev. Kirchengemeinde Johannes,50
12205,Steglitz-Zehlendorf,Kita Potsdamer Schlößchen,Potsdamer Str.,009,Mittelhof e.V.,50
12205,Steglitz-Zehlendorf,Kita der Johann-Sebastian-Bach Kirchengemeinde,Luzerner Str.,010,Ev. Kirchengemeinde Johann-Sebastian-Bach,45
12205,Steglitz-Zehlendorf,Kita Mary Poppinz II,Finckensteinallee,42A,Mary Poppinz gemeinnützige Unternehmergesellschaft (haftungsbeschränkt),41
12205,Steglitz-Zehlendorf,EKT - Steglitzer Kinderkreisel,Drakestr.,030,Steglitzer Kinderkreisel e.V.,39
12205,Steglitz-Zehlendorf,Kita Sausewind,Adolf-Martens-Str.,005,Orte für Kinder GmbH,33
12205,Steglitz-Zehlendorf,Kita Unter den Eichen,Unter den Eichen,093,Biegel e. V.,22
12205,Steglitz-Zehlendorf,EKT Langzeit,Kommandantenstr.,086,EKT Langzeit e.V.,20
12207,Steglitz-Zehlendorf,Kita Réaumurstr. 3/Kitas Süd-West,Réaumurstr.,003,Kindertagesstätten Berlin Süd-West,180
12207,Steglitz-Zehlendorf,Kita Cooperative Mensch eG,Prettauer Pfad,023,Cooperative Mensch eG,140
12207,Steglitz-Zehlendorf,Humanistische Kindertagesstätte Holtheimer Weg,Holtheimer Weg,6,"Humanistischer Verband Deutschlands, Landesverband Berlin-Brandenburg KdöR",135
12207,Steglitz-Zehlendorf,KiWi Kita Bühne,Fahrenheitstr.,032,KiWi Kita gemeinnützige UG (haftungsbeschränkt),133
12207,Steglitz-Zehlendorf,Kita Giesensdorfer Straße 11 - Lilli,Giesensdorfer Str.,011,Rubin e. V.,120
12207,Steglitz-Zehlendorf,Kita Sternenlichter,Celsiusstr.,069,SBH Nordost GmbH,101
12207,Steglitz-Zehlendorf,Kita Bethel Lichterfelde,Boothstr.,033,Kita Bethel Berlin gemeinnützige GmbH,100
12207,Steglitz-Zehlendorf,El Mundo de los Ninos gGmbH,Jungfernstieg,4C,El mundo de los ninos gGmbH,90
12207,Steglitz-Zehlendorf,Kita Lindenhof/Ev. Kirchengem. Petrus-Giesensdorf,Ostpreußendamm,064,Ev. Kirchengemeinde Petrus-Giesensdorf,83
12207,Steglitz-Zehlendorf,Kath. Kita St. Hildegard,Königsberger Str.,011,Kitas im Erzbistum Berlin-Zweckverband der katholischen Kirchengemeinden,60
12207,Steglitz-Zehlendorf,SpIn Kita,Ostpreußendamm,058,SpIn-Kita gGmbH,41
12207,Steglitz-Zehlendorf,Christlicher Kindergarten Schatzinsel,Schillerstr.,024,Christlicher Kindergarten Schatzinsel e.V.,40
12207,Steglitz-Zehlendorf,Kita Undinchen,Ostpreußendamm,071,Kita Undinchen gGmbH,40
12207,Steglitz-Zehlendorf,Kita Nusshütte Goerzallee,Goerzallee,141,CeFi - Bildung und Verständigung gGmbH,25
12207,Steglitz-Zehlendorf,SoKi Cooperative Mensch eG,Prettauer Pfad,023,Cooperative Mensch eG,0
12209,Steglitz-Zehlendorf,Kita Scheelestraße 83,Scheelestr.,083,CJD Berlin-Brandenburg im CJD e.V.,148
12209,Steglitz-Zehlendorf,Kita am Fliegeberg,Scheelestr.,45,Mittelhof e.V.,115
12209,Steglitz-Zehlendorf,Kita Lilienthal,Schütte-Lanz-Str.,043,Mittelhof e.V.,104
12209,Steglitz-Zehlendorf,Kita Petrusheim/Ev. Kirchengem. Petrus-Giesensdorf,Parallelstr.,029,Ev. Kirchengemeinde Petrus-Giesensdorf,90
12209,Steglitz-Zehlendorf,Kita Villa mima,Hildburghauser Str.,116,Kita mima GmbH,90
12209,Steglitz-Zehlendorf,Kita Lichterfelder Strolche,Scheelestr.,145,Stadtteilzentrum Steglitz - Verein für soziale Arbeit e.V.,67
12209,Steglitz-Zehlendorf,Kath. Kita St. Monika,Kiesstr.,045,Kitas im Erzbistum Berlin-Zweckverband der katholischen Kirchengemeinden,60
12209,Steglitz-Zehlendorf,EKT Die Maulwürfe,Lorenzstr.,057,"""Die Maulwürfe"" Kinderladen e.V.",45
12209,Steglitz-Zehlendorf,Kita Sonnenblume Saaleckplatz,Saaleckplatz,002,Kita Sonnenblume gGmbH,25
12209,Steglitz-Zehlendorf,Montessori-Kinderladen Mauersegler,Lankwitzer Str.,010,Montessori-Kinderladen-Mitte e. V.,22
12247,Steglitz-Zehlendorf,Kita Starke Kinder,Kaulbachstr.,059,Jugend- und Sozialwerk gGmbH,166
12247,Steglitz-Zehlendorf,Kita Ruthstr. 6/Kitas Süd-West,Ruthstr.,006,Kindertagesstätten Berlin Süd-West,145
12247,Steglitz-Zehlendorf,Kita Grashüpferchen,Kaiser-Wilhelm-Str.,116,Kita Grashüpferchen gemeinnützige GmbH,92
12247,Steglitz-Zehlendorf,Kath. Kita St. Benedikt,Corneliusstr.,031,Kitas im Erzbistum Berlin-Zweckverband der katholischen Kirchengemeinden,60
12247,Steglitz-Zehlendorf,Kita Villa Musica,Kaulbachstr.,050,EJF gemeinnützige AG,58
12247,Steglitz-Zehlendorf,Kita Dreikäse-Hoch (Wohneinheit links),Beethovenstr.,034,Mittelhof e.V.,50
12247,Steglitz-Zehlendorf,Kita Die Kobolde (Wohneinheit rechts),Beethovenstr.,034,Mittelhof e.V.,37
12247,Steglitz-Zehlendorf,Kita Benjamin Blume,Kaiser-Wilhelm-Str.,020,Kita Benjamin Blume gUG (haftungsbeschränkt),37
12247,Steglitz-Zehlendorf,EKT - Lankwitzer Spielkiste,Melanchthonstr.,003,Lankwitzer Spielkiste e.V.,30
12247,Steglitz-Zehlendorf,Kita Mary Poppinz I,Beethovenstr.,038,Mary Poppinz gemeinnützige Unternehmergesellschaft (haftungsbeschränkt),28
12247,Steglitz-Zehlendorf,EKT Stadtpark Steglitz,Paul-Schneider-Str.,022,Elterninitiativ-Kindertagesstätte (EKT) Stadtpark Steglitz e.V.,18
12249,Steglitz-Zehlendorf,Kita Frobenstraße/Kitas Süd-West,Frobenstr.,075,Kindertagesstätten Berlin Süd-West,195
12249,Steglitz-Zehlendorf,Kita Wedellstraße/Kitas Süd-West,Wedellstr.,059,Kindertagesstätten Berlin Süd-West,159
12249,Tempelhof-Schöneberg,Kath. Kita Vom Guten Hirten,Tennstedter Str.,002F,Kitas im Erzbistum Berlin-Zweckverband der katholischen Kirchengemeinden,135
12249,Steglitz-Zehlendorf,Kita Milchbartpiraten,Ursulastr.,012,J. KERSTEN Betriebs-gGmbH,125
12249,Steglitz-Zehlendorf,Kita der Ev. Kirchengem. Paul-Schneider,Wedellstr.,076,Ev. Kirchengemeinde Paul-Schneider,102
12249,Steglitz-Zehlendorf,Kita Maltinis,Malteserstr.,120,Stadtteilzentrum Steglitz - Verein für soziale Arbeit e.V.,90
12249,Steglitz-Zehlendorf,Kita der Ev. Kirchengem. Dreifaltigkeit,Gallwitzallee,002,Ev. Kirchengemeinde Dreifaltigkeit,85
12249,Steglitz-Zehlendorf,hisa Kita Derfflingerstraße,Derfflingerstr.,032,hisa gemeinnützige Gesellschaft mit beschränkter Haftung (hisa gGmbH),65
12249,Steglitz-Zehlendorf,Kath. Kita Von der Auferstehung Christi,Kamenzer Damm,066,Kitas im Erzbistum Berlin-Zweckverband der katholischen Kirchengemeinden,60
12249,Steglitz-Zehlendorf,Naturdetektive Kita Dessauer,Dessauerstr.,028,Naturdetektive gUG (haftungsbeschränkt),46
12249,Steglitz-Zehlendorf,Erste Freunde,Sondershauser Str.,50,Ev. Kirchengemeinde Dietrich-Bonhoeffer,45
12249,Steglitz-Zehlendorf,Kita Zaubersterne,Gallwitzallee,035,Infantarius Kindergärten gGmbH,41
12249,Steglitz-Zehlendorf,Kita der Ev. Kirchengem. Dietrich-Bonhoeffer,Dessauerstr.,14,Ev. Kirchengemeinde Dietrich-Bonhoeffer,40
12249,Steglitz-Zehlendorf,Kita Milchbartpiraten Babies,Ingridpfad,19,J. KERSTEN Betriebs-gGmbH,35
12249,Steglitz-Zehlendorf,Spin-Kita 2,Dessauerstr.,045,SpIn-Kita gGmbH,30
12249,Steglitz-Zehlendorf,EKT Lankwitz,Ingridpfad,014,Elterninitiative Lankwitz e.V.,30
12249,Steglitz-Zehlendorf,Kita Beselerstraße,Beselerstr.,001,Verein zur Förderung der Mehrsprachigkeit e.V.,30
12277,Tempelhof-Schöneberg,Kita Domagkstr. 4/Kitas Süd-West,Domagkstr.,004,Kindertagesstätten Berlin Süd-West,120
12277,Tempelhof-Schöneberg,Kita Kleckerbande,Bruno-Möhring-Str.,007,Stadtteilzentrum Steglitz - Verein für soziale Arbeit e.V.,120
12277,Tempelhof-Schöneberg,hisa Kita Malteserstraße,Malteserstr.,171B,hisa gemeinnützige Gesellschaft mit beschränkter Haftung (hisa gGmbH),100
12277,Tempelhof-Schöneberg,Kita Stegerwald,Stegerwaldstr.,050,Nachbarschaftsheim Schöneberg e.V.,95
12277,Tempelhof-Schöneberg,Kita Krümel-Club,An der Dorfkirche,005,Krümel-Club gGmbH,68
12277,Tempelhof-Schöneberg,Ev. Dreikönigs Kita,Kirchstr.,031,Ev. Kirchenkreisverband für Kindertageseinrichtungen Berlin-Mitte-West (Kitaverband Mitte-West),65
12277,Tempelhof-Schöneberg,Kath. Kita St. Alfons,Emilienstr.,009,Kitas im Erzbistum Berlin-Zweckverband der katholischen Kirchengemeinden,65
12277,Tempelhof-Schöneberg,Kita Kinder Wunderland,Hranitzkystr.,16,Kita Kinder Wunderland gemeinnützige UG (haftungsbeschränkt),60
12277,Tempelhof-Schöneberg,Kindertagesstätte Marienfelder Kiezhopser,Alt-Marienfelde,054,Stadtteilzentrum Steglitz - Verein für soziale Arbeit e.V.,60
12277,Tempelhof-Schöneberg,Naturdetektive Kita Marienfelder,Marienfelder Allee,102,Naturdetektive gUG (haftungsbeschränkt),47
12279,Tempelhof-Schöneberg,Kita Vier Jahreszeiten des NUSZ,Luckeweg,015,Nachbarschafts- u. Selbsthilfezentrum in der UFA-Fabrik e.V.,206
12279,Tempelhof-Schöneberg,Kita Kinder in Marienfelde,Friedenfelser Str.,011,One World Kinder gGmbH,135
12279,Tempelhof-Schöneberg,Ev. Dorotheen Kita,Waldsassener Str.,009,Ev. Kirchenkreisverband für Kindertageseinrichtungen Berlin-Mitte-West (Kitaverband Mitte-West),105
12279,Tempelhof-Schöneberg,Kita Marienfelder Käfer,Marienfelder Allee,212,Krekup gUG,90
12279,Tempelhof-Schöneberg,Kita Grashüpferchen III,Hildburghauser Str.,073,Kita Grashüpferchen gemeinnützige GmbH,80
12279,Tempelhof-Schöneberg,Kückenbande,Hildburghauser Str.,029,Center Lingual gemeinnützige UG (haftungsbeschränkt),45
12279,Tempelhof-Schöneberg,Kinderwelt,Ahrensdorfer Str.,031,Kinderwelt e. V. Berlin,43
12279,Tempelhof-Schöneberg,EKT Spatzennest,Friedenfelser Str.,013,"Elterninitiative Kindertagesstätte Spatzennest e. V., abgekürzt EKT Spatzennest",39
12279,Tempelhof-Schöneberg,EKT Jungadler,Tirschenreuther Ring,069,Jungadler e.V.,30
12279,Tempelhof-Schöneberg,EKT Marienfelde,Waldsassener Str.,050,Elterninitiativ - Kindertagesstätte Marienfelde e. V.,26
12279,Tempelhof-Schöneberg,Marienfelder GS (nur Sprachförderung),Tirschenreuther Ring,69,Edusation - gemeinnützige Gesellschaft für Integration und Sprachförderung mbH,25
12279,Tempelhof-Schöneberg,Kita Drachenburg,Friedenfelser Str.,035,Kidsdream gGmbH,22
12279,Tempelhof-Schöneberg,Kita Kinder Wunderland (nur Sprachförderung),Marienfelder Allee,203,Kita Kinder Wunderland gemeinnützige UG (haftungsbeschränkt),2
12305,Tempelhof-Schöneberg,Kita Sonnenblume,Schwebelstr.,022,Kita Sonnenblume gGmbH,220
12305,Tempelhof-Schöneberg,Kita Griembergweg,Griembergweg,029,Griembergweg e.V.,190
12305,Tempelhof-Schöneberg,Kita Finchleystraße,Finchleystr.,006,INA.KINDER.GARTEN gGmbH,140
12305,Tempelhof-Schöneberg,Kita Abenteuerland,Lichtenrader Damm,190,Jugend- und Sozialwerk gGmbH,120
12305,Tempelhof-Schöneberg,Kita Sonnenblume,Ringelnatzstr.,010,Kita Sonnenblume gGmbH,60
12305,Tempelhof-Schöneberg,Waldorfkindergarten Goldwurzel,Zeißpfad,025,Waldorfkindergarten Goldwurzel Tempelhof e.V.,35
12305,Tempelhof-Schöneberg,EKT - Lichtenrader Dreckspatzen,Lintruper Str.,057,Lichtenrader Dreckspatzen e.V.,34
12305,Tempelhof-Schöneberg,Kita Benjamin Blume Lichtenrade,Freiertweg,012,Kita Benjamin Blume gUG (haftungsbeschränkt),31
12305,Tempelhof-Schöneberg,Kita Happyloca,Geibelstr.,77,Happyloca gGmbH,25
12305,Tempelhof-Schöneberg,Schlösschen Süd,Alt-Lichtenrade,029,LifExperience gemeinnützige Gesellschaft für Bildung Erziehung und Betreuung mbH,24
12305,Tempelhof-Schöneberg,Ev.Teilzeit-Kita im Rackebüller Weg,Rackebüller Weg,064,Ev. Kirchengemeinde Lichtenrade,23
12305,Tempelhof-Schöneberg,Ania's Kindertagesstätten,Rapstedter Weg,038,Ania's Kindertagestätten gUG,21
12307,Tempelhof-Schöneberg,Kita Haus Salem/Kitas Süd-West,Hohenzollernstr.,015,Kindertagesstätten Berlin Süd-West,170
12307,Tempelhof-Schöneberg,Kita Steinchen,Steinstr.,011,Kita Steinchen gGmbH,120
12307,Tempelhof-Schöneberg,Kita Hauptstadtzwerge,Nuthestr.,018,Hauptstadtzwerge gGmbH,85
12307,Tempelhof-Schöneberg,Kita Blohmstraße,Blohmstr.,61a,hisa gemeinnützige Gesellschaft mit beschränkter Haftung (hisa gGmbH),78
12307,Tempelhof-Schöneberg,Ev. Teilzeit-Kita Goltzstraße,Goltzstr.,033,Ev. Kirchengemeinde Lichtenrade,29
12307,Tempelhof-Schöneberg,Die Kindergärtnerei,Briesingstr.,030,Die Kindergärtnerei Kinderhaus Briesingstraße e. V.,25
12307,Tempelhof-Schöneberg,Kenntnisreich im Lichtenrader Revier,Steinstr.,41D,Kenntnisreich Kindertagesstätten gGmbH,25
12307,Tempelhof-Schöneberg,EKT Mini-Kids-Salvator,Pfarrer-Lütkehaus-Platz,001,EKT Mini-Kids-Salvator e.V.,24
12307,Tempelhof-Schöneberg,Kinderladen Zwergenkiste,Spirdingseestr.,003,Kinderladen Zwergenkiste e. V.,20
12309,Tempelhof-Schöneberg,Kita Nahariyastr. 21/Kitas Süd-West,Nahariyastr.,21,Kindertagesstätten Berlin Süd-West,190
12309,Tempelhof-Schöneberg,BOOT-Kita Traumburg,Weilburgstr.,11,Gemeinnützige BOOT GmbH,180
12309,Tempelhof-Schöneberg,Kita Töpchiner Weg,Töpchiner Weg,127,Internationaler Bund - IB Berlin-Brandenburg gGmbH für Bildung und soziale Dienste (IB Berlin-Brandenburg gGmbH),136
12309,Tempelhof-Schöneberg,Kita der Ev. Kirchengem. Lichtenrade,Alt-Lichtenrade,107,Ev. Kirchengemeinde Lichtenrade,113
12309,Tempelhof-Schöneberg,Kita Sophiechen,Alt-Lichtenrade,113,Sophien Bildungswerk e.V.,95
12309,Tempelhof-Schöneberg,Kita Paradiesvögel-Die Zwergflamingos,Bornhagenweg,53,eventus Bildung gGmbH,88
12309,Tempelhof-Schöneberg,Kita Feuerwache,Alt-Lichtenrade,097,Jugend- und Sozialwerk gGmbH,72
12309,Tempelhof-Schöneberg,EKT - Pillepoppen,Alt-Lichtenrade,100,Pillepoppen e. V.,60
12309,Tempelhof-Schöneberg,hisa Kita Kirchhainer Damm,Kirchhainer Damm,011,hisa gemeinnützige Gesellschaft mit beschränkter Haftung (hisa gGmbH),60
12309,Tempelhof-Schöneberg,EKT - Kita-Verein Lichtenrade Ost - Nahariyastr. 45,Nahariyastr.,045,Kindertagesstättenverein Lichtenrade-Ost e. V.,30
12309,Tempelhof-Schöneberg,Kita-Verein Lichtenrade Ost - Groß-Ziethener-Str. 82,Groß-Ziethener Str.,082,Kindertagesstättenverein Lichtenrade-Ost e. V.,28
12309,Tempelhof-Schöneberg,Kita Frühlicht,Skarbinastr.,082,"JuBiSA - Jugend, Bildung und Soziale Arbeit gemeinnützige UG (haftungsbeschränkt)",25
12309,Tempelhof-Schöneberg,EKT - Kita-Verein Lichtenrade Ost - Groß-Ziethener-Str. 96,Groß-Ziethener Str.,096,Kindertagesstättenverein Lichtenrade-Ost e. V.,24
12309,Tempelhof-Schöneberg,Cheburashka-Tempelhof,Nahariyastr.,040,Cheburashka gGmbH,24
12309,Tempelhof-Schöneberg,Kindergarten Muna,Homburgstr.,017,IKT Stadtindianer e.V.,21
12309,Tempelhof-Schöneberg,EKT - Kita-Verein Lichtenrade Ost,Groß-Ziethener Str.,090,Kindertagesstättenverein Lichtenrade-Ost e. V.,17
12347,Neukölln,Lebenshilfe iKita,Straße 614,024,Lebenshilfe iKita gGmbH,260
12347,Neukölln,Kita Sonnenkäfer,Holzmindener Str.,23,FiPP e. V. - Fortbildungsinstitut für die pädagogische Praxis,168
12347,Neukölln,Kita Arielle 2,Germaniapromenade,010,Ali Baba Multikulturelle Generation gGmbH,80
12347,Neukölln,Kita Arielle 4,Britzer Damm,058,Grenzenlos Kind gemeinnützige UG (haftungsbeschränkt),80
12347,Neukölln,Elif und Emil 1,Britzer Damm,146,IKV Kita gGmbH,70
12347,Neukölln,Villa Frühlicht,Britzer Damm,141,"JuBiSA - Jugend, Bildung und Soziale Arbeit gemeinnützige UG (haftungsbeschränkt)",57
12347,Neukölln,EKT - Dinglhopper,Mohriner Allee,067,Dinglhopper e.V.,40
12347,Neukölln,Kindertagesstätte Kinderplaneten,Germaniapromenade,008,Sprache verbindet IB gGmbH,40
12347,Neukölln,Kita Kleine Monster AG,Mohriner Allee,096,Kleine Monster e. V.,33
12347,Neukölln,Kita Salam-Frieden 3,Jahnstr.,85,Wassila Soziale Gesellschaft für Integration u. Arbeit mit Kindern und Jugendlichen gGmbH,32
12347,Neukölln,EKT Matschmonster,Britzer Damm,101,Matschmonster e.V.,28
12347,Neukölln,Kita Mucklabo,Wederstr.,87,Nordische Bildungswerkstatt UG (haftungsbeschränkt),25
12347,Neukölln,Kita Britzer Zwerge,Britzer Damm,154,Hauptstadtzwerge gGmbH,25
12347,Neukölln,Kita Matschmonster 3,Britzer Damm,147,Matschmonster e.V.,17
12347,Neukölln,Heilpädagogische Gruppe Lebenshilfe iKita,Straße 614,24,Lebenshilfe iKita gGmbH,8
12347,Neukölln,Kita Riesestr. 2-4/Kitas SüdOst,Riesestr.,2,Kindertagesstätten SüdOst Eigenbetrieb von Berlin,0
12349,Neukölln,Kita Künheimer Weg,Künheimer Weg,7,FiPP e. V. - Fortbildungsinstitut für die pädagogische Praxis,158
12349,Neukölln,Kita An den Achterhöfen 1/Kitas SüdOst,An den Achterhöfen,001,Kindertagesstätten SüdOst Eigenbetrieb von Berlin,136
12349,Neukölln,Kindergarten am Britzer Garten,Buckower Damm,186,Kinder in Bewegung gGmbH Gemeinnützige Kindergarten-Trägergesellschaft des Berliner Sports,136
12349,Neukölln,Kindergarten Grashüpfer,Parksiedlung Spruch,111,Kinder in Bewegung gGmbH Gemeinnützige Kindergarten-Trägergesellschaft des Berliner Sports,130
12349,Neukölln,Freude Kita Neukölln 2,Am Mühlanger,19,FREUDE Kindergärten Süd-West gGmbH,116
12349,Neukölln,Buckower Spatzen Bewegungskindergarten,Buckower Damm,192,Kinder in Bewegung gGmbH Gemeinnützige Kindergarten-Trägergesellschaft des Berliner Sports,105
12349,Neukölln,Humanistische Kindertagesstätte Michel-Klinitz-Weg,Michel-Klinitz-Weg,18,"Humanistischer Verband Deutschlands, Landesverband Berlin-Brandenburg KdöR",104
12349,Neukölln,Ev. Kita Neu-Buckow,Quarzweg,116,Evangelischer Verband für Kita und Familie,102
12349,Neukölln,Kita Rüsselbande,Drusenheimer Weg,043,Käpt'n Browser gemeinnützige Gesellschaft mit beschränkter Haftung,100
12349,Neukölln,Ev. Kita Johann-Christoph-Blumhardt,Buckower Damm,059,Evangelischer Verband für Kita und Familie,80
12349,Neukölln,Schloss Undinchen,Buckower Damm,191,Kita Undinchen gGmbH,76
12349,Neukölln,Kita Am Dorfteich,Alt-Buckow,039,Orte für Kinder GmbH,50
12349,Neukölln,Kinderladen Naturkind e.V.,Schlierbacher Weg,018,Naturkind e. V.,32
12349,Neukölln,Kita Igelschnecken-Igelkinder,Sandsteinweg,025A,TÄKS e. V.,32
12351,Neukölln,Ev. Kita Dreieinigkeit,Lipschitzallee,023,Evangelischer Verband für Kita und Familie,160
12351,Neukölln,Ev. Kita Martin Luther King,Martin-Luther-King-Weg,007,Evangelischer Verband für Kita und Familie,150
12351,Neukölln,Kindergarten Tischlerzeile,Tischlerzeile,30,Kinder in Bewegung gGmbH Gemeinnützige Kindergarten-Trägergesellschaft des Berliner Sports,150
12351,Neukölln,Kita Familya,Johannisthaler Chaussee,408,Kita Familya gGmbH,142
12351,Neukölln,Ev. Kita Coretta King,Bohm-Schuch-Weg,009,Evangelischer Verband für Kita und Familie,140
12351,Neukölln,Elif und Emil 3,Johannisthaler Chaussee,233,IKV Kita gGmbH,123
12351,Neukölln,Kita Erdmännchen 3,Fritz-Erler-Allee,026,Erdmännchen gemeinnützige GmbH,53
12351,Neukölln,Bärliner Bärchis Kita,Johannisthaler Chaussee,392,Bright Kids KITA gemeinnützige UG (haftungsbeschränkt),28
12351,Neukölln,Kita Erdmännchen 2,Hirtsieferzeile,039,Erdmännchen gemeinnützige GmbH,27
12351,Neukölln,Kinderland Gropiusstadt,Eugen-Bolz-Kehre,010,Mieterinitiative HWS-Gropiusstadt e.V.,25
12353,Neukölln,Tabaluga Bewegungskindergarten,Zwickauer Damm,024,Kinder in Bewegung gGmbH Gemeinnützige Kindergarten-Trägergesellschaft des Berliner Sports,186
12353,Neukölln,Kita Wutzkyallee 90/Kitas SüdOst,Wutzkyallee,090,Kindertagesstätten SüdOst Eigenbetrieb von Berlin,158
12353,Neukölln,Kita Wildhüterweg 8/Kitas SüdOst,Wildhüterweg,008,Kindertagesstätten SüdOst Eigenbetrieb von Berlin,140
12353,Neukölln,Humanistische Kindertagesstätte Landreiterweg,Landreiterweg,55,"Humanistischer Verband Deutschlands, Landesverband Berlin-Brandenburg KdöR",140
12353,Neukölln,Ev. Kita Regenbogen,Ulrich-von-Hassell-Weg,004,Evangelischer Verband für Kita und Familie,130
12353,Neukölln,"IB-Kita, Internationaler Bund",Kirschnerweg,029,Internationaler Bund - IB Berlin-Brandenburg gGmbH für Bildung und soziale Dienste (IB Berlin-Brandenburg gGmbH),105
12353,Neukölln,Kita MANNA,Lipschitzallee,72,Malteser Hilfsdienst gGmbH,99
12353,Neukölln,Kita Apfelsinenkiste/Ev. Kirchenkreis Neukölln,Joachim-Gottschalk-Weg,041,Evangelischer Verband für Kita und Familie,93
12353,Neukölln,Kita Erdmännchen 5,Mollnerweg,34A,Erdmännchen gemeinnützige GmbH,70
12353,Neukölln,Kita Kleine Kapitäne Ringslebenstr.,Ringslebenstr.,2b,Kita Kleine Kapitäne 2 gGmbH,67
12353,Neukölln,Kita Pretty World 4,Agnes-Straub-Weg,020,Pretty World gGmbH,65
12353,Neukölln,Kath. Kita St. Dominicus,Lipschitzallee,074,Kitas im Erzbistum Berlin-Zweckverband der katholischen Kirchengemeinden,62
12353,Neukölln,Erdmännchen 4,Lipschitzallee,68A,Erdmännchen gemeinnützige GmbH,60
12353,Neukölln,Kleiner Fratz,Joachim-Gottschalk-Weg,003,Kleiner Fratz City Süd GmbH,35
12353,Neukölln,Kleine Kapitäne Rudow,Theodor-Loos-Weg,052,Kita Kleine Kapitäne 3 gUG,31
12353,Neukölln,EKT - Mieterinitiative HWS-Gropiusstadt,Lipschitzallee,038,Mieterinitiative HWS-Gropiusstadt e.V.,30
12355,Neukölln,Kindergarten Sausewind,Köpenicker Str.,154,Kinder in Bewegung gGmbH Gemeinnützige Kindergarten-Trägergesellschaft des Berliner Sports,200
12355,Neukölln,Kita Neudecker Weg 84/Kitas SüdOst,Neudecker Weg,084,Kindertagesstätten SüdOst Eigenbetrieb von Berlin,188
12355,Neukölln,Kita Till Eulenspiegel,Korbmacherweg,033,Orte für Kinder GmbH,145
12355,Neukölln,Ev.Kita Momo Kirchenkreis Neukölln,Neudecker Weg,033,Evangelischer Verband für Kita und Familie,140
12355,Neukölln,Kita Groß-Ziethener-Chaussee 144/Kitas SüdOst,Groß-Ziethener Chaussee,144,Kindertagesstätten SüdOst Eigenbetrieb von Berlin,126
12355,Neukölln,Kita Grashüpferchen Rudow,Selgenauer Weg,001A,Kita Grashüpferchen gemeinnützige GmbH,120
12355,Neukölln,AWO Kita Die wilde 13,Jeanette-Wolff-Str.,013,Arbeiterwohlfahrt Berlin Kreisverband Südost e.V.,105
12355,Neukölln,Kita Ursulinchen,Ursulinenstr.,027,Forum Soziale Dienste Kita I GmbH,90
12355,Neukölln,Kita Knollstr. 73/Kitas SüdOst,Knollstr.,073,Kindertagesstätten SüdOst Eigenbetrieb von Berlin,90
12355,Neukölln,Kita Rudow,Prierosser Str.,070,Evangelischer Verband für Kita und Familie,90
12355,Neukölln,Kindergarten Dörferblick VfJ e.V.,Waßmannsdorfer Chaussee,192,Vereinigung für Jugendhilfe Berlin e.V.,80
12355,Neukölln,Kindertagesstätte Chiquitito,Dora-Mendler-Str.,002A,Verein zur Errichtung und Betreibung von EKT's e.V.,57
12355,Neukölln,Naturdetektive Kita Lieselotte,Lieselotte-Berger-Str.,019,Naturdetektive gUG (haftungsbeschränkt),28
12355,Neukölln,Kinderladen flinke kids,Elly-Heuss-Knapp-Str.,021,flinke - kids e. V.,22
12355,Neukölln,Klein aber oho,Großenhainer Weg,010,Social Balance gGmbH,18
12357,Neukölln,Kita Flurweg,Flurweg,077,INA.KINDER.GARTEN gGmbH,190
12357,Neukölln,Kath. Kita St. Joseph,Alt-Rudow,46,Kitas im Erzbistum Berlin-Zweckverband der katholischen Kirchengemeinden,76
12357,Neukölln,Kita Cheburashka Rudow,Stubenrauchstr.,103,Cheburashka gGmbH,60
12357,Neukölln,"EKT - ""Balou""",Neuköllner Str.,312,Verein zur Errichtung und Betreibung von EKT's e.V.,49
12357,Neukölln,Kita Piratennest,Neuköllner Str.,226,LebensTraum Kinder UG (haftungsbeschränkt),25
12357,Neukölln,Kita Die kleinen Forscher,Alt-Rudow,057,KLEO KinderLernOrte Bildungseinrichtung gGmbH,25
12357,Neukölln,Heilpädagogische Gruppe INA Kindergarten Flurweg,Flurweg,77,INA.KINDER.GARTEN gGmbH,4
12359,Neukölln,Kinder in Bewegung,Fulhamer Allee,001,Kinder in Bewegung gGmbH Gemeinnützige Kindergarten-Trägergesellschaft des Berliner Sports,180
12359,Neukölln,EKT Vereinigung für Jugendhilfe Berlin,Parchimer Allee,002,Vereinigung für Jugendhilfe Berlin e.V.,152
12359,Neukölln,Kita Ortolanweg 94/Kitas SüdOst,Ortolanweg,094,Kindertagesstätten SüdOst Eigenbetrieb von Berlin,115
12359,Neukölln,Kita Rappelkiste,Wesenberger Ring,013,Arbeiterwohlfahrt Berlin Kreisverband Südost e.V.,93
12359,Neukölln,Ev. Kita Hephatha,Fritz-Reuter-Allee,136,Evangelischer Verband für Kita und Familie,90
12359,Neukölln,Kita Grüner Weg 56/Kitas SüdOst,Grüner Weg,056,Kindertagesstätten SüdOst Eigenbetrieb von Berlin,80
12359,Neukölln,Kita Britz Dorf,Fulhamer Allee,053,Evangelischer Verband für Kita und Familie,80
12359,Neukölln,Katholische Kindertagesstätte Hl. Schutzengel,Alt-Britz,041,Kitas im Erzbistum Berlin-Zweckverband der katholischen Kirchengemeinden,50
12359,Neukölln,Kita Ravelin,Wesenberger Ring,001,FamilienZitadelle gemeinnützige GmbH,50
12359,Neukölln,Kindertagesstätte Evin,Buschkrugallee,023,Waqfa Kultura Kurdi-Stiftung kurdische Kultur,45
12359,Neukölln,Kita Regenbogen,Buschkrugallee,031,Regenbogen gGmbH,44
12359,Neukölln,Kita Erdmännchen 1,Fritz-Reuter-Allee,173,Erdmännchen gemeinnützige GmbH,40
12359,Neukölln,Kita Die Möwe,Möwenweg,021,Forum Soziale Dienste Kita I GmbH,36
12359,Neukölln,Kath. Kita Bruder Klaus,Bruno-Taut-Ring,009G,Kitas im Erzbistum Berlin-Zweckverband der katholischen Kirchengemeinden,30
12359,Neukölln,Matschmonster II,Pätzer Str.,017,Matschmonster e.V.,25
12359,Neukölln,Kinder- und Schülerladen Purzelbaum Britz,Hanne Nüte,001,Kinder- und Schülerladen Purzelbaum Britz e.V.,22
12359,Neukölln,Kita Paster-Behrens-Str. 81/Kitas SüdOst,Paster-Behrens-Str.,81,Kindertagesstätten SüdOst Eigenbetrieb von Berlin,0
12435,Treptow-Köpenick,Fröbel-Naturkindergarten Treptow,Puschkinallee,10,Fröbel Bildung und Erziehung gGmbH,260
12435,Treptow-Köpenick,Kita Am Treptower Park 76/77/Kitas SüdOst,Am Treptower Park,076,Kindertagesstätten SüdOst Eigenbetrieb von Berlin,180
12435,Treptow-Köpenick,Kita Offensiv ' 91 - Bouchéstraße 25 A,Bouchéstr.,025A,offensiv´91 Soziale Dienste gGmbH,125
12435,Treptow-Köpenick,FRÖBEL Kindergarten Heureka,Martin-Hoffmann-Str.,012,Fröbel Bildung und Erziehung gGmbH,76
12435,Treptow-Köpenick,Kita Orionstraße,Orionstr.,40,Kindertagesstätten SüdOst Eigenbetrieb von Berlin,75
12435,Treptow-Köpenick,2. Kita Pretty World,Elsenstr.,102A,Pretty World gGmbH,45
12435,Treptow-Köpenick,Kita Greta and Friends,Puderstr.,021,GFAJ e.V.,40
12435,Treptow-Köpenick,Kita Pretty World,Elsenstr.,025,Pretty World gGmbH,27
12435,Treptow-Köpenick,Elterninitiativ-Kita Kunger Küken,Wildenbruchstr.,041,Kunger Küken e. V.,25
12435,Treptow-Köpenick,Kinderstube Abeona,Elsenstr.,041,Kinderstube Abeona e. V.,25
12435,Treptow-Köpenick,Kita Am Karpfenteich,Am Treptower Park,070,WeG gGmbH,24
12435,Treptow-Köpenick,EKT Flitzpiepen,Am Treptower Park,037,Alt-Treptower Kinderladen Elterninitiative e.V.,20
12435,Treptow-Köpenick,EKT Karl und Karla,Karl-Kunger-Str.,059,Karl und Karla e. V.,20
12435,Treptow-Köpenick,Waldkita,Am Treptower Park,70,WeG gGmbH,18
12437,Treptow-Köpenick,Kita Heidekampweg,Heidekampweg,103,Kinder im Kiez gGmbH,155
12437,Treptow-Köpenick,AWO Kita Spatzennest,Dammweg,155,Arbeiterwohlfahrt Berlin Kreisverband Südost e.V.,150
12437,Treptow-Köpenick,Kita Am Märchenpark,Hänselstraße,13,FiPP e. V. - Fortbildungsinstitut für die pädagogische Praxis,150
12437,Treptow-Köpenick,Kita Heidemühler Weg,Heidemühler Weg,037,Kindertagesstätten SüdOst Eigenbetrieb von Berlin,125
12437,Treptow-Köpenick,Kita Hummelflug,Platanenweg,065,Sozialdiakonische Arbeit Lichtenberg-Oberspree GmbH,90
12437,Treptow-Köpenick,Kita Dornbrunner Str. 17/Kitas SüdOst,Dornbrunner Str.,017,Kindertagesstätten SüdOst Eigenbetrieb von Berlin,75
12437,Treptow-Köpenick,Kita Die kleinen Entdecker,Heidekampweg,045,KLEO KinderLernOrte Bildungseinrichtung gGmbH,42
12437,Treptow-Köpenick,Villa Klecks,Kiefholzstr.,269,GEFA gemeinnützige Gesellschaft für Familienaktivierung mbH,40
12437,Treptow-Köpenick,Kleiner Fratz,Ernststr.,004,Kleiner Fratz GmbH,40
12437,Treptow-Köpenick,Kleiner Fratz,Behringstr.,033,Kleiner Fratz City Süd GmbH,35
12437,Treptow-Köpenick,Kita Die Traumfänger - Baumschulenweg,Köpenicker Landstr.,246,Federlos gUG,30
12437,Treptow-Köpenick,Kita Arbolitos,Baumschulenstr.,103,tuKita la segunda gUG,30
12437,Treptow-Köpenick,Kita Die Plänter/WeG gGmbH,Rodelbergweg,002,WeG gGmbH,25
12437,Treptow-Köpenick,Kita Pirole,Schraderstr.,012,era Erziehung und Ästhetik gemeinnützige GmbH,25
12437,Treptow-Köpenick,Kita Arbolitos 2,Eschenbachstr.,002,tuKita la segunda gUG,22
12437,Treptow-Köpenick,Kila Wilde Mö(h)re,Mörikestr.,002,FreiRäume e. V.,18
12439,Treptow-Köpenick,Kita Adlerküken,Adlergestell,107,Euro-Schulen gemeinnützige Gesellsch. für berufl. Bildung und Beschäftigung mbH,160
12439,Treptow-Köpenick,Kita Spreeknirpse,Grimaustr.,035,Sozialdiakonische Arbeit Lichtenberg-Oberspree GmbH,150
12439,Treptow-Köpenick,Kita Wirbelwind,Moosstr.,057,Kinder in Bewegung gGmbH Gemeinnützige Kindergarten-Trägergesellschaft des Berliner Sports,100
12439,Treptow-Köpenick,Humanistische Kindertagesstätte Johanna-Tesch-Straße,Johanna-Tesch-Str.,20,"Humanistischer Verband Deutschlands, Landesverband Berlin-Brandenburg KdöR",90
12439,Treptow-Köpenick,Kita im Fenngarten,Fennstr.,005,junior JoEL im Fenngarten gUG,77
12439,Treptow-Köpenick,Kindergarten der Freien Waldorfschule Berlin-Südost,Johanna-Tesch-Str.,032,Waldorfpädagogik in Berlin-Südost e.V.,55
12439,Treptow-Köpenick,Kita Sonnenstrahl der Ev.KG Niederschöneweide,Köllnische Str.,008,Ev. Kirchengemeinde Niederschöneweide,50
12439,Treptow-Köpenick,Mosaik Kita,Adlergestell,133,IBEB Initiative für Bildung und Erziehung Berlin gemeinnützige GmbH,46
12439,Treptow-Köpenick,Kreativitätskindertagesstätte Treptow,Hartriegelstr.,077,Kreativitätsschulzentrum Berlin gGmbH,45
12439,Treptow-Köpenick,FREUDE Kita Niederschöneweide 2,Brückenstr.,008,Freude Kita Brücke gGmbH,39
12439,Treptow-Köpenick,Freude Kita Niederschöneweide 4,Brückenstr.,012,Freude Kita Brücke gGmbH,32
12439,Treptow-Köpenick,freude Kita Niederschöneweide,Brückenstr.,024,Freude Kita Brücke gGmbH,31
12439,Treptow-Köpenick,Kita barfuss,Bruno-Bürgel-Weg,050,Kita barfuß gUG,24
12439,Treptow-Köpenick,Kita Matschpiraten,Schnellerstr.,024,Großstadtzwerge gemeinnützige UG (haftungsbeschränkt),21
12439,Treptow-Köpenick,Freude Kita Niederschöneweide 5,Brückenstr.,009,Freude Kita Brücke gGmbH,20
12439,Treptow-Köpenick,Kita Niederschöneweide 3,Brückenstr.,004,Freude Kita Brücke gGmbH,16
12459,Treptow-Köpenick,Kitacampus Otto Krüger Zeile 4 / Helmholtzstr.,Otto-Krüger-Zeile,004,Internationaler Bund - IB Berlin-Brandenburg gGmbH für Bildung und soziale Dienste (IB Berlin-Brandenburg gGmbH),280
12459,Treptow-Köpenick,Kita Griechische Allee 21-25/Kitas SüdOst,Griechische Allee,021,Kindertagesstätten SüdOst Eigenbetrieb von Berlin,215
12459,Treptow-Köpenick,Kita An der Wuhlheide 180/Kitas SüdOst,An der Wuhlheide,180,Kindertagesstätten SüdOst Eigenbetrieb von Berlin,199
12459,Treptow-Köpenick,Kath. Kita Hl. Maria Magdalena,Weiskopffstr.,012,Kitas im Erzbistum Berlin-Zweckverband der katholischen Kirchengemeinden,130
12459,Treptow-Köpenick,Kita Sonnentropfen,An der Wuhlheide,232B,Spree-Kinder gemeinnützige GmbH,76
12459,Treptow-Köpenick,Kita Wuhlesterne,An der Wuhlheide,114,SBH Nordost GmbH,70
12459,Treptow-Köpenick,Kita der Ev. Kirchengem. Christuskirche Oberschöneweide,Griechische Allee,059,Ev. Kirchengemeinde Christuskirche Oberschöneweide,50
12459,Treptow-Köpenick,Kita Pretty World (3),Siemensstr.,014,Pretty World gGmbH,50
12459,Treptow-Köpenick,Kita Zauberland gUG,Wilhelminenhofstr.,021,Kita Zauberland gUG,50
12459,Treptow-Köpenick,Kita Spreekinder,Edisonstr.,019,kijufa gGmbH,45
12459,Treptow-Köpenick,Kita Traumschön,Wilhelminenhofstr.,047B,Berliner Traumzauberland gGmbH,38
12459,Treptow-Köpenick,Waldkita Wuhlheide,An der Wuhlheide,171,WA-KIB gemeinnützige GmbH,33
12459,Treptow-Köpenick,Kita Plönzwerge,Rathenaustr.,015,Sylvester e. V. Berlin,33
12459,Treptow-Köpenick,Kita Schöneweider Gören,Plönzeile,044,Sylvester e. V. Berlin,32
12459,Treptow-Köpenick,EKT - WindFee,Goethestr.,002,WindFee e.V.,30
12459,Treptow-Köpenick,Kita Wilhelminenhofstraße,Wilhelminenhofstr.,045A,Nefeli e.V.,28
12459,Treptow-Köpenick,Kita Ökolinos,Wilhelminenhofstr.,041,WA-KIB gemeinnützige GmbH,28
12459,Treptow-Köpenick,Kita Pirole,Plönzeile,24,era Erziehung und Ästhetik gemeinnützige GmbH,22
12459,Treptow-Köpenick,Kita Emma und Lukas,Rathenaustr.,19,FJT Kita gUG,18
12459,Treptow-Köpenick,Kita Spreekinder 2,Edisonstr.,019,kijufa gGmbH,15
12459,Treptow-Köpenick,Kita Wattstr. 14/Kitas SüdOst,Wattstr.,014,Kindertagesstätten SüdOst Eigenbetrieb von Berlin,0
12487,Treptow-Köpenick,FRÖBEL Kindergarten-im-Grünen,Südostallee,214A,Fröbel Bildung und Erziehung gGmbH,265
12487,Treptow-Köpenick,Kita Sterndamm 214/214A/Kitas SüdOst,Sterndamm,214,Kindertagesstätten SüdOst Eigenbetrieb von Berlin,180
12487,Treptow-Köpenick,Kita am Flugplatz Johannisthal,Straße am Flugplatz,038,Johanniter-Unfall-Hilfe e. V. Regionalverband Berlin,129
12487,Treptow-Köpenick,Kita Melli-Beese-Haus,Melli-Beese-Str.,30,FiPP e. V. - Fortbildungsinstitut für die pädagogische Praxis,105
12487,Treptow-Köpenick,"Kita ""Wilde Hummeln""",Eisenhutweg,54A,Die Kinderwelt gGmbH,100
12487,Treptow-Köpenick,KITA Springmäuse,Springbornstr.,088,Käpt'n Browser gemeinnützige Gesellschaft mit beschränkter Haftung,90
12487,Treptow-Köpenick,Humanistische Kindertagesstätte Engelhardtstraße,Engelhardstr.,10,"Humanistischer Verband Deutschlands, Landesverband Berlin-Brandenburg KdöR",84
12487,Treptow-Köpenick,Kita Die wilden Knallerbsen,Königsheideweg,285,Die wilden Knallerbsen GmbH,74
12487,Treptow-Köpenick,Kita Am Haselbusch,Am Haselbusch,002,Lernorte - Wissen und Bildung für Kinder GmbH,64
12487,Treptow-Köpenick,Kita Sternschnuppe,Sterndamm,041,Lernorte - Wissen und Bildung für Kinder GmbH,62
12487,Treptow-Köpenick,Kita Felix and Friends,Sterndamm,109,GFAJ e.V.,45
12487,Treptow-Köpenick,Kita Groß-Berliner Damm,Groß-Berliner Damm,033,Die wilden Knallerbsen GmbH,35
12487,Treptow-Köpenick,Johannissterne,Straße am Flugplatz,068,SBH Nordost GmbH,35
12487,Treptow-Köpenick,Kita Nusshütte Groß-Berliner-Damm,Groß-Berliner Damm,39,CeFi - Bildung und Verständigung gGmbH,30
12487,Treptow-Köpenick,Kita Schwalbennest,Winckelmannstr.,070,WA-KIB gemeinnützige GmbH,29
12487,Treptow-Köpenick,Kita Smile,Lindhorstweg,034,Smile Kindergärten gemeinnützige GmbH,25
12487,Treptow-Köpenick,Kita Windzauber,Sterndamm,71,WissensWind GmbH,25
12487,Treptow-Köpenick,Kita Gartenzwerge,Megedestr.,007,Gartenzwerge e.V.,20
12489,Treptow-Köpenick,Kita Moissistraße,Büchnerweg,058,FiPP e. V. - Fortbildungsinstitut für die pädagogische Praxis,200
12489,Treptow-Köpenick,Am Studio 5 / Kitas SüdOst,Am Studio,005,Kindertagesstätten SüdOst Eigenbetrieb von Berlin,103
12489,Treptow-Köpenick,FRÖBEL Kindergarten Campus Kids,Hans-Schmidt-Str.,14A,Fröbel Bildung und Erziehung gGmbH,98
12489,Treptow-Köpenick,BIP Kreativitätskita am Campus,Hermann-Dorner-Allee,011,BIP - Gesellschaft für Kreativitätspädagogik gGmbH,90
12489,Treptow-Köpenick,DASI Kita Adlershof,Radickestr.,025,Diakonische Arbeitsgemeinschaft Sozialpädagogischer Initiativen DASI Berlin gGmbH,83
12489,Treptow-Köpenick,Kita der Ev. Kirchengem. Adlershof,Pfingstberggasse,002,Ev. Kirchengemeinde Adlershof,75
12489,Treptow-Köpenick,AWO Kita Sonnenkinder,Zinsgutstr.,038,Arbeiterwohlfahrt Berlin Kreisverband Südost e.V.,70
12489,Treptow-Köpenick,Kita Kleefalter,Dörpfeldstr.,27,SOCIUS - Die Bildungspartner gemeinnützige GmbH,70
12489,Treptow-Köpenick,Humanistische Kindertagesstätte Helbigstraße,Helbigstr.,31,"Humanistischer Verband Deutschlands, Landesverband Berlin-Brandenburg KdöR",50
12489,Treptow-Köpenick,Kita Nusshütte Friedenstr.,Friedenstr.,014,CeFi - Bildung und Verständigung gGmbH,40
12489,Treptow-Köpenick,Kita Familya Adlershof,Konrad-Zuse-Str.,6a,Kita Familya gGmbH,36
12489,Treptow-Köpenick,Montessori Kinderhaus Bienennest,Abram-Joffe-Str.,018,Montessori Kinderhaus Bienennest gGmbH,30
12489,Treptow-Köpenick,Kita Familya Adlershof 2,Konrad-Zuse-Str.,2,Kita Familya gGmbH,28
12489,Treptow-Köpenick,Kita Nusshütte Radickestr.,Radickestr.,048,CeFi - Bildung und Verständigung gGmbH,25
12489,Treptow-Köpenick,Kita Sokuki,Friedenstr.,008,Mitmensch Kita e.V.,20
12524,Treptow-Köpenick,Kita Peene Kapitäne,Peenestr.,036,Trägerwerk Soziale Dienste in Berlin und Brandenburg gGmbH (TWSD in BB gGmbH),209
12524,Treptow-Köpenick,Kita Sonnenschein,Uranusstr.,019,FiPP e. V. - Fortbildungsinstitut für die pädagogische Praxis,200
12524,Treptow-Köpenick,CJD Kita an der Milchstraße,Schönefelder Chaussee,187A,CJD Berlin-Brandenburg im CJD e.V.,180
12524,Treptow-Köpenick,Kita Venusstraße 59 / Kitas SüdOst,Venusstr.,59,Kindertagesstätten SüdOst Eigenbetrieb von Berlin,145
12524,Treptow-Köpenick,Kita Krümelnest,Tiburtiusstr.,014,Pfefferwerk Stadtkultur gGmbH,140
12524,Treptow-Köpenick,Kita Im Kosmosviertel,Ortolfstr.,164,JAO gGmbH,130
12524,Treptow-Köpenick,Kita Nippeserstr. 20/Kitas SüdOst,Nippeser Str.,020,Kindertagesstätten SüdOst Eigenbetrieb von Berlin,118
12524,Treptow-Köpenick,Kita Richterstr. 2a/Kitas SüdOst,Richterstr.,002A,Kindertagesstätten SüdOst Eigenbetrieb von Berlin,105
12524,Treptow-Köpenick,Kita Vier Jahreszeiten,Gustelstr.,020E,Sozialdiakonische Arbeit Lichtenberg-Oberspree GmbH,100
12524,Treptow-Köpenick,Kita Schönefelder Chaussee,Schönefelder Chaussee,034,Internationaler Bund - IB Berlin-Brandenburg gGmbH für Bildung und soziale Dienste (IB Berlin-Brandenburg gGmbH),100
12524,Treptow-Köpenick,Kita am Wegabogen,Porzer Str.,123,CJD Berlin-Brandenburg im CJD e.V.,90
12524,Treptow-Köpenick,Kita Rudower Straße,Rudower Str.,045,Kinder im Kiez gGmbH,85
12524,Treptow-Köpenick,Kita Jung-Kleen-Icke,Grünauer Str.,059,kleine Künstler ganz groß gGmbH,57
12524,Treptow-Köpenick,Kita der Ev. Kirchengem. Altglienicke,Köpenicker Str.,035,Ev. Kirchengemeinde Altglienicke,56
12524,Treptow-Köpenick,Freude Kita Süd-Ost Altglienicke,Siriusstr.,017,FREUDE Kindergärten Süd-Ost gGmbH,50
12524,Treptow-Köpenick,Kleiner Fratz,Semmelweisstr.,010,Kleiner Fratz City Süd GmbH,45
12524,Treptow-Köpenick,Villa Moosmutzel,Grünauer Str.,060,GEFA gemeinnützige Gesellschaft für Familienaktivierung mbH,33
12524,Treptow-Köpenick,Kinderzeit,Rudower Str.,054,Kinderzeit gemeinnützige Unternehmergesellschaft (haftungsbeschränkt),32
12524,Treptow-Köpenick,FREUDE Kita Altglienicke,Ortolfstr.,095,FREUDE Kindergärten gemeinnützige GmbH,30
12524,Treptow-Köpenick,Kita Einsteinkinder,Rudower Str.,069,"KaSa - Lernen, Spielen und Verständigen gUG",30
12524,Treptow-Köpenick,Kita im Familienbegegnungszentrum (FBZ),Besenbinderstr.,002,offensiv´91 Soziale Dienste gGmbH,20
12526,Treptow-Köpenick,Humanistische Kindertagesstätte Zur Gartenstadt,Zur Gartenstadt,239,"Humanistischer Verband Deutschlands, Landesverband Berlin-Brandenburg KdöR",125
12526,Treptow-Köpenick,Kita Offensiv' 91/Haus-Nr. 56,Buntzelstr.,056,offensiv´91 Soziale Dienste gGmbH,113
12526,Treptow-Köpenick,"Kita ""Wilhelmine""",Wilhelmine-Duncker-Str.,002,JAO gGmbH,100
12526,Treptow-Köpenick,Kleiner Fratz,Lindenblütenstr.,026,Kleiner Fratz City Süd GmbH,55
12526,Treptow-Köpenick,Evangelischer Forscherkindergarten Apfelbäumchen,Neptunstr.,010,Ev. Kirchengemeinde Bohnsdorf-Grünau,50
12526,Treptow-Köpenick,Kita Seepferdchen,Atlantisring,025,Berliner Spatzen gGmbH,50
12526,Treptow-Köpenick,Kita Traumzauberwald,Goethestr.,008,Berliner Traumzauberland gGmbH,40
12526,Treptow-Köpenick,Kleiner Fratz,Dahmestr.,004,Kleiner Fratz City Süd GmbH,31
12527,Treptow-Köpenick,Kita Grüne Aue,Baderseestr.,1,FiPP e. V. - Fortbildungsinstitut für die pädagogische Praxis,153
12527,Treptow-Köpenick,Kita an der Dahme,Regattastr.,127,Die Wilden 25 gUG (haftungsbeschränkt),103
12527,Treptow-Köpenick,Kita Waldspielhaus,Adlergestell,592,Pfefferwerk Stadtkultur gGmbH,80
12527,Treptow-Köpenick,Kita Admiralfalter,Teichmummelring,077,SOCIUS - Die Bildungspartner gemeinnützige GmbH,76
12527,Treptow-Köpenick,Kita Traumhaus,Regattastr.,130,Berliner Spatzen gGmbH,50
12527,Treptow-Köpenick,Kita Offensiv' 91/Wassersportallee 4,Wassersportallee,004,offensiv´91 Soziale Dienste gGmbH,50
12527,Treptow-Köpenick,Kita der Ev. Kirchengem. Schmöckwitz,Alt-Schmöckwitz,01,Evangelischer Verband für Kita und Familie,35
12527,Treptow-Köpenick,Kleiner Fratz,Karolinenhofweg,003,Kleiner Fratz City Süd GmbH,35
12527,Treptow-Köpenick,EKT - Kleine Fische-ganz groß,Zaucher Weg,001,Kleine Fische - ganz groß e. V.,33
12527,Treptow-Köpenick,Kita Kleine Stadtdrachen,Wernsdorfer Str.,007,Kleine Stadtdrachen gGmbH,31
12527,Treptow-Köpenick,Kita Pirateninsel,Regattastr.,060,KliB Kinder leben in Berlin gUG (haftungsbeschränkt),25
12555,Treptow-Köpenick,Kita Wirsi-Kids,Wirsitzer Weg,002,Kinder in Bewegung gGmbH Gemeinnützige Kindergarten-Trägergesellschaft des Berliner Sports,200
12555,Treptow-Köpenick,Kita Landjägerstr. 7/9/Kitas SüdOst,Landjägerstr.,007,Kindertagesstätten SüdOst Eigenbetrieb von Berlin,190
12555,Treptow-Köpenick,Kita Knirpsenbude,Ottomar-Geschke-Str.,013,Pfefferwerk Stadtkultur gGmbH,185
12555,Treptow-Köpenick,Kids & Pets Spindlersfeld,Ernst-Grube-Str.,030,Kids & Pets Kitas gUG (hb),160
12555,Treptow-Köpenick,Kita Kaulsdorfer Str. 313/315/Kitas SüdOst,Kaulsdorfer Str.,313,Kindertagesstätten SüdOst Eigenbetrieb von Berlin,155
12555,Treptow-Köpenick,Schwanenkita,Friedrichshagener Str.,008,Märkische Kita und Schule gGmbH,137
12555,Treptow-Köpenick,BOOT-Kita Puchanstraße,Puchanstr.,017,Gemeinnützige BOOT GmbH,135
12555,Treptow-Köpenick,Kita SpreeBären,Mahlsdorfer Str.,11b,spreeEule gGmbH,120
12555,Treptow-Köpenick,Kita Uhlenhorster Str. 27/Kitas SüdOst,Uhlenhorster Str.,27,Kindertagesstätten SüdOst Eigenbetrieb von Berlin,95
12555,Treptow-Köpenick,Kita Friedrichshagener Str.,Friedrichshagener Str.,5,Kindertagesstätten SüdOst Eigenbetrieb von Berlin,90
12555,Treptow-Köpenick,Zwergenstübchen,Ottomar-Geschke-Str.,081,Märkische Kita und Schule gGmbH,85
12555,Treptow-Köpenick,Kita Weltenbummler,Lindenstr.,007,BIK e.V. Berliner Institut für Kleinkindpädagogik und familienbegleitende Kinderbetreuung,85
12555,Treptow-Köpenick,Kita Zauberblümchen,Landjägerstr.,011,Gemeinnützige Interkultureller Start UG (haftungsbeschränkt),84
12555,Treptow-Köpenick,Kath. Kita St. Josefsstift,Joachimstr.,011,Kitas im Erzbistum Berlin-Zweckverband der katholischen Kirchengemeinden,62
12555,Treptow-Köpenick,STR,Alter Markt,011,Spieltraum KMA gGmbH,50
12555,Treptow-Köpenick,Evangelische Kindertagesstätte (G) Köpenick,Am Generalshof,007,Ev. St.-Laurentius-Kirchengemeinde Köpenick,48
12555,Treptow-Köpenick,Kita FindeFuchs,Lindenstr.,035,FindeFuchs gUG (haftungsbeschränkt),41
12555,Treptow-Köpenick,Kita Hoppelhasen,Mandrellaplatz,003,Hoppelhasen gUG,36
12555,Treptow-Köpenick,Kinderhaus kleine Entdecker,Kietzer Str.,005,kleine Entdecker e. V.,30
12555,Treptow-Köpenick,Freude Kita Köpenick,Müggelheimer Str.,022,FREUDE Kindergärten gemeinnützige GmbH,27
12555,Treptow-Köpenick,EKT Altstadtkrokodile,Jägerstr.,005,Kinderladen Köpenick e. V.,25
12555,Treptow-Köpenick,Bewegte Kita,Lindenstr.,026,Märkische Kita und Schule gGmbH,25
12555,Treptow-Köpenick,Kita Kleine Helden Köpenick,Müggelheimer Str.,045,Kita Kleine Helden Köpenick gGmbH,24
12555,Treptow-Köpenick,Kita Wuhlekinder,Kaulsdorfer Str.,245,Die Wuhlewanderer gGmbH,23
12555,Treptow-Köpenick,STM,Mandrellaplatz,009,Spieltraum KMA gGmbH,20
12555,Treptow-Köpenick,Kita Kinderstube,Hämmerlingstr.,101,Kita Kleine Helden Köpenick gGmbH,18
12555,Treptow-Köpenick,EKT Die Grünspechte,Zu den sieben Raben,015,Die Grünspechte e. V.,16
12557,Treptow-Köpenick,Kneipp-Kita Pfeffermäuse,Grüne Trift,138,Pfefferwerk Stadtkultur gGmbH,150
12557,Treptow-Köpenick,Kita Pusteblume,Bukesweg,028,FiPP e. V. - Fortbildungsinstitut für die pädagogische Praxis,140
12557,Treptow-Köpenick,Kita Mahlower Str. 5-7/Kitas SüdOst,Mahlower Str.,005,Kindertagesstätten SüdOst Eigenbetrieb von Berlin,135
12557,Treptow-Köpenick,Montessori Kinderhaus,Köpenzeile,125,Montessori-Stiftung Berlin (MSB),105
12557,Treptow-Köpenick,Kita Kietzer Feld,Grüne Trift,178,BIK e.V. Berliner Institut für Kleinkindpädagogik und familienbegleitende Kinderbetreuung,100
12557,Treptow-Köpenick,Die Drei Affen 2,Wendenschloßstr.,143,Die drei Affen gGmbH,90
12557,Treptow-Köpenick,"IB-Kita, Internationaler Bund",Rudower Str.,060,Internationaler Bund - IB Berlin-Brandenburg gGmbH für Bildung und soziale Dienste (IB Berlin-Brandenburg gGmbH),80
12557,Treptow-Köpenick,Kita Spitzerstr. 8/Kitas SüdOst,Spitzerstr.,008,Kindertagesstätten SüdOst Eigenbetrieb von Berlin,75
12557,Treptow-Köpenick,Villa Mäusebau,Ostendorfstr.,034,Märkische Kita und Schule gGmbH,70
12557,Treptow-Köpenick,KITA Die kleinen Füchse,Rudower Str.,037,Käpt'n Browser gemeinnützige Gesellschaft mit beschränkter Haftung,67
12557,Treptow-Köpenick,Kita Achterdeck,Wendenschloßstr.,330,Die Kinderwelt gGmbH,50
12557,Treptow-Köpenick,Kita Eulenkinder,Schönerlinder Str.,001,FindeFuchs gUG (haftungsbeschränkt),36
12557,Treptow-Köpenick,Evangelische Kindertagesstätte (R) Köpenick,Rudower Str.,023,Ev. St.-Laurentius-Kirchengemeinde Köpenick,28
12557,Treptow-Köpenick,Kita Vorstadtknirpse,Schönerlinder Str.,005,Sylvester e. V. Berlin,27
12559,Treptow-Köpenick,Humanistische Kindertagesstätte Alfred-Randt-Str. 15-17,Alfred-Randt-Str.,015,"Humanistischer Verband Deutschlands, Landesverband Berlin-Brandenburg KdöR",170
12559,Treptow-Köpenick,Kita Offensiv' 91/Pablo-Neruda-Str. 12 -13,Pablo-Neruda-Str.,012,offensiv´91 Soziale Dienste gGmbH,152
12559,Treptow-Köpenick,IntegrationsKITA Hand in Hand,Salvador-Allende-Str.,047,Käpt'n Browser gemeinnützige Gesellschaft mit beschränkter Haftung,130
12559,Treptow-Köpenick,Kita Alt Müggelheim 10/Kitas SüdOst,Alt-Müggelheim,010,Kindertagesstätten SüdOst Eigenbetrieb von Berlin,90
12559,Treptow-Köpenick,Kita Müggelbande,Ludwigshöheweg,018,Sozialdiakonische Arbeit Lichtenberg-Oberspree GmbH,80
12559,Treptow-Köpenick,Kita Müggelstern,Müggellandstr.,008,SBH Nordost GmbH,65
12559,Treptow-Köpenick,Bude-Kids,Alfred-Randt-Str.,060,Sylvester e. V. Berlin,20
12559,Treptow-Köpenick,Kita Hand in Hand heilpädagogische Gruppe,Salvador-Allende-Str.,047,Käpt'n Browser gemeinnützige Gesellschaft mit beschränkter Haftung,5
12587,Treptow-Köpenick,KITA Schneckenhaus,Stillerzeile,136,Käpt'n Browser gemeinnützige Gesellschaft mit beschränkter Haftung,220
12587,Treptow-Köpenick,Boot-Kita Frida,Fürstenwalder Damm,427B,Gemeinnützige BOOT GmbH,134
12587,Treptow-Köpenick,DASI Kita Friedrichshagen,Peter-Hille-Str.,026,Diakonische Arbeitsgemeinschaft Sozialpädagogischer Initiativen DASI Berlin gGmbH,96
12587,Treptow-Köpenick,THOLP Kindergarten,Fürstenwalder Damm,474,Stephanus gGmbH,80
12587,Treptow-Köpenick,AWO Kita Müggelzwerge,Peter-Hille-Str.,004,Arbeiterwohlfahrt Berlin Kreisverband Südost e.V.,75
12587,Treptow-Köpenick,Kita der Ev. Kirchengem. Berlin-Friedrichshagen,Peter-Hille-Str.,099,Ev. Kirchengemeinde Berlin-Friedrichshagen,75
12587,Treptow-Köpenick,Kita Emrichstr. 51/Kitas SüdOst,Emrichstr.,051,Kindertagesstätten SüdOst Eigenbetrieb von Berlin,75
12587,Treptow-Köpenick,Kita Bölschestr. 29/Kitas SüdOst,Bölschestr.,029,Kindertagesstätten SüdOst Eigenbetrieb von Berlin,72
12587,Treptow-Köpenick,Kita Traumzauberland,Peter-Hille-Str.,030,Berliner Traumzauberland gGmbH,70
12587,Treptow-Köpenick,Kita Glückszeile,Stillerzeile,044,kevisa gGmbH,63
12587,Treptow-Köpenick,Kita Friedrichshagen,Albert-Schweitzer-Str.,057,JAO gGmbH,60
12587,Treptow-Köpenick,EKT - Müggelräuber,Scharnweberstr.,056,Montessori Kinder- und Schülerladen Friedrichshagen e. V.,45
12587,Treptow-Köpenick,Kindergarten Unser Haus,Albert-Schweitzer-Str.,060,Integrativer Kindergarten Unser Haus e. V.,40
12587,Treptow-Köpenick,EKT Frühling-Sommer-Herbst-Winter,Müggelseedamm,245,Frühling-Sommer-Herbst-Winter e.V.,30
12587,Treptow-Köpenick,EKT Friedrichshagener Kinderladen,Drachholzstr.,002,Friedrichshagener Kinderladen e.V.,18
12589,Treptow-Köpenick,KITA Eichkater,Fürstenwalder Allee,178,Käpt'n Browser gemeinnützige Gesellschaft mit beschränkter Haftung,110
12589,Treptow-Köpenick,"FRÖBEL-Kindergarten ""Seewinkel""",Abendseglersteig,078,Fröbel Bildung und Erziehung gGmbH,106
12589,Treptow-Köpenick,Kita Erknerstr. 46/Kitas SüdOst,Erknerstr.,046,Kindertagesstätten SüdOst Eigenbetrieb von Berlin,60
12589,Treptow-Köpenick,Kita Rahnsdorfer Spatzen,Fürstenwalder Allee,115,FiPP e. V. - Fortbildungsinstitut für die pädagogische Praxis,54
12589,Treptow-Köpenick,Kita Kinder in Bewegung (KiB),Waldstr.,008,Kinder in Bewegung gGmbH Gemeinnützige Kindergarten-Trägergesellschaft des Berliner Sports,50
12589,Treptow-Köpenick,"Evangelischer Kindergarten ""Arche Noah""",Püttbergeweg,084,Ev. Kirchengemeinde Rahnsdorf,48
12589,Treptow-Köpenick,Kita Die Inselzwerge,Triglawstr.,008,Die Wuhlewanderer gGmbH,45
12589,Treptow-Köpenick,Kita in der Mansarde,Müggelwerderweg,3,FiPP e. V. - Fortbildungsinstitut für die pädagogische Praxis,44
12589,Treptow-Köpenick,Kita am Wald,Erknerstr.,039,NaturTalent Natur- und Erlebnispädagogik Berlin gemeinnützige UG (haftungsbeschränkt),33
12619,Marzahn-Hellersdorf,Kita Baumelbaum,Teterower Ring,036,KITA-Dialog gGmbH,230
12619,Marzahn-Hellersdorf,Kita Rappelkiste,Lily-Braun-Str.,080,Jugend- und Sozialwerk gGmbH,220
12619,Marzahn-Hellersdorf,BOOT-Kita Spatzenhaus,Gadebuscher Str.,021,Gemeinnützige BOOT GmbH,210
12619,Marzahn-Hellersdorf,Am Kienberg,Maxie-Wander-Str.,016,Kindergärten NordOst,200
12619,Marzahn-Hellersdorf,Kita Finkelsteinstraße,Finkelsteinstr.,6,FiPP e. V. - Fortbildungsinstitut für die pädagogische Praxis,190
12619,Marzahn-Hellersdorf,dreieins bilinguale Kindertagesstätte Berlin-Kaulsdorf (d/e),Peter-Huchel-Str.,035,dreieins Innovative Pädagogik gGmbH,160
12619,Marzahn-Hellersdorf,Modularer Kita Bau,Kummerower Ring,030,Kindergärten NordOst,136
12619,Marzahn-Hellersdorf,Kita Wunderwelt,Peter-Huchel-Str.,043,JAO gGmbH,120
12619,Marzahn-Hellersdorf,dreieins-Kindertagesstätte Berlin Kaulsdorf,Peter-Huchel-Str.,035,dreieins Innovative Pädagogik gGmbH,110
12619,Marzahn-Hellersdorf,Dracos Wuhle-Kids,Ludwigsluster Str.,018,Dracos Drachen-Kids gUG (haftungsbeschränkt),58
12619,Marzahn-Hellersdorf,Vielfalterkids,Teterower Ring,170,Die Wuhlewanderer gGmbH,50
12619,Marzahn-Hellersdorf,Kindertagesstätte Märchenland,Carola-Neher-Str.,013,Schwemler GmbH (haftungsbeschränkt),35
12619,Marzahn-Hellersdorf,Kita Elementa,Clara-Zetkin-Weg,010,KIDclever gUG (haftungsbeschränkt),30
12619,Marzahn-Hellersdorf,Kita Eigensinn,Lubminer Str.,037A,KITA-Dialog gGmbH,25
12619,Marzahn-Hellersdorf,Kita Außer Rand und Band,Auerbacher Ring,037,mach-mit-kitas gemeinnützige GmbH,25
12621,Marzahn-Hellersdorf,Kita Kaulsdorf,Bauerwitzer Weg,033,BEST-Sabel Bildungseinrichtungen gGmbH,227
12621,Marzahn-Hellersdorf,Traumzauberhaus,Fichtenstr.,018,Berliner Traumzauberland gGmbH,90
12621,Marzahn-Hellersdorf,Kita Entdeckerkids,Heinrich-Grüber-Str.,012,Die Wuhlewanderer gGmbH,88
12621,Marzahn-Hellersdorf,Kita Jahreskreis,Ingolstädter Str.,028,Jahreskreis e.V.,60
12621,Marzahn-Hellersdorf,"Kita ""Seespatzen""",Grottkauer Str.,033,Inklusion Bildung und Soziales gemeinnützige GmbH,60
12621,Marzahn-Hellersdorf,Kita der Ev. Kirchengem. Kaulsdorf,Dorfstr.,012A,Ev. Kirchengemeinde Kaulsdorf,56
12621,Marzahn-Hellersdorf,Kita Ulmenstr. 79/Kigä NordOst,Ulmenstr.,079,Kindergärten NordOst,45
12621,Marzahn-Hellersdorf,Kita Kinderparadies,Dorfstr.,019A,Kinderparadies gGmbH,33
12621,Marzahn-Hellersdorf,Kath. Kita St. Martin,Giesestr.,47,Kitas im Erzbistum Berlin-Zweckverband der katholischen Kirchengemeinden,30
12621,Marzahn-Hellersdorf,Kita Landrestr. 9,Landréstr.,009,JAO gGmbH,30
12621,Marzahn-Hellersdorf,Kita Märcheninsel,Ulmenstr.,082,Schwemler GmbH (haftungsbeschränkt),15
12623,Marzahn-Hellersdorf,"Kindergarten ""Zu den Seen""",Elsenstr.,011,Kindergärten NordOst,205
12623,Marzahn-Hellersdorf,Europa Kita II Mahlsdorf,Hultschiner Damm,001,PEK Europa Kindertagesttätte Berlin gGmbH,154
12623,Marzahn-Hellersdorf,"Kita ""Theo&Dora""",Pilgramer Str.,311,Kinder- und Jugend der Volkssolidarität Berlin gGmbH,150
12623,Marzahn-Hellersdorf,Kita Wirbelwind,Schrobsdorffstr.,028,FiPP e. V. - Fortbildungsinstitut für die pädagogische Praxis,102
12623,Marzahn-Hellersdorf,KiKu Kinderland Mahlsdorf,Dirschauer Str.,007,Kinderzentren Kunterbunt gGmbH,100
12623,Marzahn-Hellersdorf,Kita Grashüpfer,Stralsunder Str.,020,"pad - präventive, altersübergreifende Dienste im sozialen Bereich - gGmbH",80
12623,Marzahn-Hellersdorf,Ev. Kindergarten Mahlsdorf,Pfarrhufenanger,089,Evangelische Kirchengemeinde Berlin-Mahlsdorf,78
12623,Marzahn-Hellersdorf,Kita Sonnenblume,Langenbeckstr.,008,Jugend- und Sozialwerk gGmbH,76
12623,Marzahn-Hellersdorf,Kita Die Lutherkids,Lutherstr.,012,Die Wuhlewanderer gGmbH,60
12623,Marzahn-Hellersdorf,Kita Kinderlachen,Giesestr.,080,"pad - präventive, altersübergreifende Dienste im sozialen Bereich - gGmbH",60
12623,Marzahn-Hellersdorf,Kita Zauberwiese,Bütower Str.,008,JAO gGmbH,60
12623,Marzahn-Hellersdorf,Kita Rosengarten,Pestalozzistr.,029,JAO gGmbH,48
12623,Marzahn-Hellersdorf,Kita Haus am Wald,Kiekemaler Str.,007,KITA-Dialog gGmbH,45
12623,Marzahn-Hellersdorf,Kita Wundervogel,An der Schule,001,MILINA gUG,40
12623,Marzahn-Hellersdorf,Kita Mahlsdorf,Erich-Baron-Weg,118,BEST-Sabel Bildungseinrichtungen gGmbH,36
12623,Marzahn-Hellersdorf,Kita Engelchen und Teufelchen,Dahlwitzer Str.,007,mach-mit-kitas gemeinnützige GmbH,35
12623,Marzahn-Hellersdorf,Kita Bunte Kinderwelten,Wilhelmsmühlenweg,178A,KiZu - Kinder mit Zukunft gemeinnützige UG (haftungsbeschränkt),30
12623,Marzahn-Hellersdorf,Kita freiundgeborgen,Hultschiner Damm,027,R&J freiundgeborgen gUG,30
12623,Marzahn-Hellersdorf,Emma und Lukas,Fritz-Reuter-Str.,011,FJT Kita gUG,25
12627,Marzahn-Hellersdorf,Kita Traumzauberhaus,Teupitzer Str.,010,Kindergärten NordOst,210
12627,Marzahn-Hellersdorf,Kita Torgauer Straße,Torgauer Str.,027,KITA-Dialog gGmbH,200
12627,Marzahn-Hellersdorf,Kita Springmäuse,Stollberger Str.,025,urban kita gGmbH,190
12627,Marzahn-Hellersdorf,"""Naseweis""",Waldheimer Str.,018,Kindergärten NordOst,190
12627,Marzahn-Hellersdorf,Kita Weißenfelserstraße,Weißenfelser Str.,031,Kindergärten NordOst,190
12627,Marzahn-Hellersdorf,Kita Spielhaus,Zerbster Str.,099,Jugend- und Sozialwerk gGmbH,185
12627,Marzahn-Hellersdorf,Humanistische Kindertagesstätte Kastanienallee,Kastanienallee,28,"Humanistischer Verband Deutschlands, Landesverband Berlin-Brandenburg KdöR",180
12627,Marzahn-Hellersdorf,BOOT-Kita Am Kirschbaum,Albert-Kuntz-Str.,041,Gemeinnützige BOOT GmbH,179
12627,Marzahn-Hellersdorf,Kita Galileo,Naumburger Ring,025,Arbeiterwohlfahrt Kreisverband Berlin Spree-Wuhle e.V.,172
12627,Marzahn-Hellersdorf,Humanistische Kindertagesstätte Waldheimer Straße,Waldheimer Str.,10,"Humanistischer Verband Deutschlands, Landesverband Berlin-Brandenburg KdöR",170
12627,Marzahn-Hellersdorf,Ev. Regenbogenkita,Adorfer Str.,008,Evangelischer Kirchenkreis Berlin Süd-Ost,165
12627,Marzahn-Hellersdorf,Kita Blumentraum,Rathener Str.,3,AWO pro:mensch gGmbH,90
12627,Marzahn-Hellersdorf,Kita kleine Kapitäne,Hellersdorfer Promenade,023,Kita Kleine Kapitäne gGmbH,90
12627,Marzahn-Hellersdorf,Kita Drachenkids,Cottbusser Platz,012,Drachenreiter gemeinnützige GmbH,85
12627,Marzahn-Hellersdorf,"""Arche Kita""",Tangermünder Str.,9,"""Die Arche"" Kinderstiftung Christliches Kinder- und Jugendwerk",80
12627,Marzahn-Hellersdorf,Kita Kastanienknirpse,Kastanienallee,053,"pad - präventive, altersübergreifende Dienste im sozialen Bereich - gGmbH",70
12627,Marzahn-Hellersdorf,Kita Stendaler Str. 29,Stendaler Str.,029,FJT Kita gUG,70
12627,Marzahn-Hellersdorf,Kita am Campus,Nossener Str.,087,JAO gGmbH,60
12627,Marzahn-Hellersdorf,Kita Helles Nest,Riesaer Str.,079A,Christburg Campus gemeinnützige GmbH,59
12627,Marzahn-Hellersdorf,Kita KINDERPLANET,Stollberger Str.,061,Westa e. V.,54
12627,Marzahn-Hellersdorf,Kita KINDERINSEL,Wurzener Str.,002,Westa e. V.,50
12627,Marzahn-Hellersdorf,Kita ARTi,Arneburger Str.,008,Wissensturm gemeinnützige UG (haftungsbeschränkt),50
12627,Marzahn-Hellersdorf,Vorschulische Sprachförderung Schnatterinchen (nur Sprachförderung),Hellersdorfer Promenade,14C,Kids & Co - Verein z. Förd. v. Kindern u. Jugendl.,50
12627,Marzahn-Hellersdorf,Himpelchen & Pimpelchen,Hellersdorfer Promenade,036,mach-mit-kitas gemeinnützige GmbH,25
12627,Marzahn-Hellersdorf,Kita Kinderland,Adele-Sandrock-Str.,113,Westa e. V.,25
12627,Marzahn-Hellersdorf,Kita ARTur,Schneeberger Str.,001,Wissensturm gemeinnützige UG (haftungsbeschränkt),24
12627,Marzahn-Hellersdorf,Kita Am Beerenpfuhl,Tangermünder Str.,030,JAO gGmbH,22
12627,Marzahn-Hellersdorf,Gemeinschaftsunterkunft Kokoschkastr. 4 (nur Sprachförderung),Kokoschkastr.,004,Edusation - gemeinnützige Gesellschaft für Integration und Sprachförderung mbH,18
12629,Marzahn-Hellersdorf,BOOT-Kita Wummelbude,Fercher Str.,010,Gemeinnützige BOOT GmbH,220
12629,Marzahn-Hellersdorf,Kita Taffy,Zossener Str.,053,JAO gGmbH,190
12629,Marzahn-Hellersdorf,BOOT-Kita Haus Lach und Krach,Suhler Str.,043,Gemeinnützige BOOT GmbH,165
12629,Marzahn-Hellersdorf,Kita Grünschnabel,Havelländer Ring,032B,"pad - präventive, altersübergreifende Dienste im sozialen Bereich - gGmbH",135
12629,Marzahn-Hellersdorf,Kita Havelländer Ring,Havelländer Ring,46,Kindergärten NordOst,120
12629,Marzahn-Hellersdorf,Kita Warumka,Mittenwalder Str.,014,MITRA bilinguale Kindergärten gemeinnützige GmbH,58
12629,Marzahn-Hellersdorf,Kita Dreckspatzen & Überflieger (Ungültig),Alte Hellersdorfer Str.,148,mach-mit-kitas gemeinnützige GmbH,35
12629,Marzahn-Hellersdorf,Kita Dreckspatzen & Überflieger,Alte Hellersdorfer Str.,148,mach-mit-kitas gemeinnützige GmbH,35
12629,Marzahn-Hellersdorf,Kita Migelito,Alte Hellersdorfer Str.,134,Kinderhaus Berlin - Mark Brandenburg e. V.,33
12629,Marzahn-Hellersdorf,JFE JOKER (nur Sprachförderung),Alte Hellersdorfer Str.,003,Kids & Co - Verein z. Förd. v. Kindern u. Jugendl.,26
12679,Marzahn-Hellersdorf,Kita Regenbogeninsel,Glambecker Ring,050,Kinder- und Jugend der Volkssolidarität Berlin gGmbH,240
12679,Marzahn-Hellersdorf,"""Schwalbennest""",Jan-Petersen-Str.,027,Kindergärten NordOst,205
12679,Marzahn-Hellersdorf,Kita Kinderhaus Katz und Maus/Kigä NordOst,Basdorfer Str.,002,Kindergärten NordOst,200
12679,Marzahn-Hellersdorf,Kita Knirpsenhaus,Raoul-Wallenberg-Str.,058,urban kita gGmbH,190
12679,Marzahn-Hellersdorf,Kita Die Bergzwerge,Glambecker Ring,080,Plattenverbund gGmbH,164
12679,Marzahn-Hellersdorf,Humanistische Kindertagesstätte Zühlsdorfer Straße,Zühlsdorfer Str.,18,"Humanistischer Verband Deutschlands, Landesverband Berlin-Brandenburg KdöR",160
12679,Marzahn-Hellersdorf,Kindertagesstätte Märchenhaus,Rudolf-Leonhard-Str.,010,Schwemler GmbH (haftungsbeschränkt),136
12679,Marzahn-Hellersdorf,Kita Goldfischchen,Jan-Petersen-Str.,018,MILINA gUG,105
12679,Marzahn-Hellersdorf,Kita Kleine Kapitäne Marzahn,Prötzeler Ring,031,Kita Kleine Kapitäne 2 gGmbH,60
12679,Marzahn-Hellersdorf,Kleiner Fratz,Marzahner Promenade,041,Kleiner Fratz GmbH,55
12679,Marzahn-Hellersdorf,Kita Multitalent,Marzahner Promenade,42,Kita Multitalent gGmbH,53
12679,Marzahn-Hellersdorf,Mini Knirpse,Raoul-Wallenberg-Str.,052,urban kita gGmbH,24
12681,Marzahn-Hellersdorf,Kita Akazieninsel,Allee der Kosmonauten,073,JAO gGmbH,200
12681,Marzahn-Hellersdorf,Kita Spatzennest/Kigä NordOst,Langhoffstr.,017,Kindergärten NordOst,195
12681,Marzahn-Hellersdorf,Kita Raupe Nimmersatt,Marchwitzastr.,049,AWO pro:mensch gGmbH,195
12681,Marzahn-Hellersdorf,Kita Notenhopser,Murtzaner Ring,070,AWO pro:mensch gGmbH,190
12681,Marzahn-Hellersdorf,Kita Marzahner Chaussee,Marzahner Chaussee,207,AWO pro:mensch gGmbH,120
12681,Marzahn-Hellersdorf,Kita Mosaik,Allee der Kosmonauten,123,MITRA bilinguale Kindergärten gemeinnützige GmbH,120
12681,Marzahn-Hellersdorf,Kita KinderKosmos,Marchwitzastr.,31A,Camino-Dein Weg GmbH,120
12681,Marzahn-Hellersdorf,"Kita ""Murtzaner Ring""",Murtzaner Ring,068,AWO pro:mensch gGmbH,65
12681,Marzahn-Hellersdorf,Die Senfkörner,Allee der Kosmonauten,79,Die Senfkörner e.V.,35
12681,Marzahn-Hellersdorf,Manege - Kita Bernhard Bosch,Otto-Rosenberg-Str.,001,Manege gGmbH,25
12681,Marzahn-Hellersdorf,Kita Kleine Kosmonauten,Allee der Kosmonauten,067,ProGCHILD gGmbH,18
12683,Marzahn-Hellersdorf,Kita Wuhlespatzen/Kigä NordOst,Zum Forsthaus,003,Kindergärten NordOst,195
12683,Marzahn-Hellersdorf,Kita Hasenburg,Garzauer Str.,029,FiPP e. V. - Fortbildungsinstitut für die pädagogische Praxis,170
12683,Marzahn-Hellersdorf,Klax Krippe Mäusekiste und Klax Kindergarten Salamander,Distelfalterstr.,041,KLAX Berlin gGmbH,144
12683,Marzahn-Hellersdorf,Kita BIP Kreativitätskita Schmetterlingswiesen,Rapsweißlingstr.,011,BIP - Gesellschaft für Kreativitätspädagogik gGmbH,140
12683,Marzahn-Hellersdorf,Kita Kinderparadies Biesdorf,Kohlweißlingstr.,30,IBEB Initiative für Bildung und Erziehung Berlin gemeinnützige GmbH,120
12683,Marzahn-Hellersdorf,"""casa dei bambini""",Grabensprung,051,Kindergärten NordOst,100
12683,Marzahn-Hellersdorf,Kita Wuhleblick,Cecilienstr.,184,KITA-Dialog gGmbH,85
12683,Marzahn-Hellersdorf,Kita Diwalikids,Blumberger Damm,2F,Die Wuhlewanderer gGmbH,85
12683,Marzahn-Hellersdorf,Dussmann Kulturkindergarten am Unfallkrankenhaus Berlin,Brebacher Weg,015,Dussmann Kulturkindergarten gemeinnützige GmbH,80
12683,Marzahn-Hellersdorf,Kita Glückspilze Biesdorf,Oberfeldstr.,190,DETI gGmbH,65
12683,Marzahn-Hellersdorf,Kita Fuchtelkids,Elsterwerdaer Platz,001,Die Wuhlewanderer gGmbH,60
12683,Marzahn-Hellersdorf,Kita Waldhäuschen,Schwabenallee,086,Kinder- und Jugend der Volkssolidarität Berlin gGmbH,55
12683,Marzahn-Hellersdorf,Evangelische Kita Schneckenhaus,Parkweg,008,Ev. Kirchengemeinde Biesdorf,55
12683,Marzahn-Hellersdorf,Kita - Sonnenkäferwelt,Beethovenstr.,029,Sonnenkäferwelt gGmbH,49
12683,Marzahn-Hellersdorf,Kita Traumland,Fridolinweg,066,Gemeinnützige Interkultureller Start UG (haftungsbeschränkt),47
12683,Marzahn-Hellersdorf,Kita Igelgarten/Kigä NordOst,Oberfeldstr.,038,Kindergärten NordOst,45
12683,Marzahn-Hellersdorf,Heesekids,Heesestr.,012,Die Wuhlewanderer gGmbH,45
12683,Marzahn-Hellersdorf,Kita Biesdorfer Zwergenhaus,Braunsdorfstr.,011,FiPP e. V. - Fortbildungsinstitut für die pädagogische Praxis,38
12683,Marzahn-Hellersdorf,Kita Biesdorfer Kindertagesstätte Sonne,Annenstr.,033,Biesdorfer Kindertagesstätte Sonne e.V.,31
12683,Marzahn-Hellersdorf,Kita Gartenkinder,Irmfriedstr.,064,Inklusion Bildung und Soziales gemeinnützige GmbH,29
12683,Marzahn-Hellersdorf,Kita Die Senfkörner II,Otto-Nagel-Str.,57,Die Senfkörner e.V.,15
12685,Marzahn-Hellersdorf,Kita Waldhäuschen,Bruno-Baum-Str.,58,MITRA bilinguale Kindergärten gemeinnützige GmbH,235
12685,Marzahn-Hellersdorf,Kita Hummelburg,Blumberger Damm,139,FiPP e. V. - Fortbildungsinstitut für die pädagogische Praxis,200
12685,Marzahn-Hellersdorf,Kita Tausendfuß/Kigä NordOst,Salanderweg,027,Kindergärten NordOst,195
12685,Marzahn-Hellersdorf,Kita Abenteuerland,Altlandsberger Platz,004,JAO gGmbH,109
12685,Marzahn-Hellersdorf,Evangelischer Dorfkindergarten,Hinter der Mühle,005,Ev. Kirchengemeinde Marzahn,60
12685,Marzahn-Hellersdorf,Kita Glückskäfer,Alt-Marzahn,20,DETI gGmbH,60
12685,Marzahn-Hellersdorf,Kita Kinderstube,Amanlisweg,8,Westa e. V.,54
12685,Marzahn-Hellersdorf,Kitaladen Jugendwerk Aufbau Ost,Krummenseer Str.,013,JAO gGmbH,30
12685,Marzahn-Hellersdorf,Kita Kienberg-Krabben,Kienbergstr.,001,KliB Kinder leben in Berlin gUG (haftungsbeschränkt),28
12687,Marzahn-Hellersdorf,Kita Putzmunter,Blumberger Damm,227,Kinder- und Jugend der Volkssolidarität Berlin gGmbH,225
12687,Marzahn-Hellersdorf,Kita Zwergenoase/Kigä NordOst,Oberweißbacher Str.,008,Kindergärten NordOst,200
12687,Marzahn-Hellersdorf,Kita Kunterbunt,Liebensteiner Str.,020,AWO pro:mensch gGmbH,195
12687,Marzahn-Hellersdorf,Kita Walter-Felsenstein-Str. 39/41/Kigä NordOst,Walter-Felsenstein-Str.,039,Kindergärten NordOst,190
12687,Marzahn-Hellersdorf,Kita Kreuz und Quer,Sella-Hasse-Str.,019,Deutsches Rotes Kreuz Kreisverband Berlin - Nordost e. V.,85
12687,Marzahn-Hellersdorf,Freie Kita Marzahn,Karl-Holtz-Str.,008,ASG Anerkannte Schulgesellschaft mbH,82
12687,Marzahn-Hellersdorf,Kita Schleusinger Straße,Schleusinger Str.,008,KITA-Dialog gGmbH,45
12687,Marzahn-Hellersdorf,Kita Wuhlehopser,Wuhletalstr.,070,Arbeiterwohlfahrt Kreisverband Berlin Spree-Wuhle e.V.,45
12687,Marzahn-Hellersdorf,Kita Händchenklein,Mehrower Allee,20A,Kita Händchenklein gUG,35
12687,Marzahn-Hellersdorf,M3+ JFE (nur Sprachförderung),Mehrower Allee,003,Deutsches Rotes Kreuz Kreisverband Berlin - Nordost e. V.,30
12687,Marzahn-Hellersdorf,Kleine Wunder,Mehrower Allee,022,ProGCHILD gGmbH,27
12689,Marzahn-Hellersdorf,Bunte Kinderwelt,Schorfheidestr.,048,Jugend- und Sozialwerk gGmbH,220
12689,Marzahn-Hellersdorf,Kita Reggio-Kinderhaus/Kigä NordOst,Wittenberger Str.,020,Kindergärten NordOst,195
12689,Marzahn-Hellersdorf,Kita Montessori-Kinderhaus,Belziger Ring,055,urban kita gGmbH,180
12689,Marzahn-Hellersdorf,Humanistische Kindertagesstätte Geraer Ring,Geraer Ring,50,"Humanistischer Verband Deutschlands, Landesverband Berlin-Brandenburg KdöR",175
12689,Marzahn-Hellersdorf,Kita Rabennest,Rabensteiner Str.,022,JAO gGmbH,118
12689,Marzahn-Hellersdorf,Kita Kiek mal Standort 1,Rosenbecker Str.,025,Kiek in- Soziale Dienste gemeinnützige Gesellschaft mbH,105
12689,Marzahn-Hellersdorf,Kita Jahresuhr,Rabensteiner Str.,020,JAO gGmbH,100
12689,Marzahn-Hellersdorf,Kita Kiek mal Standort 2,Dessauer Str.,004A,Kiek in- Soziale Dienste gemeinnützige Gesellschaft mbH,85
12689,Marzahn-Hellersdorf,Kita Irgendwie Anders,Flämingstr.,014,"pad - präventive, altersübergreifende Dienste im sozialen Bereich - gGmbH",85
12689,Marzahn-Hellersdorf,Kita Windlicht,Golliner Str.,004,JAO gGmbH,60
12689,Marzahn-Hellersdorf,Kita Händchenklein 3,Märkische Allee,396,Kita Händchenklein gUG,50
12689,Marzahn-Hellersdorf,"Kita ""Am Stadtrand""",Märkische Allee,414,"pad - präventive, altersübergreifende Dienste im sozialen Bereich - gGmbH",40
12689,Marzahn-Hellersdorf,Kita Händchenklein,Havemannstr.,17A,Kita Händchenklein gUG,25
12689,Marzahn-Hellersdorf,Montessori Kinderhaus heilpädagogische Gruppe,Belziger Ring,055,urban kita gGmbH,6
13051,Lichtenberg,Kita Wolkenreise,Ahrenshooper Str.,003,Kinder im Kiez gGmbH,220
13051,Lichtenberg,Kita Fiorella,Wiecker Str.,001,JAO gGmbH,185
13051,Lichtenberg,Kita Sonnenschein,Wustrower Str.,039,urban kita gGmbH,180
13051,Lichtenberg,KINDERHAUS Berlin - Mark Brandenburg,Dierhagener Str.,001,Kinderhaus Berlin - Mark Brandenburg e. V.,160
13051,Lichtenberg,Kita Leuchtturm,Am Berl,008,Verein für aktive Vielfalt e.V.,160
13051,Lichtenberg,Kita Reriker Str. 20/Kigä NordOst,Reriker Str.,020,Kindergärten NordOst,115
13051,Lichtenberg,Kita Ahrenshooper Spatzen,Ahrenshooper Str.,005,"pad - präventive, altersübergreifende Dienste im sozialen Bereich - gGmbH",75
13051,Lichtenberg,Dracos Drachen Kids,Nienhagener Str.,021,Dracos Drachen-Kids gUG (haftungsbeschränkt),52
13051,Lichtenberg,Kita Dorfstr. 37 (Malchow)/Kigä NordOst,Dorfstr.,037,Kindergärten NordOst,50
13051,Lichtenberg,Kita Schneckenhausen,Am Berl,013,Sozialpädagogische Arbeit im Kiez e. V. (SPIK),23
13053,Lichtenberg,Kita Abenteuerland,Anna-Ebermann-Str.,025,Verein für aktive Vielfalt e.V.,287
13053,Lichtenberg,Kita Matenzeile 2/4/Kigä NordOst,Matenzeile,002,Kindergärten NordOst,170
13053,Lichtenberg,Kitaverbund Regenbogen,Waldowstr.,40,urban kita gGmbH,165
13053,Lichtenberg,Kita Wartenberger Str.,Wartenberger Str.,145,Kindergärten NordOst,120
13053,Lichtenberg,Kita Zwergtaucher,Gehrenseestr.,099,Trägerwerk Soziale Dienste in Berlin und Brandenburg gGmbH (TWSD in BB gGmbH),115
13053,Lichtenberg,Kita Campus Hedwig,Hedwigstr.,11,Sozialdiakonische Arbeit Lichtenberg-Oberspree GmbH,103
13053,Lichtenberg,Kita Hafenstadt,Rüdickenstr.,032,Albatros gemeinnützige Gesellschaft für soziale und gesundheitliche Dienstleistungen mbH,100
13053,Lichtenberg,Evangelische Kita Arche Noah,Malchower Weg,044,Ev. Kirchenkreisverband für Kindertageseinrichtungen Berlin Mitte-Nord,93
13053,Lichtenberg,Kita Malchower Weg 46/Kigä NordOst,Malchower Weg,046,Kindergärten NordOst,90
13053,Lichtenberg,Kita Eichhörnchen,Roedernstr.,014,urban kita gGmbH,49
13053,Lichtenberg,Kita Glückskäfer,Paul-Koenig-Str.,13,DETI gGmbH,45
13053,Lichtenberg,EKT Oberseeräuber,Oberseestr.,077,Elterninitiativ-Kindertagesstätte Oberseeräuber e. V.,26
13053,Lichtenberg,Soki Abenteuerland/Pirateninsel,Anna-Ebermann-Str.,025,Verein für aktive Vielfalt e.V.,6
13055,Lichtenberg,Kita Tausendfüßler,Goeckestr.,025,Kinder- und Jugend der Volkssolidarität Berlin gGmbH,358
13055,Lichtenberg,Kita Neustrelitzer Str. 32-34/Kigä NordOst,Neustrelitzer Str.,032,Kindergärten NordOst,285
13055,Lichtenberg,Kita Matt Lamb,Konrad-Wolf-Str.,045,Trägerwerk Soziale Dienste in Berlin und Brandenburg gGmbH (TWSD in BB gGmbH),198
13055,Lichtenberg,Kita Kinder in Bewegung (KiB),Berkenbrücker Steig,009,Kinder in Bewegung gGmbH Gemeinnützige Kindergarten-Trägergesellschaft des Berliner Sports,180
13055,Lichtenberg,"Kindertagesstätte ""Wundertüte""",Strausberger Str.,005,INDEPENDENT LIVING Stiftung BT Kindertagesstätten für Berlin,160
13055,Lichtenberg,Kita Neo,Liebenwalder Str.,012,Sozialdiakonische Arbeit Lichtenberg-Oberspree GmbH,136
13055,Lichtenberg,Kita Spree Eule,Küstriner Str.,49,spreeEule gGmbH,118
13055,Lichtenberg,Kita Mitra Rechter Gebäudeteil,Heckelberger Ring,003,MITRA bilinguale Kindergärten gemeinnützige GmbH,112
13055,Lichtenberg,Kita Weiße Taube 1,Schleizer Str.,062,urban kita gGmbH,100
13055,Lichtenberg,Simon Bolivar,Mittelstr.,025,Fröbel Bildung und Erziehung gGmbH,99
13055,Lichtenberg,Kita Heckelberger Ring 1/3/Kigä NordOst,Heckelberger Ring,001,Kindergärten NordOst,90
13055,Lichtenberg,Kita Schalkauer Str. 25C/Kigä NordOst,Schalkauer Str.,025A,Kindergärten NordOst,80
13055,Lichtenberg,Kita Kleene Dickköppe und Große Ulknudeln,Landsberger Allee,217F,mach-mit-kitas gemeinnützige GmbH,59
13055,Lichtenberg,Die kleinen Erfinder,Genslerstr.,017,KLEO KinderLernOrte Bildungseinrichtung gGmbH,50
13055,Lichtenberg,Kita Ferdinands Garten,Plauener Str.,091,Step Kids Kitas gemeinnützige GmbH,42
13055,Lichtenberg,Kita Kwitka,Heldburger Str.,6,Zweimalzwölf gUG (haftungsbeschränkt),25
13057,Lichtenberg,Kita Warnitzer Str. 9,Warnitzer Str.,009,BIK e.V. Berliner Institut für Kleinkindpädagogik und familienbegleitende Kinderbetreuung,180
13057,Lichtenberg,Klax Krippe Grashüpfer und Klax Kindergarten Glühwürmchen,Biesenbrower Str.,61,KLAX Berlin gGmbH,180
13057,Lichtenberg,Kita Kinder in Bewegung (KiB),Falkenberger Chaussee,120,Kinder in Bewegung gGmbH Gemeinnützige Kindergarten-Trägergesellschaft des Berliner Sports,180
13057,Lichtenberg,Kita Farbenfroh,Welsestr.,1,Step Kids Kitas gemeinnützige GmbH,174
13057,Lichtenberg,Kita Randowstr. 41/43/Kigä NordOst,Randowstr.,041,Kindergärten NordOst,170
13057,Lichtenberg,Kita Wiesenhüpper,Wartiner Str.,077,KfK KIETZ für KIDS Kinderbetreuung gGmbH,106
13057,Lichtenberg,Kita Sonnenblümchen,Vincent-van-Gogh-Str.,038,"pad - präventive, altersübergreifende Dienste im sozialen Bereich - gGmbH",85
13057,Lichtenberg,St. Konrad von Parzham,Ahrensfelder Chaussee,79,Kitas im Erzbistum Berlin-Zweckverband der katholischen Kirchengemeinden,60
13057,Lichtenberg,Kita Traumwerkstatt,Warnitzer Str.,026,Traumwerkstatt gGmbH,52
13057,Lichtenberg,Kita Dorfstr. 5 (Falkenberg)/Kigä NordOst,Dorfstr.,005,Kindergärten NordOst,50
13059,Lichtenberg,Kita Nido Piccolo,Neubrandenburger Str.,051,INDEPENDENT LIVING Stiftung BT Kindertagesstätten für Berlin,250
13059,Lichtenberg,Kita Kreativhaus Sonnenblume,Crivitzer Str.,016,urban kita gGmbH,207
13059,Lichtenberg,Kita Vogelnest,Dorfstr.,019,eventus Bildung gGmbH,205
13059,Lichtenberg,Kita Kinderparadies Wirbelwind,Warnemünder Str.,022,Verein für aktive Vielfalt e.V.,190
13059,Lichtenberg,"Kindertagesstätte ""kieke mal""",Neubrandenburger Str.,047,INDEPENDENT LIVING Stiftung BT Kindertagesstätten für Berlin,120
13059,Lichtenberg,Kunst-Kita,Demminer Str.,004,ARTKI gGmbH,60
13059,Lichtenberg,Kita Wartenzwerge,Egon-Erwin-Kisch-Str.,014,KIDclever gUG (haftungsbeschränkt),44
13059,Lichtenberg,Kita Dorfstr. 4A (Wartenberg)/Kigä NordOst,Dorfstr.,004A,Kindergärten NordOst,35
13059,Lichtenberg,Gemeinschaftsunterkunft Hagenower Ring (nur Sprachförderung),Hagenower Ring,047,Edusation - gemeinnützige Gesellschaft für Integration und Sprachförderung mbH,14
13059,Lichtenberg,Kita Kreativhaus Sonnenblume (Gruppe Entwicklungsstörung),Crivitzer Str.,016,urban kita gGmbH,6
13086,Pankow,Kita Bühringstr. 21/23/Kigä NordOst,Bühringstr.,021,Kindergärten NordOst,182
13086,Pankow,Kita Streustr. 41/Kigä NordOst,Streustr.,041,Kindergärten NordOst,182
13086,Pankow,Kita am See,Große Seestr.,8A,Hanna gGmbH Kita-Trägerschaften,140
13086,Pankow,Klax Kindergarten Tausendfüßler,Langhansstr.,074B,KLAX Berlin gGmbH,110
13086,Pankow,Kita Charlottes Spatzenkinder,Charlottenburger Str.,007,Jugend- und Sozialwerk gGmbH,105
13086,Pankow,Kita Gänseblümchen,Hedwigstr.,006,Forum Soziale Dienste GmbH,100
13086,Pankow,Kita Wirbelwind,Wigandstaler Str.,015,Pfefferwerk Stadtkultur gGmbH,95
13086,Pankow,Kath. Kita St. Josef,Behaimstr.,039,Kitas im Erzbistum Berlin-Zweckverband der katholischen Kirchengemeinden,85
13086,Pankow,Kita Roelckespatzen,Roelckestr.,117,Bürgerhaus BüHa gGmbH,80
13086,Pankow,Kita Knirpsenland,Roelckestr.,60,Bürgerhaus BüHa gGmbH,75
13086,Pankow,Kita der Ev. Kirchengem. Weißensee,Max-Steinke-Str.,022,Ev. Kirchengemeinde Weißensee,75
13086,Pankow,Kita Spieltraum Weißensee,Goethestr.,050,Spieltraum Weißensee gemeinnützige UG (haftungsbeschränkt),75
13086,Pankow,dreieins-Kindertagesstätte Weißensee,Rennbahnstr.,086,dreieins Innovative Pädagogik gGmbH,70
13086,Pankow,Kita Paul und Paula,Roelckestr.,030,"""Paul & Paula"" UG (haftungsbeschränkt)",64
13086,Pankow,Kita El mundo de los ninòs,Pistoriusstr.,006,El mundo de los ninos gGmbH,60
13086,Pankow,Evangelische Stephanus-Kita,Albertinenstr.,020,Stephanus gGmbH,52
13086,Pankow,"""Villa Seegarten""",Große Seestr.,005,Kindergärten NordOst,50
13086,Pankow,EKT - Kinderladen Villa Honighut,Amalienstr.,1,Kinderladen Villa Honighut e.V.,41
13086,Pankow,Kiezforscher,Lehderstr.,093,BGFF - Berliner Gesellschaft für Förderung interkultureller Bildung und Erziehung e. V.,40
13086,Pankow,Kita Sonnenzwerge,Schönstr.,005,Spree-Kinder gemeinnützige GmbH,37
13086,Pankow,Kita Wurzelgemüse,Roelckestr.,024,FZH Frei-Zeit-Haus Weißensee gemeinnützige GmbH,35
13086,Pankow,EKT el jardin de Mafalda,Charlottenburger Str.,003,ej jardin de Mafalda e. V.,28
13086,Pankow,Kinderladen Rosenrot,Charlottenburger Str.,1,A&R Hand in Hand gUG,25
13086,Pankow,EKT Filippo,Lehderstr.,062,Stark für Kinder e. V.,25
13086,Pankow,Kleiner Fratz,Langhansstr.,142,Kleiner Fratz GmbH,25
13086,Pankow,FREUDE Kita Pankow 2,Am Steinberg,014,FREUDE Kindergärten Süd-Ost gGmbH,25
13086,Pankow,Kita Zukunftsmusik,Wigandstaler Str.,007,FZH Frei-Zeit-Haus Weißensee gemeinnützige GmbH,25
13086,Pankow,Kita Anton und Lola,Pistoriusplatz,022,FZH Frei-Zeit-Haus Weißensee gemeinnützige GmbH,22
13086,Pankow,Kita Langohr,Goethestr.,033,kleine Künstler ganz groß gGmbH,22
13086,Pankow,EKT the Coloured World of Kids,Streustr.,121,the Coloured World of Kids e. V.,20
13086,Pankow,EKT Stadt Land Fluss,Charlottenburger Str.,141,Stadt Land Fluss e. V.,18
13086,Pankow,EKT Zilli-Billi-Willi,Streustr.,005,Zilli - Billi - Willi e.V.,17
13086,Pankow,Kita Gäblerstraße,Gäblerstr.,018,Bund Deutscher PfadfinderInnen -Landesverband Berlin- e.V.,12
13088,Pankow,Kita Rappelkiste,Liebermannstr.,020,MAHALE Familien- und Servicemanagement gGmbH,260
13088,Pankow,"Integrationskindergarten ""EigenSinn""/Kigä NordOst",Falkenberger Str.,013,Kindergärten NordOst,195
13088,Pankow,Kita Bernkasteler Str. 9/10/Kigä NordOst,Bernkasteler Str.,009,Kindergärten NordOst,140
13088,Pankow,Kita Vielfarb-Kita,Else-Jahn-Str.,040,Vielfarb Social gGmbH,140
13088,Pankow,Kita Im Komponistenviertel,Meyerbeerstr.,096,JAO gGmbH,135
13088,Pankow,Kita Kinderzeit,Gounodstr.,078,Jugend- und Sozialwerk gGmbH,105
13088,Pankow,Kita Bergfalke,Falkenberger Str.,138,Trägerwerk Soziale Dienste in Berlin und Brandenburg gGmbH (TWSD in BB gGmbH),77
13088,Pankow,Kita Lindenallee 48/Kigä NordOst,Lindenallee,048,Kindergärten NordOst,70
13088,Pankow,Kinderladen Miekematze,Berliner Allee,110,Kinderladen Miekematze gGmbH,44
13088,Pankow,Kita Zauberschlüssel,Bizetstr.,051,Rednik gGmbH,33
13088,Pankow,Kita Makuschki,Wittlicher Str.,024,Zweimalzwölf gUG (haftungsbeschränkt),30
13088,Pankow,EKT Zilli-Billi-Willi,Herbert-Baum-Str.,034,Zilli - Billi - Willi e.V.,27
13088,Pankow,Waldorfkindergarten Weißensee,Smetanastr.,032,Waldorfkindergarten Weißensee e. V.,25
13088,Pankow,Transculture Kids,Berliner Allee,059,TransCulture gemeinnützige GmbH,25
13088,Pankow,EKT - Kleine Riesen - Große Zwerge,Borodinstr.,011,Kleine Riesen - Große Zwerge e.V.,15
13088,Pankow,Heilpädagogische Kita Makuschki,Wittlicher Str.,024,Zweimalzwölf gUG (haftungsbeschränkt),4
13089,Pankow,Ev. Kita Heinersdorf,Romain-Rolland-Str.,052,Ev. Kirchenkreisverband für Kindertageseinrichtungen Berlin Mitte-Nord,123
13089,Pankow,Kita Steinbergzwerge,Tino-Schwierzina-Str.,046C,JAO gGmbH,105
13089,Pankow,Erasmus Kita Beate-Hahn-Straße,Beate-Hahn-Str.,14,Erasmus Berlin gGmbH,52
13089,Pankow,Kita- Peacekids,Prenzlauer Promenade,047,Bildungs- und Demokratieförderung gUG,25
13125,Pankow,"IB-Kita, Internationaler Bund",Friedrich-Richter-Str.,036,Internationaler Bund - IB Berlin-Brandenburg gGmbH für Bildung und soziale Dienste (IB Berlin-Brandenburg gGmbH),200
13125,Pankow,Kita Lindenberger Weg 26/Kigä NordOst,Lindenberger Weg,026,Kindergärten NordOst,190
13125,Pankow,Kita Walter-Friedrich-Str. 20-22/Kigä NordOst,Walter-Friedrich-Str.,020,Kindergärten NordOst,180
13125,Pankow,Kita am Wald,Wiltbergstr.,090,Vielfarb-LHQ gGmbH,150
13125,Pankow,Kindertagesstätte Piratenkids,Blankenburger Chaussee,088,Piratenkids gemeinnützige GmbH,130
13125,Pankow,Integrationskindergarten Pfannschmidtstr. 70/Kigä NordOst,Pfannschmidtstr.,070,Kindergärten NordOst,110
13125,Pankow,Kita Krümelkiste,Pfannschmidtstr.,2,Bürgerhaus BüHa gGmbH,110
13125,Pankow,Kita Busonistr.145/Kigä NordOst,Busonistr.,145,Kindergärten NordOst,110
13125,Pankow,Kita Orgelpfeifen,Münchehagenstr.,043,GFAJ e.V.,110
13125,Pankow,Kita der kleinen Kreativen,Bahnhofstr.,033A,Kita der kleinen Kreativen gGmbH,110
13125,Pankow,Cooperative Mensch Kita Karow Kidz,Gatterweg,017,Cooperative Mensch eG,108
13125,Pankow,Kita Sonnenblume/Kigä NordOst,Hofzeichendamm,001,Kindergärten NordOst,100
13125,Pankow,Kita Entdeckerland,Sägebockweg,107,BIK e.V. Berliner Institut für Kleinkindpädagogik und familienbegleitende Kinderbetreuung,100
13125,Pankow,Kita Ludwig Hoffmann Quartier,Wiltbergstr.,50,KARUNA Zukunft für Kinder und Jugendliche in Not International e.V.,100
13125,Pankow,Abenteuerland,Straße 43,013A,Kindergärten NordOst,87
13125,Pankow,Kita Karower Knirpse,Bahnhofstr.,053,Jugend- und Sozialwerk gGmbH,85
13125,Pankow,Kita Vielfarb-Kita,Robert-Rössle-Str.,001A,Vielfarb Social gGmbH,85
13125,Pankow,Kita Die Röländer,Röländer Str.,046,Pfefferwerk Stadtkultur gGmbH,82
13125,Pankow,Kita Baum und Borke,Wiltbergstr.,050,KARUNA Zukunft für Kinder und Jugendliche in Not International e.V.,82
13125,Pankow,Kita Glück Glück,Karower Chaussee,169B,KUBIBE gGmbH,80
13125,Pankow,ev. Kita Himmels.Blick,Alt-Karow,008,Verein für Berliner Stadtmission,75
13125,Pankow,"FRÖBEL - Kindergarten Sonne, Mond und Sterne",Lindenberger Weg,057,Fröbel Bildung und Erziehung gGmbH,70
13125,Pankow,Kita CampusSterne,Robert-Rössle-Str.,010,SEHstern e.V.,60
13125,Pankow,Kita Bucher Spatzen,Wiltbergstr.,030,Hand in Hand mit Kindern gemeinnützige UG (haftungsbeschränkt),50
13125,Pankow,Kita Kleine Glückspilze,Hobrechtsfelder Chaussee,162,GFAJ e.V.,48
13125,Pankow,Kita Achillesstraße,Achillesstr.,068,Kindergärten NordOst,30
13125,Pankow,Kita Zitterbacke 2,Achillesstr.,059,Kita Zitterbacke gGmbH,25
13125,Pankow,Naturkindergarten Tante Josefine,Pankgrafenstr.,12D,Tante Josefine e.V.,25
13125,Pankow,Kita Nordstern,Achillesstr.,075,SEHstern e.V.,24
13125,Pankow,Kindergarten Waldkind,Wiltbergstr.,029A,Spielkultur Berlin-Buch e. V.,24
13125,Pankow,Kita der kleinen Kreativen Karow (nur Sprachförderung),Bahnhofstr.,33A,Kita der kleinen Kreativen gGmbH,20
13125,Pankow,Heilpäd. Gruppe Kita Karow Kidz,Gatterweg,017,Cooperative Mensch eG,8
13127,Pankow,Kita Petitweg,Petitweg,020,Kinder im Kiez gGmbH,120
13127,Pankow,ASB Hugenottenhofkita Berlin,Hauptstr.,13A,ASB Kinder- und Jugendhilfe Berlin gGmbH,120
13127,Pankow,Kita Zauberstein,Cunistr.,034,Kinder im Kiez gGmbH,110
13127,Pankow,Kita Murmelstein,Schweizer Tal,018,JAO gGmbH,110
13127,Pankow,Kita Die Insel,Nantesstr.,069,JAO gGmbH,95
13127,Pankow,ASB Kita Triftbande,Triftstr.,12B,ASB Kinder- und Jugendhilfe Berlin gGmbH,93
13127,Pankow,Kita La Cigale/Kigä NordOst,Matthieustr.,012,Kindergärten NordOst,86
13127,Pankow,Kita Schützenstr. 133/Kigä NordOst,Schützenstr.,133,Kindergärten NordOst,85
13127,Pankow,Kleiner Fratz,Triftstr.,027B,Kleiner Fratz GmbH,75
13127,Pankow,Kita Kindererde Berliner Straße,Berliner Str.,007,Kindererde gemeinnützige GmbH,75
13127,Pankow,Kita Spatzenhaus,Eddastr.,046,GFAJ e.V.,65
13127,Pankow,Kita Buchholz,Gartenstr.,016,Ev. Kirchenkreisverband für Kindertageseinrichtungen Berlin Mitte-Nord,55
13127,Pankow,Kita Villa Universum,Bahnhofstr.,001,minomi gGmbH,45
13127,Pankow,Kita p.f.-knirpse,Rosenthaler Weg,041,pro futura e.V.,40
13127,Pankow,Kita Französisch Buchholz,Schönhauser Str.,113,Kita Französisch Buchholz e.V.,25
13127,Pankow,Kita Die Kiezkrümel,Pankower Str.,001,Die Kiezkrümel gemeinnützige UG (haftungsbeschränkt),22
13127,Pankow,Kita Kleiner Fratz (heilpädagoische Gruppe),Triftstr.,027,Kleiner Fratz GmbH,5
13129,Pankow,Kita Blankenburger Wichtel,Heinersdorfer Str.,200,GFAJ e.V.,120
13129,Pankow,Kita Spatzenburg/Kigä NordOst,Priesterstege,006,Kindergärten NordOst,85
13129,Pankow,Kenntnisreich in der Urbacher Straße,Urbacher Str.,019,Kenntnisreich Kindertagesstätten gGmbH,49
13156,Pankow,Kita Pankowerstr.,Pankower Str.,013,Forum Soziale Dienste GmbH,180
13156,Pankow,Kita am Schlosspark,Tschaikowskistr.,012,Vielfarb Social gGmbH,156
13156,Pankow,KitaEins,Hermann-Hesse-Str.,045,Pankower Früchtchen gGmbH,136
13156,Pankow,Kita Strauchwiese,Lindenberger Str.,024,Pfefferwerk Stadtkultur gGmbH,130
13156,Pankow,Kita am Brosepark,Dietzgenstr.,33,Bürgerhaus BüHa gGmbH,120
13156,Pankow,Humanistische Kindertagesstätte Friedrich-Engels-Straße,Friedrich-Engels-Str.,45,"Humanistischer Verband Deutschlands, Landesverband Berlin-Brandenburg KdöR",111
13156,Pankow,Kita Kreuzgraben,Kreuzgraben,013,Kinder im Kiez gGmbH,102
13156,Pankow,Kita Schillerwiese,Waldemarstr.,036,Vielfarb-Kita Schillerwiese gGmbH,100
13156,Pankow,Kita Grabbe-Kogge,Grabbeallee,045,casa bambini - Gesellschaft zur Förderung und Begleitung von Kindesentwicklung mbH,97
13156,Pankow,Kita Klothildestr. 21/Kigä NordOst,Klothildestr.,021,Kindergärten NordOst,91
13156,Pankow,Waldorfkindergarten Pankow,Majakowskiring,013,Waldorfkindergarten Pankow e.V.,85
13156,Pankow,Kita Villa Lobo,Wilhelm-Wolff-Str.,015,Hanna gGmbH Kita-Trägerschaften,84
13156,Pankow,Kath. Kita Maria Magdalena,Boris-Pasternak-Weg,016,Kitas im Erzbistum Berlin-Zweckverband der katholischen Kirchengemeinden,80
13156,Pankow,Kita Friesenkinder,Friesenstr.,86,Camino-Dein Weg GmbH,75
13156,Pankow,Lara.berlin Kita,Hermann-Hesse-Str.,055,Lara.berlin gGmbH,70
13156,Pankow,Kita Gänseblümchen,Dietzgenstr.,025,KITA Gänseblümchen gGmbH,65
13156,Pankow,Kita Sternenhof,Blankenburger Str.,076,SBH Nordost GmbH,65
13156,Pankow,Kita Schillersternchen,Schillerstr.,021,MASAkids gemeinnützige Unternehmergesellschaft (haftungsbeschränkt),60
13156,Pankow,Kita Knirpsentreff,Buchholzer Str.,087,Knirpsentreff GmbH,60
13156,Pankow,Ev. Kita Friedenskirche Niederschönhausen,Marthastr.,012,Die Evangelische Gemeinde Niederschönhausen- Nordend,60
13156,Pankow,"Kita ""Little Flowers""",Siegfriedstr.,011C,Little Munchkins gGmbH,51
13156,Pankow,Kita Meilenstein,Blankenburger Str.,9,Rednik gGmbH,50
13156,Pankow,"kita ""Glückspilze""",Dietzgenstr.,051,Lask gUG,50
13156,Pankow,Kita Sonne und Mond,Güllweg,003,Vielfarb Social gGmbH,45
13156,Pankow,Kita Paul und Paula,Grabbeallee,044,"""Paul & Paula"" UG (haftungsbeschränkt)",40
13156,Pankow,EKT - Timpetu,Treskowstr.,005,Kinderladen Timpetu e.V.,35
13156,Pankow,Waldkindergarten Robin Hood,Dietzgenstr.,066,Robin Hood e.V.,35
13156,Pankow,Kita Dietzgen-Strolche,Dietzgenstr.,66A,SONA - Soziale Nachbarschaft für betreutes Wohnen gGmbH,33
13156,Pankow,Kita - Die Pankis,Heinrich-Böll-Str.,001,Die Pankis gGmbH,30
13156,Pankow,EKT - Arbeitsgruppe für Montessori-Pädagogik,Blumenthalstr.,18,Arbeitsgruppe für Montessoripädagogik e.V.,26
13156,Pankow,Kita Kleine Mimmi,Dietzgenstr.,071,Kleine Mimmi e. V.,25
13156,Pankow,Kita Schillerzwerge,Schillerstr.,009,MANATIkids gemeinnützige Unternehmergesellschaft (haftungsbeschränkt),25
13156,Pankow,EKT Melodiekiste,Dietzgenstr.,079,MIKA e. V.,25
13156,Pankow,Kita Leo Lausemaus,Dietzgenstr.,043,Kita Leo Lausemaus gemeinnützige UG (haftungsbeschränkt),25
13156,Pankow,EKT Hauptstadtindianer,Eichenstr.,010,Hauptstadtindianer e. V.,25
13156,Pankow,"Kinderladen ""Schneeweißchen""",Beuthstr.,042,A&R Hand in Hand gUG,25
13156,Pankow,Humanistische Kindertagesstätte Grabbeallee,Grabbeallee,36,"Humanistischer Verband Deutschlands, Landesverband Berlin-Brandenburg KdöR",25
13156,Pankow,Kita Lotusblüte,Tschaikowskistr.,013,Lotusblüte e. V.,24
13156,Pankow,Kita Zitterbacke,Dietzgenstr.,055,Kita Zitterbacke gGmbH,24
13156,Pankow,Kleine Abenteurer,Waldstr.,034,Kleine Abenteurer e. V.,23
13156,Pankow,Pankizwerge,Körnerstr.,040,Die Pankis gGmbH,19
13158,Pankow,BOOT-Kita Uhlandzwerge,Uhlandstr.,033,Gemeinnützige BOOT GmbH,210
13158,Pankow,Kita Fontanestr. 83/Kigä NordOst,Fontanestr.,083,Kindergärten NordOst,120
13158,Pankow,Kita Wiesenwichtel,Wiesenwinkel,17,Bürgerhaus BüHa gGmbH,110
13158,Pankow,Kita Kinderwald,Goethestr.,061,Arbeiterwohlfahrt Kreisverband Berlin-Mitte e.V.,100
13158,Pankow,Kita Sauseschritt,Dietzgenstr.,104,Pfefferwerk Stadtkultur gGmbH,90
13158,Pankow,Kita Villa Kunterbunt,Kurze Str.,005,Nice Bildung gGmbH,90
13158,Pankow,Kita Schneeflocke,Kurze Str.,005,Schneeflocke gUG,87
13158,Pankow,Kita Pankebären,Niederstr.,001,Step Kids Kitas gemeinnützige GmbH,78
13158,Pankow,Klax Kindergarten Igelnest,Schönholzer Weg,17,KLAX Berlin gGmbH,70
13158,Pankow,Ev. Kita Wilhelmsruh,Goethestr.,003,Ev. Kirchenkreisverband für Kindertageseinrichtungen Berlin Mitte-Nord,60
13158,Pankow,Wiki - Wilhelmsruher Kinder,Goethestr.,41,Camino-Dein Weg GmbH,60
13158,Pankow,Kita Sternenburg,Edelweißstr.,027,Kindergartenmanufaktur gUG,55
13158,Pankow,Villa Flohkiste,Hielscherstr.,002,Villa Flohkiste gemeinnützige GmbH,40
13158,Pankow,Waldorfkindergarten Sonnenhaus,Nesselweg,011A,Waldorfkindergarten Sonnenhaus e.V.,36
13158,Pankow,Kita Villa Her(t)zstraße,Hertzstr.,015,MASAkids gemeinnützige Unternehmergesellschaft (haftungsbeschränkt),30
13158,Pankow,TreeHaus,Hauptstr.,26,Weltkinder UG,22
13158,Pankow,Kita Sternenwiege,Hauptstr.,027,Kindergartenmanufaktur gUG,16
13159,Pankow,Kita Schwalbennest,Hauptstr.,016,Rednik gGmbH,75
13159,Pankow,"""Waldkindergarten Pankow e.V. - Die Waldläufer""",Schildower Str.,020,Waldkindergarten Pankow e.V.,40
13187,Pankow,Kita Am Brennerberg,Zillertalstr.,38,Bürgerhaus BüHa gGmbH,245
13187,Pankow,Kita Sonnenkäfer,Ötztaler Str.,006,Kinder im Kiez gGmbH,225
13187,Pankow,"IB-Kita, Internationaler Bund",Vesaliusstr.,068,Internationaler Bund - IB Berlin-Brandenburg gGmbH für Bildung und soziale Dienste (IB Berlin-Brandenburg gGmbH),190
13187,Pankow,Schlossparkspatzen,Mendelstr.,049,Kindergärten NordOst,180
13187,Pankow,Kita Pestalozzistr.9-11/Kigä NordOst,Pestalozzistr.,009,Kindergärten NordOst,180
13187,Pankow,Kita Zipfelmütze,Görschstr.,015,GFAJ e.V.,162
13187,Pankow,Kita Paradiesvögel -Die Spatzen-,Pestalozzistr.,6A,eventus Bildung gGmbH,151
13187,Pankow,Kita Pankower Wichtel,Dusekestr.,014,JAO gGmbH,140
13187,Pankow,Platanus Kindergarten,Stiftsweg,12A,PLATANUS BILDUNGS gGmbH,99
13187,Pankow,Kita Sonnenblume,Schönholzer Str.,004D,Jugend- und Sozialwerk gGmbH,85
13187,Pankow,"Kita ""Die kleinen Strolche""",Neue Schönholzer Str.,025,Kindergärten NordOst,85
13187,Pankow,lara.berlin Kita,Schulstr.,030,Lara.berlin gGmbH,85
13187,Pankow,Kath. Kita St. Georg,Breite Str.,044,Kitas im Erzbistum Berlin-Zweckverband der katholischen Kirchengemeinden,72
13187,Pankow,Kinderhaus Sternenwiese,Berliner Str.,128,KARUNA Zukunft für Kinder und Jugendliche in Not International e.V.,60
13187,Pankow,Kita Tandem,Pichelswerderstr.,003,tandem BTL gGmbH,55
13187,Pankow,lara.kita,Schulstr.,002,Lara.berlin gGmbH,54
13187,Pankow,Ev. Kita Martin-Luther,Pradelstr.,011,Ev. Kirchenkreisverband für Kindertageseinrichtungen Berlin Mitte-Nord,47
13187,Pankow,KITA Villa Sternenschiff,Benjamin-Vogelsdorff-Str.,3,SEHstern e.V.,45
13187,Pankow,Kita der Ev. Kirchengem. Alt-Pankow,Breite Str.,038,Ev. Kirchengemeinde Alt-Pankow,40
13187,Pankow,Kita Kindererde Damerowstraße,Damerowstr.,064,Kindererde gemeinnützige GmbH,40
13187,Pankow,Kila PiWi,Pichelswerderstr.,004,Kinderschlummerland gGmbH,35
13187,Pankow,Kinderladen Leni Kirschkern,Eintrachtstr.,001,Kirschkern e.V.,33
13187,Pankow,Kindergarten Affenbande,Mendelstr.,042,planned child gGmbH,30
13187,Pankow,Junior 1 Kita am Bürgerpark,Parkstr.,001,Junior JOEL AM BÜRGERPARK - gemeinnützige UG (haftungsbeschränkt),30
13187,Pankow,Kita Pankekinder 2,Neue Schönholzer Str.,012,Pankekinder e. V.,27
13187,Pankow,Kita Pankekinder,Wollankstr.,119,Pankekinder e. V.,26
13187,Pankow,Kinderland Ferndinand,Brehmestr.,035,Himmel und Erde Pankow e. V.,26
13187,Pankow,Kita Thaumara,Görschstr.,11,Kleine Spielgesellschaft gGmbH,26
13187,Pankow,Kita Krikelkrakel,Breite Str.,007,Krikelkrakel gGmbH,25
13187,Pankow,Kinderladen Spielmäuse,Wolfshagener Str.,081,Siebenstein e. V.,25
13187,Pankow,Kinderladen Pankekäfer,Ossietzkystr.,009,SKIB gemeinnützige Unternehmergesellschaft (haftungsbeschränkt) Starke Kinder in Berlin,25
13187,Pankow,Kita Pankeblumen,Florastr.,034,SKIB gemeinnützige Unternehmergesellschaft (haftungsbeschränkt) Starke Kinder in Berlin,25
13187,Pankow,Kita Mondschaukel,Gaillardstr.,001,"Verein f. familienergänzende Betreuung u. Beratung Pankow, kurz ""VfBB Pankow"" e.V.",24
13187,Pankow,Kita Sternschnuppe,Brehmestr.,025,Kita Sternschnuppe gGmbH,24
13187,Pankow,Kita Clownfisch,Maximilianstr.,006,BfA gGmbH,22
13187,Pankow,EKT - Ratzefatze,Florapromenade,001,Kinderladen Ratzefatze e.V.,21
13187,Pankow,EKT Stadtkinder,Rettigweg,004,Stadtkinder Pankow e. V.,21
13187,Pankow,EKT Garuda,Kreuzstr.,005,Garuda e.V.,20
13187,Pankow,Kita Kleine Leute ganz groß,Florastr.,068,"Verein f. familienergänzende Betreuung u. Beratung Pankow, kurz ""VfBB Pankow"" e.V.",20
13187,Pankow,EKT Auenland,Brehmestr.,060,Auenland e. V.,20
13187,Pankow,Verbundkita Pankow - Die Wölfe Maxi,Wolfshagener Str.,068,MK MiniKitas in Berlin gGmbH,20
13187,Pankow,Kita Freche Fledermäuse Pankow,Schönholzer Str.,2,Familien-Fenster e. V.,18
13187,Pankow,Kita Pankepiraten,Ossietzkystr.,006,SKIB gemeinnützige Unternehmergesellschaft (haftungsbeschränkt) Starke Kinder in Berlin,18
13187,Pankow,EKT Simsalabim,Wilhelm-Kuhr-Str.,083,EKT Simsalabim e.V.,16
13187,Pankow,Kita Freude Pankow 3,Wilhelm-Kuhr-Str.,088,FREUDE Kindergärten gemeinnützige GmbH,14
13189,Pankow,"Klax Krippe Sonnenhaus,Klax Kindergarten Wolkenhaus und Klax Vorschule Regenbogenhaus",Asta-Nielsen-Str.,011,KLAX Berlin gGmbH,240
13189,Pankow,Integrationskita Schneckenhaus/Kigä NordOst,Neumannstr.,007,Kindergärten NordOst,200
13189,Pankow,Kita EigenSinn,Eschengraben,49,Camino-Dein Weg GmbH,185
13189,Pankow,"Kita ""Holzweg""",Eschengraben,49A,Camino-Dein Weg GmbH,136
13189,Pankow,Kita Selma-Lagerlöf-Straße,Selma-Lagerlöf-Str.,006,Kindergärten NordOst,100
13189,Pankow,Klax Kindergarten Pusteblume,Eschengraben,037,KLAX Berlin gGmbH,80
13189,Pankow,Kinderladen Sterntaler,Dettelbacher Weg,028,KiTa Sterntaler gGmbH,53
13189,Pankow,Kita der Ev. Kirchengem. Hoffnung,Elsa-Brändström-Str.,036,Ev. Kirchengemeinde Hoffnung Pankow,50
13189,Pankow,Kita Cheburashka-Pankow,Thulestr.,42,Cheburashka gGmbH,40
13189,Pankow,Kita Anderland,Herthastr.,006,BGFF - Berliner Gesellschaft für Förderung interkultureller Bildung und Erziehung e. V.,35
13189,Pankow,Kita Cheburashka - Wisbyer Straße,Wisbyer Str.,036,Cheburashka gGmbH,32
13189,Pankow,Kita Herthastraße,Herthastr.,005,BGFF - Berliner Gesellschaft für Förderung interkultureller Bildung und Erziehung e. V.,30
13189,Pankow,"Kita ""Binzzwerge""",Binzstr.,035,KiTa Sterntaler gGmbH,30
13189,Pankow,"Montessori-Kinderhaus ""Lolek und Bolek""",Spiekermannstr.,030,Lolek und Bolek 2002 e.V.,28
13189,Pankow,Kindergarten Junges Gemüse,Elsa-Brändström-Str.,015,Junges Gemüse e.V.,28
13189,Pankow,EKT Gartenkinder,Neumannstr.,073,Gartenkinder e.V.,26
13189,Pankow,Kita Little Munchkins,Trelleborger Str.,005,Little Munchkins gGmbH,24
13189,Pankow,Kita Kleine Kapitäne Pankow,Selma-Lagerlöf-Str.,004,Kita Pankower Pixxel gGmbH,22
13347,Mitte,Kindergarten Ruheplatz 13,Ruheplatzstr.,013,Kindergärten City,171
13347,Mitte,Kita Liebenwalder Str. 45/Kigä City,Liebenwalder Str.,045,Kindergärten City,135
13347,Mitte,Kita Neue Hochstr. 44/Kigä City,Neue Hochstr.,044,Kindergärten City,135
13347,Mitte,Kita Reinickendorfer Str. 98/Kigä City,Reinickendorfer Str.,098,Kindergärten City,130
13347,Mitte,AWO Kita Sonnenblume,Reinickendorfer Str.,062,Arbeiterwohlfahrt Kreisverband Berlin-Mitte e.V.,130
13347,Mitte,Kita Schönwalder Str. 19a/Kigä City,Schönwalder Str.,019A,Kindergärten City,123
13347,Mitte,Kita am Nettelbeckplatz,Reinickendorfer Str.,110A,OUTLAW gemeinnützige Gesellschaft für Kinder- und Jugendhilfe mbH,92
13347,Mitte,Ev. Kita Nazareth,Nazarethkirchstr.,050,Ev. Kirchenkreisverband für Kindertageseinrichtungen Berlin Mitte-Nord,75
13347,Mitte,Kita Seestraße,Seestr.,090,Kinder im Kiez gGmbH,71
13347,Mitte,Kath. Kita St. Robert,Hochstädter Str.,014,Kitas im Erzbistum Berlin-Zweckverband der katholischen Kirchengemeinden,65
13347,Mitte,Kita Ringelblume,Reinickendorfer Str.,032,Forum für Bildung und Erziehung (FBE) gGmbH,64
13347,Mitte,Kita Paradiesvögel Plantagenstraße,Plantagenstr.,9,eventus Bildung gGmbH,60
13347,Mitte,Kindertagesstätte Paradiesvögel die Elstern,Schönwalder Str.,017,eventus Bildung gGmbH,50
13347,Mitte,AWO Kita Pinocchio,Iranische Str.,006,Arbeiterwohlfahrt Kreisverband Berlin-Mitte e.V.,50
13347,Mitte,Kita A13,Amsterdamer Str.,013,Deutscher Kinderschutzbund Landesverband Berlin e. V.,45
13347,Mitte,Kita Nazarethkirchstraße,Nazarethkirchstr.,049,KITA Nazar gemeinnützige GmbH,45
13347,Mitte,Kita Plapperfisch,Seestr.,062,Wunderkinder gGmbH,45
13347,Mitte,Kindertagesstätte Schlösschen-Mitte,Reinickendorfer Str.,099,LifExperience gemeinnützige Gesellschaft für Bildung Erziehung und Betreuung mbH,45
13347,Mitte,Kita Rauda,Schulstr.,052,Rauda e. V.,40
13347,Mitte,Kleiner Fratz,Prinz-Eugen-Str.,008,Kleiner Fratz GmbH,35
13347,Mitte,Kita Bienchen,Reinickendorfer Str.,081,Vielfalt auf Augenhöhe gGmbH,32
13347,Mitte,Kita Malplaquetstraße,Malplaquetstr.,041,Kinderland Wedding e.V.,30
13347,Mitte,Kita Wunderland,Gerichtstr.,040,minomi gGmbH,30
13347,Mitte,Spielraum Reinickenufer,Reinickendorfer Str.,004,SpielRaum Kindertagesstätten Berlin gGmbH,30
13347,Mitte,Groni-Weddinger Kinder- u.Jugendzentrum,Malplaquetstr.,010,Weddinger Kinder- und Jugendzentrum e.V.,26
13347,Mitte,Groni-Weddinger Kinder- u.Jugendzentrum,Malplaquetstr.,024,Weddinger Kinder- und Jugendzentrum e.V.,25
13347,Mitte,Kita Akila,Antonstr.,019,AKILA (Arbeiterkinderladen) e. V.,25
13347,Mitte,Kita Safina,Reinickendorfer Str.,030,HadeWe-Integra gemeinnützige GmbH,25
13347,Mitte,Kita Umpa Lumpa,Reinickendorfer Str.,063,Umpa Lumpa Internationaler Kinderladen gemeinnützige GmbH,25
13347,Mitte,Groni-Weddinger Kinder- u.Jugendzentrum,Amsterdamer Str.,019B,Weddinger Kinder- und Jugendzentrum e.V.,24
13347,Mitte,EKT - Die kleinen Chaoten,Liebenwalder Str.,044,DIE KLEINEN CHAOTEN e.V.,23
13347,Mitte,Groni-Weddinger Kinder- u.Jugendzentrum - Malplaquet 37,Malplaquetstr.,037,Weddinger Kinder- und Jugendzentrum e.V.,22
13347,Mitte,Kita Weiße Wolke,Groninger Str.,032,Kita Weiße Wolke e.V.,20
13347,Mitte,Kindertagesstätte Tipi,Prinz-Eugen-Str.,016,MiniKitas First gGmbH,20
13347,Mitte,EKT Tausendfüßler,Amsterdamer Str.,012,EIKITA Tausendfüßler e. V.,19
13347,Mitte,Kleiner Fratz,Adolfstr.,021,Kleiner Fratz GmbH,19
13347,Mitte,EKT Pankonauten,Ravenéstr.,010,Pankonauten e.V.,18
13347,Mitte,EKT - Doppelpünktchen,Oudenarder Str.,001B,Doppelpünktchen e.V.,17
13347,Mitte,Kita Die kleinen Frösche,Malplaquetstr.,035,Kinderland Wedding e.V.,17
13347,Mitte,Kita Groninger Straße 34,Groninger Str.,034,Kita Weiße Wolke e.V.,13
13349,Mitte,Kita Edinburger Str. 38/Kigä City,Edinburger Str.,038,Kindergärten City,62
13349,Mitte,Kita Plapperschildkröte,Müllerstr.,077,Wunderkinder gGmbH,60
13349,Mitte,Ev. Kita Kornelius,Dubliner Str.,029,Ev. Kirchenkreisverband für Kindertageseinrichtungen Berlin Mitte-Nord,55
13349,Mitte,Kindertagesstätte Paul-Gerhardt-Stift zu Berlin,Müllerstr.,056,Paul Gerhardt Stift Soziales gGmbH,40
13349,Mitte,Kita RoKoKids,Ofener Str.,004,Ki.E.Ka. e.V.,30
13349,Mitte,Pädag.Initiative EKT am Schillerpark,Türkenstr.,14,Pädagogische Initiative EKT am Schillerpark e.V.,25
13349,Mitte,Montessori Kinderhaus,Edinburger Str.,039,Maria Montessori Kinderwelten gGmbH,25
13349,Mitte,Kita Primavera,Glasgower Str.,025,Primavera e. V.,25
13349,Mitte,EKT Kinderoase,Ofener Str.,3,Wassila Soziale Gesellschaft für Integration u. Arbeit mit Kindern und Jugendlichen gGmbH,25
13349,Mitte,Kita Piya,Barfusstr.,013,Verein der Eltern aus Kurdistan in Deutschland e.V. (Yekmal),25
13349,Mitte,Kita Plapperfrosch,Edinburger Str.,013,Wunderkinder gGmbH,25
13349,Mitte,Smile Kindergarten,Dubliner Str.,008,Smile Kindergärten gemeinnützige GmbH,25
13349,Mitte,Johemi Kita Müllerstraße,Müllerstr.,061,Johemi Kindertagesstätten gGmbH,25
13349,Mitte,Johemi Kita Müllerstraße,Müllerstr.,064,Johemi Kindertagesstätten gGmbH,25
13349,Mitte,Kleine Himmelswolke,Türkenstr.,005,Kleine Himmelswolke e.V.,21
13349,Mitte,EKT Kleine Himmelswolke,Türkenstr.,020,Kleine Himmelswolke e.V.,20
13349,Mitte,Schillerpark-Kita,Bristolstr.,019,Ki.E.Ka. e.V.,20
13349,Mitte,Kleine RokoKids Kita,Ofener Str.,003A,Ki.E.Ka. e.V.,20
13349,Mitte,EKT Gänseblümchen,Glasgower Str.,026,GÄNSEBLÜMCHEN e.V.,17
13349,Mitte,Kita Johemi,Barfusstr.,014,Johemi Kindertagesstätten gGmbH,13
13351,Mitte,Kita/Kinder in Bewegung (KiB),Togostr.,067,Kinder in Bewegung gGmbH Gemeinnützige Kindergarten-Trägergesellschaft des Berliner Sports,160
13351,Mitte,Kita Maji-Maji-Allee 14/Kigä City,Maji-Maji-Allee,14,Kindergärten City,160
13351,Mitte,Kita Afrikanische Straße,Afrikanische Str.,028,Kinder im Kiez gGmbH,150
13351,Mitte,Deutsch-Französische Kita/Kigä City,Afrikanische Str.,121,Kindergärten City,150
13351,Mitte,Kita Ghanastr. 13/Kigä City,Ghanastr.,013,Kindergärten City,75
13351,Mitte,Kita Piratenkids,Otawistr.,027,Piratenkids gemeinnützige GmbH,66
13351,Mitte,EKT - Tüte Mücken,Togostr.,078,Tüte Mücken e.V.,60
13351,Mitte,Kita Dohnagestell 8,Dohnagestell,8,Kindergärten City,60
13351,Mitte,Kita Knirpsmaus,Kongostr.,046,Trägerwerk Soziale Dienste in Berlin und Brandenburg gGmbH (TWSD in BB gGmbH),41
13351,Mitte,EKT Berliner Stadtmäuse,Transvaalstr.,020,EKT Berliner Stadtmäuse e. V.,25
13351,Mitte,Kita Kardelen,Lüderitzstr.,003,Kardelen gGmbH,25
13351,Mitte,Kita Engelsnest,Kameruner Str.,055,Liberi Bildung gemeinnützige GmbH,25
13351,Mitte,Kita Sari,Transvaalstr.,043,Kita Sari gUG,25
13351,Mitte,Kita Kindererde Afrikanische Straße,Afrikanische Str.,043,Kindererde gemeinnützige GmbH,25
13351,Mitte,Kita Abendteuerland,Cornelius-Fredericks-Str.,005,G.E.B. Gesellschaft für Erziehung und Bildung UG,20
13351,Mitte,Kita Freche Früchte,Transvaalstr.,046,KiTa Freche Früchte gemeinnützige UG (haftungsbeschränkt),19
13351,Mitte,Naturkindergarten Wedding e.V.,Dohnagestell,008,Naturkindergarten Wedding e.V.,15
13353,Mitte,Gipfelstürmer,Triftstr.,067,Soziale Dienste Bürgermeister Reuter gGmbH,180
13353,Mitte,Kita an der Beuth Hochschule für Technik,Lütticher Str.,039,studierendenWERK BERLIN,130
13353,Mitte,Kita Brüsseler Straße,Brüsseler Str.,030,INA.KINDER.GARTEN gGmbH,125
13353,Mitte,Kita Augustenburger Platz,Augustenburger Platz,001,INA.KINDER.GARTEN gGmbH,125
13353,Mitte,Kita Lynarstr. 10/Kigä City,Lynarstr.,012,Kindergärten City,114
13353,Mitte,Kita Ideeninsel,Antwerpener Str.,40,Soziale Dienste Bürgermeister Reuter gGmbH,103
13353,Mitte,Ev. Osterkita,Sprengelstr.,035,Ev. Kirchenkreisverband für Kindertageseinrichtungen Berlin Mitte-Nord,85
13353,Mitte,Ev. Kinderhaus Kapernaum,Seestr.,035,Ev. Kirchenkreisverband für Kindertageseinrichtungen Berlin Mitte-Nord,70
13353,Mitte,KITA Wirbelzwirbel,Tegeler Str.,013,Käpt'n Browser gemeinnützige Gesellschaft mit beschränkter Haftung,60
13353,Mitte,Kita Bunter Stern,Tegeler Str.,006,SEHstern e.V.,45
13353,Mitte,Arif und Alina III,Lynarstr.,039,"""KITA Arif & Alina"" gUG (haftungsbeschränkt)",33
13353,Mitte,Kita Paradiesvögel Genterstraße,Genter Str.,24,eventus Bildung gGmbH,29
13353,Mitte,Freche Früchte,Sprengelstr.,033,KiTa Freche Früchte gemeinnützige UG (haftungsbeschränkt),25
13353,Mitte,Wolke 7 gGmbH,Sparrstr.,022,Wolke 7 gemeinnützige Gesellschaft mbH,25
13353,Mitte,Kita Paradiesvögel Sparrstraße,Sparrstr.,26,eventus Bildung gGmbH,25
13353,Mitte,Kita Alina und Arif,Sparrstr.,3A,"""KITA Arif & Alina"" gUG (haftungsbeschränkt)",25
13353,Mitte,Kita Arif und Alina,Burgsdorfstr.,013,"""KITA Arif & Alina"" gUG (haftungsbeschränkt)",23
13353,Mitte,Kita Seestern,Genter Str.,074,Hauptstadtkinder gGmbH,23
13353,Mitte,Kita Paradiesvögel,Sparrstr.,025,eventus Bildung gGmbH,21
13353,Mitte,Kita Bäumchen,Brüsseler Str.,037,Bäumchen e. V.,21
13353,Mitte,EKT Bäumchen,Brüsseler Str.,038,Bäumchen e. V.,20
13353,Mitte,EKT Sonnenblume,Fehmarner Str.,014,Elterninitiativkindertagesstätte Sonnenblume e. V.,18
13353,Mitte,Kita Paradiesvögel - Die Zebrafinken -,Burgsdorfstr.,013,eventus Bildung gGmbH,18
13353,Mitte,Freche Früchte,Genter Str.,063,KiTa Freche Früchte gemeinnützige UG (haftungsbeschränkt),18
13353,Mitte,Sprachfördereinrichtung Ritterfalter in der Leo-Lionni-Grundschule (nur Sprachförderung),Willdenowstr.,11,SOCIUS - Die Bildungspartner gemeinnützige GmbH,16
13353,Mitte,Freche Früchte,Brüsseler Str.,045,KiTa Freche Früchte gemeinnützige UG (haftungsbeschränkt),16
13353,Mitte,"EKT - ""Eisbär""",Sparrstr.,020,Verein zur Förderung integrativer Erziehung e. V.,15
13353,Mitte,EKT Sparrbande,Sparrstr.,021,EKT Sparrbande e.V.,15
13353,Mitte,EKT Krümelbande,Lütticher Str.,005,Eltern-Initiativ-Kindertagesstätte Krümelbande e. V.,13
13353,Mitte,EKT - Pustebär,Sparrstr.,019,Verein zur Förderung integrativer Erziehung e. V.,13
13353,Mitte,EKT Frischlinge,Tegeler Str.,044,EIKITA Frischlinge e.V.,13
13355,Mitte,Kita Ackerstr. 60/Kigä City,Ackerstr.,060,Kindergärten City,208
13355,Mitte,Kita Ramlerstr. 9-10/Kigä City,Ramlerstr.,009,Kindergärten City,185
13355,Mitte,Kita/Kinder in Bewegung (KIB),Wolgaster Str.,004,Kinder in Bewegung gGmbH Gemeinnützige Kindergarten-Trägergesellschaft des Berliner Sports,165
13355,Mitte,Kita phorminis,Ackerstr.,076,PHORMS Berlin gemeinnützige GmbH,160
13355,Mitte,Kita Sternenhimmel,Graunstr.,011A,Pfefferwerk Stadtkultur gGmbH,120
13355,Mitte,Kita Kinderparadies Wedding,Ackerstr.,104,IBEB Initiative für Bildung und Erziehung Berlin gemeinnützige GmbH,84
13355,Mitte,Kita am Mauerpark,Lichtburgring,011,Step Kids Kitas gemeinnützige GmbH,78
13355,Mitte,Kita Wattstraße,Wattstr.,016,Pfefferwerk Stadtkultur gGmbH,75
13355,Mitte,Kita Brunnengarten,Rügener Str.,001,Brunnenkids gGmbH,75
13355,Mitte,Ev. Kita am Humboldthain,Gustav-Meyer-Allee,002,Ev. Kirchenkreisverband für Kindertageseinrichtungen Berlin Mitte-Nord,70
13355,Mitte,Kita Lazarus Haus Berlin,Bernauer Str.,115,Stiftung Bethel - Hoffnungstaler Stiftung Lobetal,64
13355,Mitte,Kita KIKADO,Demminer Str.,005,BGFF - Berliner Gesellschaft für Förderung interkultureller Bildung und Erziehung e. V.,63
13355,Mitte,EKT Omas Garten,Stralsunder Str.,007,Bürgerinitiative Omas Garten e.V.,62
13355,Mitte,Kath. Kita St. Sebastian,Feldstr.,020,Kitas im Erzbistum Berlin-Zweckverband der katholischen Kirchengemeinden,55
13355,Mitte,EKT - Waldorf-Kindergarten Berlin-Wedding,Swinemünder Str.,065,Waldorf-Kindergarten Berlin-Wedding e.V.,41
13355,Mitte,Kita Max (Kita II),Brunnenstr.,085,Hauptstadtkinder gGmbH,40
13355,Mitte,Kita Sonneninsel,Usedomer Str.,023,Hauptstadtkinder gGmbH,30
13355,Mitte,Kita Moritz (Kita III),Brunnenstr.,085,Hauptstadtkinder gGmbH,30
13355,Mitte,Kita Putti,Putbusser Str.,030,Hauptstadtkinder gGmbH,25
13355,Mitte,Kita Dracheninsel,Usedomer Str.,28,Hauptstadtkinder gGmbH,25
13355,Mitte,El Mundo de los Ninos,Hussitenstr.,004,El mundo de los ninos e. V.,20
13355,Mitte,EKT - Mauerspechte,Swinemünder Str.,064,Mauerspechte e.V.,18
13355,Mitte,Kita Omas Garten,Stralsunder Str.,004,Bürgerinitiative Omas Garten e.V.,14
13357,Mitte,Kita/Kinder in Bewegung (KIB) gGmbH,Gottschedstr.,028,Kinder in Bewegung gGmbH Gemeinnützige Kindergarten-Trägergesellschaft des Berliner Sports,185
13357,Mitte,Kita Stettiner Str. 21-23/Kigä City,Stettiner Str.,021,Kindergärten City,184
13357,Mitte,Kita Wiesenstr.,Wiesenstr.,049,Orte für Kinder GmbH,147
13357,Mitte,Kita Exerzierstr. 32a/Kigä City,Exerzierstr.,032A,Kindergärten City,133
13357,Mitte,Kinderhaus Kunterbunt,Wiesenstr.,025,Unionhilfswerk Sozialeinrichtungen gemeinnützige Gesellschaft mbH,115
13357,Mitte,Kita Kunterbunt,Gottschedstr.,027,Kinder in Bewegung gGmbH Gemeinnützige Kindergarten-Trägergesellschaft des Berliner Sports,105
13357,Mitte,Kita Paradiesvögel Stettiner Straße,Stettiner Str.,008,eventus Bildung gGmbH,83
13357,Mitte,Kita Weltkinder,Badstr.,012,NetBil gGmbH Bildungs- und Beratungszentrum,82
13357,Mitte,Kita Kinderburg,Badstr.,057,Kinderburg gemeinnützige GmbH,60
13357,Mitte,Kenntnisreich Badstraße,Badstr.,033,Kenntnisreich Kindertagesstätten gGmbH,45
13357,Mitte,EKT - Auenland,Zingster Str.,012,Arbeitskreis Fidele Pädagogik e.V.,40
13357,Mitte,Kita Arcobaleno,Eulerstr.,019A,Ki.E.Ka. e.V.,36
13357,Mitte,Kita Der Kleine Muck,Koloniestr.,7,TIMELA e.V.,36
13357,Mitte,EKT - Stadtkinder,Grüntaler Str.,012,Stadtkinder e. V.,30
13357,Mitte,EKT - Stadtkinder,Grüntaler Str.,008,Stadtkinder e. V.,27
13357,Mitte,EKT Jo Jo,Schwedenstr.,003A,Jo-Jo e.V.,26
13357,Mitte,Montessori-Kinderladen Wedding,Eulerstr.,018,Montessori-Kinderhaus Wedding e. V.,25
13357,Mitte,Kita Vielfalter,Exerzierstr.,026,Konsti e. V.,25
13357,Mitte,Bezirksamt Mitte von Berlin (nur Sprachförderung),Badstr.,10,SOCIUS - Die Bildungspartner gemeinnützige GmbH,24
13357,Mitte,Kita Ghislan,Bastianstr.,021,Ghislan e.V.,22
13357,Mitte,Kita Zauberwald,Grüntaler Str.,030,Märchenreise e. V.,22
13357,Mitte,Kita Piccoli Artisti,Eulerstr.,021,Ki.E.Ka. e.V.,21
13357,Mitte,EKT - Kinderhütte Wiesenstraße,Wiesenstr.,028,Kinderhütte Wiesenstraße e. V.,20
13357,Mitte,EKT - Stadtkinder,Grüntaler Str.,006,Stadtkinder e. V.,20
13357,Mitte,Kita Kleine Waschbären,Martin-Opitz-Str.,023,Baysal - Orte für frühkindliche Bildung gUG,19
13357,Mitte,EKT - Kila Spatzenkinder,Bastianstr.,018,Unsere Zukunft e.V.,18
13357,Mitte,EKT - Flohzirkus Wedding,Eulerstr.,010,Flohzirkus Wedding e.V.,18
13357,Mitte,Zwergenstube Auenland,Zingster Str.,008,Arbeitskreis Fidele Pädagogik e.V.,12
13359,Mitte,Kita Sprachvielfalt,Koloniestr.,024A,Jugend- und Sozialwerk gGmbH,190
13359,Mitte,Kita Märchenland,Bornholmer Str.,044,Orte für Kinder GmbH,160
13359,Mitte,Kita/Kinder in Bewegung (KiB),Drontheimer Str.,023A,Kinder in Bewegung gGmbH Gemeinnützige Kindergarten-Trägergesellschaft des Berliner Sports,135
13359,Mitte,Kita Nordbahnstr. 15-16/Kigä City,Nordbahnstr.,015,Kindergärten City,130
13359,Mitte,Kita Grüntaler Straße,Grüntaler Str.,34,INA.KINDER.GARTEN gGmbH,130
13359,Mitte,Kita Nachtigall,Wollankstr.,039,eventus Bildung gGmbH,127
13359,Mitte,Kita Freienwalder Str. 19c/Kigä City,Freienwalder Str.,019C,Kindergärten City,115
13359,Mitte,Kita Der Kinder-Garten in der Schwedenstraße,Schwedenstr.,009A,Jugend- und Sozialwerk gGmbH,100
13359,Mitte,Kita Osloer Str. 105D/Kigä City,Osloer Str.,105D,Kindergärten City,100
13359,Mitte,Ev. Kita Stephanus,Soldiner Str.,021,Ev. Kirchenkreisverband für Kindertageseinrichtungen Berlin Mitte-Nord,80
13359,Mitte,Kita Burg-Spatzen,Prinzenallee,062,casa bambini - Gesellschaft zur Förderung und Begleitung von Kindesentwicklung mbH,63
13359,Mitte,Kita Kleine Wölkchen,Soldiner Str.,031,Märchenreise e. V.,46
13359,Mitte,Kindergarten Meilenstein,Wriezener Str.,043,Mitte(l)punkt e. V.,37
13359,Mitte,Kita Kindererde Prinzenallee,Prinzenallee,058,Kindererde gemeinnützige GmbH,36
13359,Mitte,Kindertagesstätte Fiorino,Prinzenallee,045C,FamilienZitadelle gemeinnützige GmbH,33
13359,Mitte,EKT - Villa Römer,Wollankstr.,061D,Villa Römer e. V.,32
13359,Mitte,Kita Putte,Prinzenallee,024,Putte e.V. - Ausländer- und Sonderprojekt im Wedding -,30
13359,Mitte,Kita Die Bärenbande,Soldiner Str.,065,BEB Bildungseinrichtung für Erziehung und Bildung e.V.,30
13359,Mitte,Kita - Die Bärenbande,Soldiner Str.,070,BEB Bildungseinrichtung für Erziehung und Bildung e.V.,25
13359,Mitte,Kita Kleine Kapitäne,Wriezener Str.,039,Kita Kleine Kapitäne gGmbH,25
13359,Mitte,FREUDE Kita Wedding,Soldiner Str.,044,FREUDE Kindergärten Süd-Ost gGmbH,25
13359,Mitte,Kita Osloer Zwerge,Osloer Str.,124,Brunnenkids gGmbH,23
13359,Mitte,Kita Siebenschön,Zechliner Str.,001,Hauptstadtkinder gGmbH,23
13359,Mitte,EKT - Klapperkiste,Soldiner Str.,033,Klapperkiste e. V.,20
13359,Mitte,EKT - Die Ministerne,Sternstr.,009,EIKITA MINISTERNE e. V.,18
13359,Mitte,Heilpäd. Gruppe Kita Kindererde Prinzenallee,Prinzenallee,058,Kindererde gemeinnützige GmbH,4
13403,Reinickendorf,Humanistische Kindertagesstätte General-Woyna-Straße,General-Woyna-Str.,48,"Humanistischer Verband Deutschlands, Landesverband Berlin-Brandenburg KdöR",140
13403,Reinickendorf,Lustige Spatzen,Auguste-Viktoria-Allee,14,Familienzentrum Sonnenlicht gGmbH,140
13403,Reinickendorf,AWO Kita Kinderwelt,Klixstr.,031D,Arbeiterwohlfahrt Berlin Kreisverband Südost e.V.,135
13403,Reinickendorf,Kita Rotbuchenweg,Rotbuchenweg,018,Jugend- und Sozialwerk gGmbH,106
13403,Reinickendorf,Kita Nemo,Kögelstr.,4,LebensWelt Kindertagesstätte Amendestraße gGmbH,105
13403,Reinickendorf,Kita Sonnenkinder,Auguste-Viktoria-Allee,97,Kindertagesstätten Nordwest Eigenbetrieb von Berlin,100
13403,Reinickendorf,Kita Albatros,Auguste-Viktoria-Allee,017,Albatros gemeinnützige Gesellschaft für soziale und gesundheitliche Dienstleistungen mbH,100
13403,Reinickendorf,Kita Luftballon,Blankestr.,005,Kita Luftballon gGmbH,71
13403,Reinickendorf,Kindertagesstätte Kuddel-Muddel,Antonienstr.,67,R und W Kindergarten gGmbH,70
13403,Reinickendorf,Kath. Kindertagesstätte St. Rita,General-Woyna-Str.,054,Kitas im Erzbistum Berlin-Zweckverband der katholischen Kirchengemeinden,65
13403,Reinickendorf,Die kleinen Grünschnäbel II,Eichborndamm,043,Die kleinen Grünschnäbel UG (haftungsbeschränkt),55
13403,Reinickendorf,Kita Antonia,Antonienstr.,50A,DRK Kinder-Tages-Betreuung gGmbH Berlin,50
13403,Reinickendorf,Kita - Schillingstraße,Schillingstr.,016,Stephanus gGmbH,45
13403,Reinickendorf,Kita Kindererde Ollenhauerstraße,Ollenhauerstr.,048,Kindererde gemeinnützige GmbH,36
13403,Reinickendorf,Kita Wortschmiede,Zobeltitzstr.,034,Albatros gemeinnützige Gesellschaft für soziale und gesundheitliche Dienstleistungen mbH,35
13403,Reinickendorf,Kita Zicke-Zacke,Blankestr.,011,Zicke-Zacke Hort e.V.,33
13403,Reinickendorf,Kita - Die kleinen Grünschnäbel,Eichborndamm,039,Die kleinen Grünschnäbel UG (haftungsbeschränkt),25
13403,Reinickendorf,Kita Sternblume,Waldstr.,103,Forum für Bildung und Erziehung (FBE) gGmbH,25
13403,Reinickendorf,Kita Stadtperlen,Antonienstr.,009,R und W Kindergarten gGmbH,20
13403,Reinickendorf,Freude Kita Reinickendorf,Eichborndamm,072,FREUDE Kindergärten gemeinnützige GmbH,20
13405,Reinickendorf,Kita Hakuna Matata,Scharnweberstr.,50,LebensWelt Kindertagesstätte Amendestraße gGmbH,80
13405,Reinickendorf,Kindertagesstätte Simba,Scharnweberstr.,43,LebensWelt Kindertagesstätte Amendestraße gGmbH,60
13405,Reinickendorf,Kita Uranuskids,Uranusweg,003,fidea Bildung gGmbH,60
13405,Mitte,EKT Wilde Wiese,Kurt-Schumacher-Damm,041,"Elternverein ""Wilde Wiese"" e. V.",50
13407,Reinickendorf,Kita Humboldtstraße,Humboldtstr.,001,Kindertagesstätten Nordwest Eigenbetrieb von Berlin,147
13407,Reinickendorf,Kita Pfiffikus,Gotthardstr.,037,EJF gemeinnützige AG,140
13407,Reinickendorf,Kita Kunterbunt,Romanshorner Weg,085,Orte für Kinder GmbH,136
13407,Reinickendorf,"Kita ""Die kleinen Füchse""",Genfer Str.,033,Nice Bildung gGmbH,60
13407,Reinickendorf,Kita der Ev. Luther Kirchengem. Alt-Reinickendorf,Baseler Str.,018,Ev. Luther Kirchengemeinde Alt-Reinickendorf,55
13407,Reinickendorf,Kita der Ev. Kirchengem. Alt-Reinickendorf,Stegeweg,005,Ev. Luther Kirchengemeinde Alt-Reinickendorf,54
13407,Reinickendorf,Kinderinsel Alt-Reinickendorf,Alt-Reinickendorf,050,Kinderinseln Berlin Nord gUG (haftungsbeschränkt),52
13407,Reinickendorf,Kinderinsel Aroser Allee,Aroser Allee,151,Kinderinseln Berlin Nord gUG (haftungsbeschränkt),50
13407,Reinickendorf,Kita Kinderinsel Weiße Stadt,Aroser Allee,153c,Kinderinseln Berlin Nord gUG (haftungsbeschränkt),50
13407,Reinickendorf,Erasmus Kita Holländerstraße,Holländerstr.,36N,Erasmus Berlin gGmbH,48
13407,Reinickendorf,Kita Alt-Reinickendorf,Schillerring,013,Kindergarten Alt-Reinickendorf gGmbH,47
13407,Reinickendorf,Kita Brusebergstrasse,Brusebergstr.,026,Kinder- und Jugendhilfe-Verbund/ KJSH-Stiftung Berlin-Brandenburg,39
13407,Reinickendorf,Kita Luftballon,Lindauer Allee,004,Kita Luftballon gGmbH,35
13407,Reinickendorf,EKT - Die Entdecker (III),Holländerstr.,023,Die Entdecker e.V.,29
13407,Reinickendorf,Kita Pirole,Aroser Allee,152,era Erziehung und Ästhetik gemeinnützige GmbH,25
13407,Reinickendorf,EKT - Die Entdecker (1),Holländerstr.,014,Die Entdecker e.V.,23
13407,Reinickendorf,EKT - Schülerladen Bullerbü,Zermatter Str.,019D,SCHÜLERLADEN BULLERBÜ e.V.,22
13407,Reinickendorf,ABC-Hamster (nur Sprachförderung),Winterthurstr.,007,Netzwerk Bethanien e.V.,15
13409,Reinickendorf,Kita Kinderland,Friedrich-Wilhelm-Str.,76,LebensWelt Kindertagesstätte Reinickendorf gGmbH,253
13409,Reinickendorf,Kita Letteallee,Letteallee,082,Kindertagesstätten Nordwest Eigenbetrieb von Berlin,210
13409,Reinickendorf,Kita Mittelbruchzeile,Mittelbruchzeile,078,OUTLAW gemeinnützige Gesellschaft für Kinder- und Jugendhilfe mbH,200
13409,Reinickendorf,Kita Amendestraße,Amendestr.,041,Kindertagesstätten Nordwest Eigenbetrieb von Berlin,125
13409,Reinickendorf,Kindertagesstätte Fidibus,Amendestr.,90,LebensWelt Kindertagesstätte Amendestraße gGmbH,123
13409,Reinickendorf,Montessori-Kinderhaus Sommerstraße,Sommerstr.,016,Unionhilfswerk Sozialeinrichtungen gemeinnützige Gesellschaft mbH,112
13409,Reinickendorf,Kath. Kindertagesstätte St. Marien,Klemkestr.,003,Kitas im Erzbistum Berlin-Zweckverband der katholischen Kirchengemeinden,75
13409,Reinickendorf,Kita Sommergarten,Sommerstr.,28,LebensWelt Kindertagesstätte Reinickendorf gGmbH,63
13409,Reinickendorf,Ev. Kindertagesstätte,Hausotterplatz,3,Evangeliumskirchgemeinde,59
13409,Reinickendorf,FREUDE Kita Emmentaler Str.,Emmentaler Str.,096,FREUDE Kindergärten Süd-West gGmbH,32
13409,Reinickendorf,Kita Resi,Residenzstr.,152,BIBA Kindertagesstätten gUG,28
13409,Reinickendorf,Kita Herbsthörnchen,Herbststr.,026,BIBA Kindertagesstätten gUG,18
13409,Reinickendorf,EKT - Rummel-Bummel,Hausotterstr.,053,Rummel - Bummel e. V.,15
13435,Reinickendorf,Kita Senftenberger Ring,Senftenberger Ring,099,Kindertagesstätten Nordwest Eigenbetrieb von Berlin,160
13435,Reinickendorf,Kita/Kinder in Bewegung (KiB),Schlitzer Str.,097,Kinder in Bewegung gGmbH Gemeinnützige Kindergarten-Trägergesellschaft des Berliner Sports,160
13435,Reinickendorf,Kita Krümelkiste,Senftenberger Ring,046A,FiPP e. V. - Fortbildungsinstitut für die pädagogische Praxis,140
13435,Reinickendorf,Kita Edelweiß,Wittenauer Str.,112,Bifiz Bildung für eine intelligente Zukunft gGmbH,140
13435,Reinickendorf,Horizonte-Kids,Senftenberger Ring,047,Horizonte für Kinder gGmbH,138
13435,Reinickendorf,Evangelische Kita Regenbogen,Senftenberger Ring,029,Ev. Kirchenkreisverband für Kindertageseinrichtungen Berlin Mitte-Nord,135
13435,Reinickendorf,Kindertagesstätte Kalinka,Senftenberger Ring,034,Bifiz Bildung für eine intelligente Zukunft gGmbH,133
13435,Reinickendorf,Kita La Vita,Eichhorster Weg,023,EJF gemeinnützige AG,130
13435,Reinickendorf,Kita Märkolino,Senftenberger Ring,096,Kindertagesstätten Nordwest Eigenbetrieb von Berlin,120
13435,Reinickendorf,Kita Wirbelwind,Wittenauer Str.,110E,Kindertagesstätten Nordwest Eigenbetrieb von Berlin,86
13435,Reinickendorf,Kita der Ev. Kirchengem. Am Seggeluchbecken,Finsterwalder Str.,066,Evangelische Andreas-Kirchengemeinde,80
13435,Reinickendorf,Kita Jona und der Wal,Schlitzer Str.,46,Evangelische Andreas-Kirchengemeinde,70
13435,Reinickendorf,Kita Mäusekiste,Wilhelmsruher Damm,215A,Forum Soziale Dienste Kita I GmbH,48
13435,Reinickendorf,Kita Forumhaus,Wilhelmsruher Damm,192,Forum Soziale Dienste Kita I GmbH,36
13435,Reinickendorf,Kita Papageifisch,Wittenauer Str.,007,BfA gGmbH,25
13435,Reinickendorf,EKT - Schlumpfoase,Lübarser Str.,013,Schlumpfoase e. V.,20
13437,Reinickendorf,Kita Alt-Wittenau,Alt-Wittenau,089,OUTLAW gemeinnützige Gesellschaft für Kinder- und Jugendhilfe mbH,200
13437,Reinickendorf,Kita Rathauspromenade,Rathauspromenade,073,Kindertagesstätten Nordwest Eigenbetrieb von Berlin,156
13437,Reinickendorf,Kita der Ev. Kirchengem. Alt-Wittenau,Blunckstr.,014,Ev. Kirchengemeinde Wittenau,105
13437,Reinickendorf,Kita Eichborndamm,Eichborndamm,272,Jugend- und Sozialwerk gGmbH,103
13437,Reinickendorf,P.E.K. Private Europa-Kindertagesstätte Elite gGmbH,Oranienburger Str.,13,P.E.K. Private Europa Kindertagesstätte Elite gGmbH,65
13437,Reinickendorf,Kita Mondschein,Oranienburger Str.,63,Wassila Soziale Gesellschaft für Integration u. Arbeit mit Kindern und Jugendlichen gGmbH,63
13437,Reinickendorf,Kath. Kita St. Nikolaus,Techowpromenade,035,Kitas im Erzbistum Berlin-Zweckverband der katholischen Kirchengemeinden,50
13437,Reinickendorf,Kita Alte Stadtvilla,Oranienburger Str.,204,Elisabethstift Jugendhilfe im Diakonischen Werk,50
13437,Reinickendorf,Kita der Ev. Kirchengem. Alt-Wittenau,Spießweg,007,Ev. Kirchengemeinde Wittenau,46
13437,Reinickendorf,Kita der Ev. Kirchengem. Wittenau,Alt-Wittenau,064,Ev. Kirchengemeinde Wittenau,20
13439,Reinickendorf,Kita Tornower Weg,Tornower Weg,8,Kindertagesstätten Nordwest Eigenbetrieb von Berlin,140
13439,Reinickendorf,Europa Kita Die Kinderinsel / L'ile aux enfants,Tramper Weg,4,Unionhilfswerk Sozialeinrichtungen gemeinnützige Gesellschaft mbH,133
13439,Reinickendorf,Kita Tornower Weg,Tornower Weg,006,Horizonte - für Familien - gemeinnützige Gesellschaft mbH,120
13439,Reinickendorf,Kita Varius Sol,Dannenwalder Weg,095,BiZ - Betreuung im Zentrum gGmbH,114
13439,Reinickendorf,Katholische Kindertagesstätte St. Martin,Königshorster Str.,002,Kitas im Erzbistum Berlin-Zweckverband der katholischen Kirchengemeinden,80
13439,Reinickendorf,Kita Kirchenmäuse,Wilhelmsruher Damm,159A,Ev. Apostel-Petrus-Gemeinde,80
13439,Reinickendorf,Kita Container,Schorfheidestr.,015,Forum Soziale Dienste Kita I GmbH,36
13439,Reinickendorf,EKT Heinzegraben,Königshorster Str.,011,Elterninitiative Spielgelände Heinzegraben e. V.,16
13439,Reinickendorf,Horizonte-für Familien-gGmbH (nur Sprachförderung),Tornower Weg,006,Horizonte - für Familien - gemeinnützige Gesellschaft mbH,15
13465,Reinickendorf,Kita Maximiliankorso,Maximiliankorso,035,Kindertagesstätten Nordwest Eigenbetrieb von Berlin,114
13465,Reinickendorf,Kita Frohnatur,Markgrafenstr.,014,Kindertagesstätten Nordwest Eigenbetrieb von Berlin,65
13465,Reinickendorf,Ev. Kita Frohnau,Markgrafenstr.,049,Ev. Kirchenkreisverband für Kindertageseinrichtungen Berlin Mitte-Nord,65
13465,Reinickendorf,Kath. Kita St. Hildegard,Senheimer Str.,035,Kitas im Erzbistum Berlin-Zweckverband der katholischen Kirchengemeinden,55
13465,Reinickendorf,Kita Schneckenhaus,Walporzheimer Str.,018,Forum Soziale Dienste Kita I GmbH,36
13465,Reinickendorf,Wurzelkinder e.V. - Maxis,Invalidensiedlung,46,Wurzelkinder e.V.,35
13465,Reinickendorf,Christliche Montessori-Kindertagesstätte,Karmeliterweg,014,IN VIA Katholischer Verband für Mädchen- und Frauensozialarbeit für das Erzbistum Berlin gGmbH,35
13465,Reinickendorf,EKT Kinderhaus Frohnau,Gutshofstr.,010,Kinderhaus Frohnau e.V.,28
13465,Reinickendorf,Kita Knusperhaus,Jostweg,005,Kita Knusperhaus gGmbH,25
13465,Reinickendorf,Wurzelkinder e.V. - Minis,Invalidensiedlung,1,Wurzelkinder e.V.,20
13465,Reinickendorf,EKT - Ententeich,Königsbacher Zeile,049,ENTENTEICH e.V.,16
13467,Reinickendorf,Kita Entdeckerburg,Frohnauer Str.,067,Kindertagesstätten Nordwest Eigenbetrieb von Berlin,135
13467,Reinickendorf,Kita Villa Flitzesternchen,Schramberger Str.,008,FiPP e. V. - Fortbildungsinstitut für die pädagogische Praxis,100
13467,Reinickendorf,Kita Seestraße,Seestr.,014,INA.KINDER.GARTEN gGmbH,95
13467,Reinickendorf,Kita Fichtestraße,Fichtestr.,005,Kindertagesstätten Nordwest Eigenbetrieb von Berlin,80
13467,Reinickendorf,Ev. Kita Hermsdorf,Schloßstr.,39,Ev. Kirchengemeinde Hermsdorf,80
13467,Reinickendorf,"Kita ""Rotbuche""",Berliner Str.,050,Stiftung Pro Gemeinsinn gGmbH,80
13467,Reinickendorf,Kath. Kita Maria Gnaden,Roswithastr.,021,Kitas im Erzbistum Berlin-Zweckverband der katholischen Kirchengemeinden,65
13467,Reinickendorf,Kita DoMinis,Kurhausstr.,34,IN VIA Katholischer Verband für Mädchen- und Frauensozialarbeit für das Erzbistum Berlin gGmbH,55
13467,Reinickendorf,EKT - Waldorf-Kindergarten Hermsdorf,Auguste-Viktoria-Str.,004,Waldorf-Kindergarten Hermsdorf e.V.,50
13467,Reinickendorf,Waldkindergarten Waldwichtel,Schulzendorfer Str.,144A,Waldwichtel e.V.,45
13467,Reinickendorf,Kita Zwergenschloß,Olafstr.,16,Zwergenschloß gGmbH,40
13467,Reinickendorf,Kindergarten Mini-Kids mit Grips,Wachsmuthstr.,012,MINI-KIDS mit GRIPS Kindertagesstätte e.V.,35
13467,Reinickendorf,Kinderkrippe Zwergenschloß,Berliner Str.,88A,Zwergenschloß gGmbH,30
13467,Reinickendorf,Kleine Nordlichter,Hermsdorfer Damm,192,Kleine Nordlichter e.V.,20
13467,Reinickendorf,Kita Bärenbande,Berliner Str.,111,Natur Kids Land gGmbH,20
13469,Reinickendorf,Kita Waldshuter Zeile,Waldshuter Zeile,008,OUTLAW gemeinnützige Gesellschaft für Kinder- und Jugendhilfe mbH,205
13469,Reinickendorf,Kita Libelle,Wittenauer Str.,151,Kindertagesstätten Nordwest Eigenbetrieb von Berlin,136
13469,Reinickendorf,Kita Nimrodstraße,Nimrodstr.,004,Kindertagesstätten Nordwest Eigenbetrieb von Berlin,94
13469,Reinickendorf,Kindergarten Jorinde & Joringel,Dianastr.,001,Stiftung Pro Gemeinsinn gGmbH,92
13469,Reinickendorf,Kita/Kinder in Bewegung (KiB),Hermsdorfer Str.,018,Kinder in Bewegung gGmbH Gemeinnützige Kindergarten-Trägergesellschaft des Berliner Sports,82
13469,Reinickendorf,Kita Froschkönig,Dianastr.,010,Stiftung Pro Gemeinsinn gGmbH,75
13469,Reinickendorf,Kita der Ev. Kirchengem. Lübars,Benekendorffstr.,148,Ev. Kirchengemeinde Lübars,56
13469,Reinickendorf,Ginsterkatze,Avenue Charles de Gaulle,007,Trägerwerk Soziale Dienste in Berlin und Brandenburg gGmbH (TWSD in BB gGmbH),55
13469,Reinickendorf,APEGO-Kita Berlin,Dianastr.,044,Madrina Sophia e.V.,44
13469,Reinickendorf,"Kindertagesstätte ""Rotkehlchen""",Dianastr.,42,eventus Bildung gGmbH,32
13469,Reinickendorf,Kita Remmi-Demmi im Bergschloss,Waidmannsluster Damm,178,Remmi Demmi gemeinnützige GmbH,30
13469,Reinickendorf,Kita Alte Fasanerie,Fasanerie,010,Elisabethstift Jugendhilfe im Diakonischen Werk,30
13469,Reinickendorf,Kita Mohnblume,Artemisstr.,004,Forum für Bildung und Erziehung (FBE) gGmbH,30
13469,Reinickendorf,EKT - Knusperhäuschen,Zehntwerderweg,173,Knusperhäuschen e.V.,25
13469,Reinickendorf,Kinderkrippe MINI-KIDS mit GRIPS,Artemisstr.,038,MINI-KIDS mit GRIPS Kindertagesstätte e.V.,16
13503,Reinickendorf,Kita Hennigsdorfer Straße,Hennigsdorfer Str.,130,Kindertagesstätten Nordwest Eigenbetrieb von Berlin,148
13503,Reinickendorf,Kinderhaus des Montessori-Campus am Tegeler Forst (Alt-Heiligensee),Alt-Heiligensee,027,Montessori-Stiftung Berlin (MSB),136
13503,Reinickendorf,FRÖBEL Kita am Südfeld,Heiligenseestr.,063,Fröbel Bildung und Erziehung gGmbH,90
13503,Reinickendorf,Kita Waldkirche/Ev.Kg.Bln-Heiligensee,Stolpmünder Weg,035,Ev. Kirchengemeinde Berlin-Heiligensee,67
13503,Reinickendorf,Kita Regenbogen,Keilerstr.,023,EJF gemeinnützige AG,65
13503,Reinickendorf,Kita Bunte Fische,Alt-Heiligensee,58,EJF gemeinnützige AG,60
13503,Reinickendorf,Kita der Ev. Dorf-Gemeinde Heiligensee,Alt-Heiligensee,045,Ev. Kirchengemeinde Berlin-Heiligensee,45
13503,Reinickendorf,Kita - Die Igelkinder,Ruppiner Chaussee,143,Kindergartenmanufaktur gUG,39
13503,Reinickendorf,Kita Dachskinder,Am Dachsbau,003,Dachskinder gGmbH,38
13503,Reinickendorf,EKT Regenbogenkinder,Sandhauser Str.,145,Eltern-Initiativ-Kindertagesstätte Regenbogenkinder e. V.,30
13503,Reinickendorf,Kita der Ev. Kirchengem. Matthias-Claudius,Schulzendorfer Str.,025,Ev. Kirchengemeinde Matthias-Claudius,30
13505,Reinickendorf,Kita Havelsternchen,Luisenstr.,021,Kindertagesstätten Nordwest Eigenbetrieb von Berlin,115
13505,Reinickendorf,Kita Waldmäuse e.V./Waldabschni.Konradshöhe/Reiherberg,Rabenstr.,041,Waldmäuse e.V.,40
13505,Reinickendorf,Kita der Ev. Kirchengem. Konradshöhe-Tegelort,Beatestr.,029,Ev. Kirchengemeinde Konradshöhe-Tegelort,30
13507,Reinickendorf,Kindertagesstätte Waldräuber,Werdohler Weg,081,Euro-Schulen gemeinnützige Gesellsch. für berufl. Bildung und Beschäftigung mbH,187
13507,Reinickendorf,Kita Karoline,Karolinenstr.,003,Kindertagesstätten Nordwest Eigenbetrieb von Berlin,180
13507,Reinickendorf,Kita Neheimer Straße,Neheimer Str.,10,Kindertagesstätten Nordwest Eigenbetrieb von Berlin,130
13507,Reinickendorf,Kindertagesstätte am Tegeler Fließ,Waidmannsluster Damm,007,Gemeinde auf dem Weg Evangelische Freikirche e.V.,98
13507,Reinickendorf,AWO Kita Schneckenhaus,Bernauer Str.,136,Arbeiterwohlfahrt Berlin Kreisverband Südost e.V.,95
13507,Reinickendorf,Kita Ameisenburg,Alt-Tegel,40,Kindertagesstätten Nordwest Eigenbetrieb von Berlin,85
13507,Reinickendorf,Kita Seesterne,Karolinenstr.,021,KLAX Berlin gGmbH,80
13507,Reinickendorf,Alegria Biedenkopfer Straße,Biedenkopfer Str.,44,Alegria Kiga gGmbH,76
13507,Reinickendorf,Kita der Ev. Kirchengem. Tegel-Süd,Namslaustr.,61,Evangelische Kirchengemeinde Tegel-Borsigwalde,60
13507,Reinickendorf,Kath. Kita St. Bernhard,Bernauer Str.,066,Kitas im Erzbistum Berlin-Zweckverband der katholischen Kirchengemeinden,53
13507,Reinickendorf,Kita der Ev. Kirchengem. Alt-Tegel,Alt-Tegel,37,Evangelische Kirchengemeinde Tegel-Borsigwalde,45
13507,Reinickendorf,Montessori-Kinderhaus Spatzen,Gabrielenstr.,012,Montessori-Stiftung Berlin (MSB),45
13507,Reinickendorf,EKT Hokus Pokus,Schlieperstr.,054,Hokus Pokus e.V.,25
13507,Reinickendorf,Kindertagesstätte Tegler Lieblingskinder,Bernstorffstr.,018,Lieblingskinder gemeinnützige Unternehmergesellschaft (haftungsbeschränkt),22
13509,Reinickendorf,Kita Ernststraße,Ernststr.,078,Kindertagesstätten Nordwest Eigenbetrieb von Berlin,123
13509,Reinickendorf,AWO Kita Freie Scholle,Erholungsweg,001,Arbeiterwohlfahrt Berlin Kreisverband Südost e.V.,105
13509,Reinickendorf,Kita Apfelbäumchen,Oeserstr.,008,AWO pro:mensch gGmbH,100
13509,Reinickendorf,Kita der Ev. Kirchengem. Borsigwalde,Klinnerweg,053,Evangelische Kirchengemeinde Tegel-Borsigwalde,90
13509,Reinickendorf,Kath. Kindertagesstätte St. Joseph,Liebfrauenweg,013,Kitas im Erzbistum Berlin-Zweckverband der katholischen Kirchengemeinden,60
13509,Reinickendorf,Kita Tietzer Strolche,Tietzstr.,012,TÄKS e. V.,36
13509,Reinickendorf,Kita Tiezstr. 25,Tietzstr.,025,Lieblingskinder gemeinnützige Unternehmergesellschaft (haftungsbeschränkt),35
13509,Reinickendorf,Schubarts Lieblingskinder,Schubartstr.,044,Lieblingskinder gemeinnützige Unternehmergesellschaft (haftungsbeschränkt),31
13509,Reinickendorf,Kita der Ev.-methodistischen Kirche,Gorkistr.,127,Evangelisch-methodistische Kirche,30
13509,Reinickendorf,Kita Hoffnungskirche,Tile-Brügge-Weg,049,Evangelische Kirchengemeinde Tegel-Borsigwalde,30
13509,Reinickendorf,Kita Humboldts Lieblingskinder,Hatzfeldtallee,014,Lieblingskinder gemeinnützige Unternehmergesellschaft (haftungsbeschränkt),25
13581,Spandau,Kita Seeburger Weg,Seeburger Weg,035,Kindertagesstätten Nordwest Eigenbetrieb von Berlin,155
13581,Spandau,Kita Am Bullengraben,Elsflether Weg,32,Kindertagesstätten Nordwest Eigenbetrieb von Berlin,150
13581,Spandau,Kita Nusshütte Ebersdorfer Str.,Päwesiner Weg,39,CeFi - Bildung und Verständigung gGmbH,116
13581,Spandau,Stadtteil-Kita Ziegelhof,Ziegelhof,8A,Juwo - Kita gGmbH,110
13581,Spandau,Klax Kindergarten Karlsson vom Dach,Klosterstr.,3,KLAX Berlin gGmbH,100
13581,Spandau,FRÖBEL Kita Seeburger Straße,Seeburger Str.,009,Fröbel Bildung und Erziehung gGmbH,95
13581,Spandau,Kita Mondstern,Seeburger Str.,065,Kinderzone gUG,70
13581,Spandau,Kita Kindervilla Spandau,Brunsbütteler Damm,077,Futura Kindertagesstätten gGmbH,46
13581,Spandau,Sprachförderung für Vorschulkinder (nur Sprachförderung),Ulrikenstr.,007,Kompaxx e.V.,30
13581,Spandau,Kita Kükenbande,Staakener Str.,016,Center Lingual gemeinnützige UG (haftungsbeschränkt),25
13581,Spandau,Kita Seeburger Str. 41,Seeburger Str.,041,Die Seeburg Kindertagesstätten gGmbH,18
13581,Spandau,EKT - Krowelstr.,Krowelstr.,033,Elterninitiierte Kindertagesstätte Krowelstr. e.V.,15
13583,Spandau,AWO-Kita Sternschnuppe,Falkenseer Chaussee,008,Arbeiterwohlfahrt Kreisverband Spandau e.V.,195
13583,Spandau,Kita der kleinen Kreativen Spandau,Falkenseer Chaussee,257,Kita der kleinen Kreativen 2 gGmbH,165
13583,Spandau,Kita Remscheider Straße,Remscheider Str.,039,Kindertagesstätten Nordwest Eigenbetrieb von Berlin,130
13583,Spandau,Kita Samariter,Siegener Str.,050,Ev. Kindertageseinrichtung im Kirchenkreis Spandau,130
13583,Spandau,Kita am Spektesee,Spekteweg,063,FiPP e. V. - Fortbildungsinstitut für die pädagogische Praxis,125
13583,Spandau,Kita Buddelkiste,Germersheimer Weg,093,Kindertagesstätten Nordwest Eigenbetrieb von Berlin,80
13583,Spandau,"Kita ""Freuden-Hüpfer""",Freudenberger Weg,9A,casa bambini - Gesellschaft zur Förderung und Begleitung von Kindesentwicklung mbH,65
13583,Spandau,Kita Klosterfelde,Seegefelder Str.,116,Ev. Kindertageseinrichtung im Kirchenkreis Spandau,60
13583,Spandau,Kita Grasfinken,Kandeler Weg,003,BGFF - Berliner Gesellschaft für Förderung interkultureller Bildung und Erziehung e. V.,50
13583,Spandau,Kita Paradiesvögel-Pinguine,Seegefelder Str.,080,eventus Bildung gGmbH,50
13583,Spandau,Kita Kinderarche Berlin,Germersheimer Weg,027,TW Help for Family gGmbH,40
13583,Spandau,Kita Wiesenpieper,Seegefelder Str.,088,BGFF - Berliner Gesellschaft für Förderung interkultureller Bildung und Erziehung e. V.,35
13583,Spandau,"Kita ""Lummerland""",Seegefelder Str.,034,Kinder Vision gemeinnützige GmbH,25
13583,Spandau,Kita Kleine Feldmäuse,Seegefelder Str.,163,MaKa Kita gGmbH,25
13583,Spandau,Kita Bunt-Falken,Falkenseer Chaussee,74,casa bambini - Gesellschaft zur Förderung und Begleitung von Kindesentwicklung mbH,25
13585,Spandau,Kita Blumenstraße,Blumenstr.,014,Orte für Kinder GmbH,160
13585,Spandau,Kita Oranienburger Tor,Neuendorfer Str.,003,Kindertagesstätten Nordwest Eigenbetrieb von Berlin,159
13585,Spandau,AWO-Kita Wundertüte,Neuendorfer Str.,056,Arbeiterwohlfahrt Kreisverband Spandau e.V.,140
13585,Spandau,Kita Villa Purzelbaum,Kirchhofstr.,035,Kindertagesstätten Nordwest Eigenbetrieb von Berlin,135
13585,Spandau,Kita Ackerstrasse,Ackerstr.,023,Orte für Kinder GmbH,130
13585,Spandau,Kita Kinder in Bewegung (KiB),Brauereihof,001,Kinder in Bewegung gGmbH Gemeinnützige Kindergarten-Trägergesellschaft des Berliner Sports,110
13585,Spandau,Kleiner Fratz,Flankenschanze,048,Kleiner Fratz GmbH,100
13585,Spandau,Kita Lasiuszeile,Lasiuszeile,006,Juwo - Kita gGmbH,87
13585,Spandau,Kath. Kita St. Marien,Hasenmark,002,Kitas im Erzbistum Berlin-Zweckverband der katholischen Kirchengemeinden,55
13585,Spandau,Kita Feldmäuse,Feldstr.,031,MaKa Kita gGmbH,40
13585,Spandau,Sprachfüchse Kompaxx e.V. (nur Sprachförderung),Lynarstr.,008,Kompaxx e.V.,35
13585,Spandau,EKT Oscar,Neuendorfer Str.,072,Oscar e.V.,24
13585,Spandau,EKT - Dreiecke und Kreise,Jagowstr.,016A,Kinderladen Dreiecke & Kreise e. V.,24
13585,Spandau,Josua Gemeinde e.V. (nur Sprachförderung),Bismarckstr.,020,Josua Gemeinde e.V.,21
13585,Spandau,EKT - Kinderhaus Gruberzeile,Jagowstr.,016,Kinderhaus Gruberzeile e.V.,20
13585,Spandau,EKT Spreebande,Falkenhagener Str.,010,Die Spreebande e.V.,18
13585,Spandau,EKT - Oscar,Neuendorfer Str.,073,Oscar e.V.,17
13585,Spandau,Waldfüchse Spandau,Hohenzollernring,104,Waldfüchse Spandau e.V.,16
13587,Spandau,Kita Ev. Johannesstift,Schönwalder Allee,026,Johannesstift Diakonie Jugendhilfe gGmbH,180
13587,Spandau,Kita Am Maselakepark,Am Maselakepark,021,OUTLAW gemeinnützige Gesellschaft für Kinder- und Jugendhilfe mbH,150
13587,Spandau,Kita Wichernstraße,Wichernstr.,057,Kindertagesstätten Nordwest Eigenbetrieb von Berlin,140
13587,Spandau,Kita Zu den Fichtewiesen,Zu den Fichtewiesen,14,Kindertagesstätten Nordwest Eigenbetrieb von Berlin,136
13587,Spandau,Kita am Wald,Hakenfelder Str.,034,Orte für Kinder GmbH,120
13587,Spandau,Kita Havelpiraten,An der Havelspitze,19,Kindertagesstätten Nordwest Eigenbetrieb von Berlin,110
13587,Spandau,Kita HaveluferQuartier,Am Maselakepark,16,Fröbel Bildung und Erziehung gGmbH,102
13587,Spandau,Gerda und Rolf Schopf Kindertagesstätte,Mertensstr.,014,CJD Berlin-Brandenburg im CJD e.V.,100
13587,Spandau,Kindergarten Havelspitze,Sigmund-Bergmann-Str.,3,Fröbel Bildung und Erziehung gGmbH,94
13587,Spandau,Kita Weltentdecker,Schlehenweg,6,Ev. Kindertageseinrichtung im Kirchenkreis Spandau,48
13587,Spandau,Kita Elfenbein Hakenfelde,Streitstr.,058,GFBE gGmbH- Gesellschaft für Bildung und Erziehung,40
13587,Spandau,Kita Wichernzwerge,Wichernstr.,14,Ev. Kindertageseinrichtung im Kirchenkreis Spandau,28
13587,Spandau,Das Haus der kleinen Freunde,Streitstr.,074,Kinder Vision gemeinnützige GmbH,25
13587,Spandau,Kita der kleinen Knöpfchen,Mertensstr.,002,Kinder Vision gemeinnützige GmbH,25
13587,Spandau,Kita Rauchstr. 17,Rauchstr.,017,GFBE gGmbH- Gesellschaft für Bildung und Erziehung,22
13589,Spandau,Humanistische Kindertagesstätte Wasserwerkstraße,Wasserwerkstr.,3,"Humanistischer Verband Deutschlands, Landesverband Berlin-Brandenburg KdöR",150
13589,Spandau,Kita und Familienzentrum Fantasia,Hermann-Schmidt-Weg,7,FiPP e. V. - Fortbildungsinstitut für die pädagogische Praxis,145
13589,Spandau,Kita Drachenburg,Stadtrandstr.,493,Kindertagesstätten Nordwest Eigenbetrieb von Berlin,140
13589,Spandau,Kita Kiesteich-Surfer,Am Kiesteich,040,casa bambini - Gesellschaft zur Förderung und Begleitung von Kindesentwicklung mbH,119
13589,Spandau,Kita Griesinger Waldfüssler,Griesingerstr.,011,Kindertagesstätten Nordwest Eigenbetrieb von Berlin,90
13589,Spandau,Kita Schatzkiste,Westerwaldstr.,020,World Kids gUG,61
13589,Spandau,Kath. Kita St. Markus,Am Kiesteich,050,Kitas im Erzbistum Berlin-Zweckverband der katholischen Kirchengemeinden,60
13589,Spandau,Kita Nusshütte Am Bogen,Am Bogen,035,CeFi - Bildung und Verständigung gGmbH,52
13589,Spandau,Immanuel-Kita,Im Spektefeld,044,Christburg Campus gemeinnützige GmbH,45
13589,Spandau,Kita Eulennest,Hinter den Gärten,22,BGFF - Berliner Gesellschaft für Förderung interkultureller Bildung und Erziehung e. V.,40
13589,Spandau,Die KITA in Paul-Gerhard,Im Spektefeld,26,Ev. Kindertageseinrichtung im Kirchenkreis Spandau,30
13591,Spandau,Kita Heerstraße,Heerstr.,570,OUTLAW gemeinnützige Gesellschaft für Kinder- und Jugendhilfe mbH,190
13591,Spandau,Kita Kids R Kids Haus Spandau,Magistratsweg,073,Kids-R-Kids gUG (haftungsbeschränkt),184
13591,Spandau,Kita Freinet-Haus Entdeckerland,Richard-Münch-Str.,001,Kindertagesstätten Nordwest Eigenbetrieb von Berlin,150
13591,Spandau,AWO-Kita Zwergenwinkel,Zweiwinkelweg,012,Arbeiterwohlfahrt Kreisverband Spandau e.V.,142
13591,Spandau,Kita Zauberschiff,Spandauer Str.,084,Kindertagesstätten Nordwest Eigenbetrieb von Berlin,135
13591,Spandau,Kita Wiesenweg,Wiesenweg,020,Kindertagesstätten Nordwest Eigenbetrieb von Berlin,130
13591,Spandau,Kita Kneipp-Verein,Brunsbütteler Damm,409,Kneipp-Verein Berlin e.V.,110
13591,Spandau,Kita Tausendfühler,Richard-Münch-Str.,069,Kindertagesstätten Nordwest Eigenbetrieb von Berlin,100
13591,Spandau,Kita Blumengarten,Seegefelder Weg,381,Kita Blumengarten gGmbH,98
13591,Spandau,AWO-Kita Feldhäuschen,Brunsbütteler Damm,413,Arbeiterwohlfahrt Kreisverband Spandau e.V.,85
13591,Spandau,Kita Spürnasen,Haberlandweg,006,smartKids Kindertagesstätten gGmbH,76
13591,Spandau,Kita Arche Noah,Stieglakeweg,011,Ev. Kindertageseinrichtung im Kirchenkreis Spandau,73
13591,Spandau,Kita Schneeflocke Spandau,Magistratsweg,056,Schneeflocke gUG,65
13591,Spandau,Little Kiwis - Internationaler Kindergarten,Heerstr.,613,Little Kiwis Internationaler Kindergarten gemeinnützige UG (haftungsbeschränkt),59
13591,Spandau,Kita Staaken-Gartenstadt,Beim Pfarrhof,42,Ev. Kindertageseinrichtung im Kirchenkreis Spandau,42
13591,Spandau,Spandauer Schwalbennest Kita,Finkenkruger Weg,70,Spandauer Schwalbennest gGmbH,17
13591,Spandau,Jona's Haus (nur Sprachförderung),Schulstr.,003,Stiftung Jona,14
13593,Spandau,Kita Wilhelmstadt,Wilhelmstr.,28,IBEB Initiative für Bildung und Erziehung Berlin gemeinnützige GmbH,195
13593,Spandau,Kita/Kinder in Bewegung (KiB),Mareyzeile,022,Kinder in Bewegung gGmbH Gemeinnützige Kindergarten-Trägergesellschaft des Berliner Sports,180
13593,Spandau,Kita Wunderblume,Leubnitzer Weg,2,FiPP e. V. - Fortbildungsinstitut für die pädagogische Praxis,156
13593,Spandau,Humanistische Kindertagesstätte Pillnitzer Weg,Pillnitzer Weg,6,"Humanistischer Verband Deutschlands, Landesverband Berlin-Brandenburg KdöR",145
13593,Spandau,Kita StaakenBär,Räcknitzer Steig,006,Jugend- und Sozialwerk gGmbH,145
13593,Spandau,Kita Laurentius,Heerstr.,367,Ev. Kindertageseinrichtung im Kirchenkreis Spandau,110
13593,Spandau,Kita Kinderparadies Spandau,Wilhelmstr.,025,IBEB Initiative für Bildung und Erziehung Berlin gemeinnützige GmbH,106
13593,Spandau,Kita Regenbogen,Obstallee,022B,Ev. Kindertageseinrichtung im Kirchenkreis Spandau,47
13593,Spandau,Kita - Spielhaus,Wilhelmstr.,025,Spielhaus e.V.,43
13593,Spandau,EKG Loschwitzer Weg,Loschwitzer Weg,11,Gemeinwesenverein Heerstraße Nord e.V.,15
13595,Spandau,Kita Hoppetosse,Götelstr.,068,Kindertagesstätten Nordwest Eigenbetrieb von Berlin,175
13595,Spandau,Kita Havelnest,Jaczostr.,051,Orte für Kinder GmbH,135
13595,Spandau,Kita Wassergeister,Götelstr.,062,Kindertagesstätten Nordwest Eigenbetrieb von Berlin,100
13595,Spandau,Kita Melanchthon,Baumertweg,005,Ev. Kindertageseinrichtung im Kirchenkreis Spandau,55
13595,Spandau,Kita Pichelsdorfer Zwerge,Pichelsdorfer Str.,053,Pichelsdorfer Zwerge gemeinnützige GmbH,50
13595,Spandau,Kita Kinderburg,Gatower Str.,095,Kinderburg gemeinnützige GmbH,50
13595,Spandau,EKT Senfkornbande,Grimnitzstr.,005B,Förderverein christlicher Kindererziehung e.V.,45
13595,Spandau,Kita Silberflöte,Pichelsdorfer Str.,065,Silberflöte gemeinnützige GmbH,41
13595,Spandau,Kita Igelfisch,Mahnkopfweg,003,BfA gGmbH,40
13595,Spandau,Kita Bananas,Metzer Str.,004,Elterninitiativ Kita Bananas e. V.,33
13595,Spandau,Kita Kindertreff,Földerichstr.,067,Berlea Bildung gGmbH,30
13595,Spandau,Kindertagesstätte der Freien Georgschule,Götelstr.,132,Verein zur Förderung der Waldorfpädagogik Berlin-Spandau e. V.,30
13595,Spandau,Krippe Melanchthon,Pichelsdorfer Str.,079,Ev. Kindertageseinrichtung im Kirchenkreis Spandau,25
13595,Spandau,Kita Nusshütte,Weißenburger Str.,021,CeFi - Bildung und Verständigung gGmbH,25
13595,Spandau,Kita Schatzkiste,Adamstr.,004,World Kids gUG,25
13595,Spandau,Kita Piccola,Adamstr.,002,Silberflöte gemeinnützige GmbH,25
13595,Spandau,Kita Murmelbande,Jägerstr.,2,EKT - Traumzauberbaum e. V.,25
13595,Spandau,Kita Schatzkiste 3,Wilhelmstr.,1,World Kids gUG,25
13595,Spandau,EKT Kleine Riesen,Weißenburger Str.,030,"EKT ""Kleine Riesen"" e.V.",24
13595,Spandau,EKT Weißenburger Str.,Weißenburger Str.,022,Eltern-initiierte Kindertagesstätte Weißenburger Straße e.V.,17
13595,Spandau,EKT Traumzauberbaum,Wilhelmstr.,148,EKT - Traumzauberbaum e. V.,16
13595,Spandau,EKG Weinberg,Jaczostr.,52,Ev. Kindertageseinrichtung im Kirchenkreis Spandau,15
13597,Spandau,Kita Schatztruhe,Heidereuterstr.,031,Havel-Kids Kinderbetreuung gGmbH,170
13597,Spandau,Kita Vogelnest,Galenstr.,029,Orte für Kinder GmbH,120
13597,Spandau,Kita Münsingerstraße,Münsingerstr.,003,Kindertagesstätten Nordwest Eigenbetrieb von Berlin,103
13597,Spandau,Kita Petrus,Grunewaldstr.,7,Ev. Kindertageseinrichtung im Kirchenkreis Spandau,75
13597,Spandau,Kita Nikolaus,Behnitz,3,Ev. Kindertageseinrichtung im Kirchenkreis Spandau,44
13597,Spandau,Schüler- und Kinderladen Spandau,Plantage,008,Elterninitiierte Kindertagesstätte Schüler- und Kinderladen Spandau e.V.,26
13599,Spandau,Kita Lünette,Lünette,020,Kindertagesstätten Nordwest Eigenbetrieb von Berlin,175
13599,Spandau,Kita Haveleck,Ruppiner-See-Str.,074,FiPP e. V. - Fortbildungsinstitut für die pädagogische Praxis,170
13599,Spandau,Kita Senfkorn im Martin-Albertz-Haus,Gorgasring,12,Ev. Kindertageseinrichtung im Kirchenkreis Spandau,120
13599,Spandau,Kita Villa Sprechspatzen,Pulvermühlenweg,008,BGFF - Berliner Gesellschaft für Förderung interkultureller Bildung und Erziehung e. V.,93
13599,Spandau,Kita Tabaluga,Olga-Tschechowa-Str.,015,Kindertagesstätten Nordwest Eigenbetrieb von Berlin,90
13599,Spandau,Kita Daumstraße,Daumstr.,73C,Fröbel Bildung und Erziehung gGmbH,73
13599,Spandau,Kita Elfenbein Haselhorst,Gorgasring,015,GFBE gGmbH- Gesellschaft für Bildung und Erziehung,70
13599,Spandau,Kath. Kita St. Stephanus,Gorgasring,009,Kitas im Erzbistum Berlin-Zweckverband der katholischen Kirchengemeinden,69
13599,Spandau,Kita Haselhorster Damm,Haselhorster Damm,54,Ev. Kindertageseinrichtung im Kirchenkreis Spandau,45
13599,Spandau,Kita Kleiner Fratz (Gartenfratz),Gartenfelder Str.,63A,Kleiner Fratz GmbH,40
13599,Spandau,Kita Haselhorst,Gartenfelder Str.,63,EKIBB Einrichtung für Kinderbildung und -betreuung gGmbH,26
13599,Spandau,Gemeinschaftsunterkunft Am Oberhafen (nur Sprachförderung),Gartenfelder Str.,56,Edusation - gemeinnützige Gesellschaft für Integration und Sprachförderung mbH,23
13627,Charlottenburg-Wilmersdorf,Kita Bernhard-Lichtenberg-Straße,Bernhard-Lichtenberg-Str.,020,Kindertagesstätten Nordwest Eigenbetrieb von Berlin,160
13627,Charlottenburg-Wilmersdorf,Kita Zicke-Zacke,Popitzweg,001,Zicke-Zacke Hort e.V.,130
13627,Charlottenburg-Wilmersdorf,Kita Halemweg,Halemweg,022,Kindertagesstätten Nordwest Eigenbetrieb von Berlin,120
13627,Charlottenburg-Wilmersdorf,Erlebniswald,Heckerdamm,274,Jugend- und Sozialwerk gGmbH,110
13627,Charlottenburg-Wilmersdorf,Evangelische Kita Wunderhaus,Heckerdamm,226,Ev. Kirchenkreisverband für Kindertageseinrichtungen Berlin-Mitte-West (Kitaverband Mitte-West),95
13627,Charlottenburg-Wilmersdorf,Luftikus Kindergarten,Saatwinkler Damm,042,Luftikus gGmbH,95
13627,Charlottenburg-Wilmersdorf,Ev. Kita Regenbogenland,Toeplerstr.,005,Ev. Kirchenkreisverband für Kindertageseinrichtungen Berlin-Mitte-West (Kitaverband Mitte-West),57
13627,Charlottenburg-Wilmersdorf,Kita Lilie,Schwambzeile,1,Weltentdecker gUG,25
13629,Spandau,Kita/Johanna-von-Siemens,Lenther Steig,004,CJD Berlin-Brandenburg im CJD e.V.,180
13629,Spandau,Kita im Grünen,Jungfernheideweg,077A,Kindertagesstätten Nordwest Eigenbetrieb von Berlin,140
13629,Spandau,FRÖBEL Kindergarten Siemens Technopark,Wohlrabedamm,010,Fröbel Bildung und Erziehung gGmbH,115
13629,Spandau,Siekids Bärchenbande,Schuckertdamm,343,INA.KINDER.GARTEN gGmbH,85
13629,Spandau,"CJD Kindertagesstätte ""Stubs und Fridolin""",Lenther Steig,004,CJD Berlin-Brandenburg im CJD e.V.,80
13629,Spandau,Multilingua Elsa-Neumann-Straße,Elsa-Neumann-Str.,13,Early Years gUG,70
13629,Spandau,Kinderladen Immerfrech,Wernerwerkdamm,027A,Kinderladen IMMERFRECH e.V.,26
13629,Spandau,FREUDE Kita Spandau,Wernerwerkdamm,026,FREUDE Kindergärten Süd-West gGmbH,25
13629,Spandau,EKG Siemensstadt,Schuckertdamm,336,Ev. Kindertageseinrichtung im Kirchenkreis Spandau,17
13629,Spandau,EKT - Saatwinkler Küken,Saatwinkler Damm,143,Saatwinkler Küken e.V.,16
13629,Reinickendorf,Kita Dreieinigkeit,An der Mäckeritzbrücke,4,Ev. Kindertageseinrichtung im Kirchenkreis Spandau,15
14050,Charlottenburg-Wilmersdorf,Charlottenburger Teddys - Akazienallee,Akazienallee,036,GKJ-Berlin gemeinnützige Gesellschaft für Kinder- und Jugendhilfe mbH,173
14050,Charlottenburg-Wilmersdorf,Kita Kastanienallee des Pestalozzi-Fröbel-Hauses,Kastanienallee,4,Pestalozzi-Fröbel-Haus Stiftung des öffentlichen Rechts,140
14050,Charlottenburg-Wilmersdorf,Ev. Kita Neu Westend,Eichenallee,047,Ev. Kirchenkreisverband für Kindertageseinrichtungen Berlin-Mitte-West (Kitaverband Mitte-West),75
14050,Charlottenburg-Wilmersdorf,Kita Sonnenblume,Nußbaumallee,003,Kita Sonnenblume gGmbH,60
14050,Charlottenburg-Wilmersdorf,Kinderland Westend,Spandauer Damm,130,DRK Kinder-Tages-Betreuung gGmbH Berlin,60
14050,Charlottenburg-Wilmersdorf,Kita Kastanie,Kastanienallee,011,KuBiS gGmbH,35
14050,Charlottenburg-Wilmersdorf,Kita Villa Grips,Akazienallee,014,Villa Grips Soziale und Bildungsdienste gemeinnützige GmbH,35
14050,Charlottenburg-Wilmersdorf,Kinderladen Akazienhof,Akazienallee,034,Kinderladen Akazienhof e. V.,25
14050,Charlottenburg-Wilmersdorf,EKT Grünes Nashorn,Haeselerstr.,007A,Grünes Nashorn e.V.,18
14052,Charlottenburg-Wilmersdorf,Internationaler Kindergarten Sara,Reichsstr.,015,Sara Berlin - Internationaler Kindergarten und Bildungsstätte gemeinnützige UG (haftungsbeschränkt),128
14052,Charlottenburg-Wilmersdorf,Kita Württembergallee,Württembergallee,17,Kindertagesstätten Nordwest Eigenbetrieb von Berlin,125
14052,Charlottenburg-Wilmersdorf,Kita Länderallee,Länderallee,007,Kindertagesstätten Nordwest Eigenbetrieb von Berlin,95
14052,Charlottenburg-Wilmersdorf,Kath. Kita Heilig Geist,Preußenallee,025,Kitas im Erzbistum Berlin-Zweckverband der katholischen Kirchengemeinden,55
14052,Charlottenburg-Wilmersdorf,Waldorfkindergarten Westend,Oldenburgallee,044,Waldorfkindergarten Westend e.V.,45
14052,Charlottenburg-Wilmersdorf,Kita Buntspecht,Reichsstraße,53,BGFF - Berliner Gesellschaft für Förderung interkultureller Bildung und Erziehung e. V.,30
14053,Charlottenburg-Wilmersdorf,KiTa Rominter Allee,Rominter Allee,002,Nachbarschaftsheim Schöneberg e.V.,36
14053,Charlottenburg-Wilmersdorf,Kita Kinder in Bewegung (KiB),Olympischer Platz,005,Kinder in Bewegung gGmbH Gemeinnützige Kindergarten-Trägergesellschaft des Berliner Sports,30
14053,Charlottenburg-Wilmersdorf,SoKi Heilpädagogische Kita Rominter Allee,Rominter Allee,002,Nachbarschaftsheim Schöneberg e.V.,0
14055,Charlottenburg-Wilmersdorf,Kita allerHand,Waldschulallee,031,Sinneswandel - Förderung gehörloser und hörgeschädigter Menschen in Berlin gGmbH,70
14055,Charlottenburg-Wilmersdorf,Ev. Kita Frieden,Maikäferpfad,028,Ev. Kirchenkreisverband für Kindertageseinrichtungen Berlin-Mitte-West (Kitaverband Mitte-West),60
14055,Charlottenburg-Wilmersdorf,Die wilden Westender,Flatowallee,016,Die wilden Westender e.V.,55
14055,Charlottenburg-Wilmersdorf,Kindertagesstätte der Jüdischen Gemeinde zu Berlin,Waldschulallee,073,Jüdische Gemeinde zu Berlin,55
14055,Charlottenburg-Wilmersdorf,Kinderhaus Waldschulallee,Waldschulallee,075,Kinderhaus Waldschulallee e.V.,53
14055,Charlottenburg-Wilmersdorf,Ev. Kita Grünes Dreieck,Angerburger Allee,056,Ev. Kirchenkreisverband für Kindertageseinrichtungen Berlin-Mitte-West (Kitaverband Mitte-West),50
14055,Charlottenburg-Wilmersdorf,Kindergarten der Schele-Schule,Lyckallee,030,Kindergarten der Schele-Schule gemeinnützige GmbH,46
14055,Charlottenburg-Wilmersdorf,EKT - Eichhörnchen,Harbigstr.,014,Eltern-Initiativ-Kindertagesstätte Eichhörnchen e. V.,18
14055,Charlottenburg-Wilmersdorf,EKT - Eichkatzweg,Eichkatzweg,011,Elterninitiativ-Kindertagesstätte Eichkatzweg 11 e.V.,14
14057,Charlottenburg-Wilmersdorf,Kita Lietzenburg,Kuno-Fischer-Str.,4,Kindertagesstätten Nordwest Eigenbetrieb von Berlin,155
14057,Charlottenburg-Wilmersdorf,Kita Assia Gorban,Herbartstr.,24,Jüdische Gemeinde zu Berlin,104
14057,Charlottenburg-Wilmersdorf,Kita Wundtstraße,Wundtstr.,040,OUTLAW gemeinnützige Gesellschaft für Kinder- und Jugendhilfe mbH,80
14057,Charlottenburg-Wilmersdorf,Kath. Kita St. Canisius,Witzlebenstr.,027,Kitas im Erzbistum Berlin-Zweckverband der katholischen Kirchengemeinden,75
14057,Charlottenburg-Wilmersdorf,Ev. Kita Lietzensee,Herbartstr.,004,Ev. Kirchenkreisverband für Kindertageseinrichtungen Berlin-Mitte-West (Kitaverband Mitte-West),50
14057,Charlottenburg-Wilmersdorf,EKT - Mappagei,Dernburgstr.,057,MAPPAGEI e.V.,25
14057,Charlottenburg-Wilmersdorf,EKT Coquelicot,Friedbergstr.,047,EKT Coquelicot e.V.,25
14057,Charlottenburg-Wilmersdorf,Kenntnisreich Kindertagesstätte am Kaiserdamm,Kaiserdamm,008,Kenntnisreich Kindertagesstätten gGmbH,25
14057,Charlottenburg-Wilmersdorf,Kita Bunte Blätter,Suarezstr.,011,Blitzkinder gUG,25
14057,Charlottenburg-Wilmersdorf,EKT - Kinderladen - was sonst,Friedbergstr.,005,Kindertagesstättenverein - Kinderladen - was sonst e.V.,20
14057,Charlottenburg-Wilmersdorf,EKT - Flitzpiepen,Holtzendorffstr.,014,"Kinderladen ""Flitzpiepen"" e.V.",20
14057,Charlottenburg-Wilmersdorf,"Kinderladen ""Geierbande""",Suarezstr.,054,"Kinderladen ""Geierbande"" e.V.",20
14057,Charlottenburg-Wilmersdorf,Kinderladen Lietzenseesterne,Kuno-Fischer-Str.,015,Kinderladen Lietzenseesterne e.V.,20
14057,Charlottenburg-Wilmersdorf,Kinderladen Umme Ecke,Witzlebenstr.,017,Kinderladen Umme Ecke e. V.,18
14057,Charlottenburg-Wilmersdorf,Kita Canicas,Friedbergstr.,41,CANICAS e. V.,17
14057,Charlottenburg-Wilmersdorf,EKT - Rönne,Rönnestr.,018,Rönne 18 e.V.,16
14057,Charlottenburg-Wilmersdorf,EKT Ingrids Kindergarten,Holtzendorffstr.,003,Ingrids Kindergarten e.V.,15
14057,Charlottenburg-Wilmersdorf,Kindertagesstätte Pumuckel,Witzlebenstr.,037,Kindertagesstätte Pumuckel e.V.,15
14059,Charlottenburg-Wilmersdorf,Kita GIRASOLES-SONNENBLUMEN,Sophie-Charlotten-Str.,113,Girasoles-Sonneblumen gGmbH,222
14059,Charlottenburg-Wilmersdorf,Kita Schloßstraße,Schloßstr.,045,Kindertagesstätten Nordwest Eigenbetrieb von Berlin,160
14059,Charlottenburg-Wilmersdorf,ASB Kita am Schlosspark,Heubnerweg,005,ASB Kinder- und Jugendhilfe Berlin gGmbH,92
14059,Charlottenburg-Wilmersdorf,Kita Kinder am Schloss,Spandauer Damm,046,One World Kinder gGmbH,65
14059,Charlottenburg-Wilmersdorf,Ev. Kita Epiphanien,Knobelsdorffstr.,074,Ev. Kirchenkreisverband für Kindertageseinrichtungen Berlin-Mitte-West (Kitaverband Mitte-West),50
14059,Charlottenburg-Wilmersdorf,Kath. Kita St. Kamilus,Klausenerplatz,12,Kitas im Erzbistum Berlin-Zweckverband der katholischen Kirchengemeinden,50
14059,Charlottenburg-Wilmersdorf,Heinrich-Zille-Kita,Sophie-Charlotten-Str.,088,GemBeki Gemeinsinn-für Berliner Kinder gGmbH,35
14059,Charlottenburg-Wilmersdorf,Kita Bollerwagen Berlin gGmbH,Sophie-Charlotten-Str.,083B,Kita Bollerwagen Berlin gGmbH,30
14059,Charlottenburg-Wilmersdorf,EKT - Kinderbegegnungsstätte Atatürk,Nehringstr.,016A,Kinderbegegnungsstätte Atatürk e. V.,30
14059,Charlottenburg-Wilmersdorf,Kita Sanierungsgebiet Klausener Platz,Schloßstr.,016C,Sonderprojekt Sanierungsgebiet Klausenerplatz e. V.,30
14059,Charlottenburg-Wilmersdorf,EKT Gemeinnütziger Charlottenburger Kila,Sophie-Charlotten-Str.,084A,Gemeinnütziger Charlottenburger Kinderladen e.V.,26
14059,Charlottenburg-Wilmersdorf,EKT Firlefanz,Nehringstr.,019,Elterninitiativ-Kindertagesstätte Firlefanz e.V.,25
14059,Charlottenburg-Wilmersdorf,Las Abejitas,Danckelmannstr.,038,Las Abejitas e.V.,25
14059,Charlottenburg-Wilmersdorf,Kita Kindheitstraum,Sophie-Charlotten-Str.,034,Kindheitstraum gUG,25
14059,Charlottenburg-Wilmersdorf,Die wilden 25,Nehringstr.,032,Die Wilden 25 gUG (haftungsbeschränkt),24
14059,Charlottenburg-Wilmersdorf,EKT - Drunter und Drüber,Neufertstr.,012,DRUNTER und DRÜBER e.V.,22
14059,Charlottenburg-Wilmersdorf,EKT Windmühle,Sophie-Charlotten-Str.,084,Eltern-Kinder-Tagesstätte Windmühle e. V.,21
14059,Charlottenburg-Wilmersdorf,EKT - Kindergruppe Lassymoss,Fredericiastr.,030,Kindergruppe Lassymoss e.V.,20
14059,Charlottenburg-Wilmersdorf,Kita Sanierungsgebiet Klausener Platz,Knobelsdorffstr.,020,Sonderprojekt Sanierungsgebiet Klausenerplatz e. V.,20
14059,Charlottenburg-Wilmersdorf,EKT - Kartoffelladen,Knobelsdorffstr.,024,Kartoffelladen e.V.,18
14059,Charlottenburg-Wilmersdorf,Kita Kükenbande 3,Königin-Elisabeth-Str.,057,Center Lingual gemeinnützige UG (haftungsbeschränkt),18
14059,Charlottenburg-Wilmersdorf,EKT Grüne Erdferkel,Spandauer Damm,065,Grüne Erdferkel e.V.,17
14059,Charlottenburg-Wilmersdorf,EKT - Las Abejitas,Danckelmannstr.,038,Las Abejitas e.V.,15
14059,Charlottenburg-Wilmersdorf,Kita - Gemeinnütziger Charlottenburger Kinderladen,Sophie-Charlotten-Str.,085,Gemeinnütziger Charlottenburger Kinderladen e.V.,14
14089,Spandau,Kita Biberburg,Gatower Str.,231,Kindertagesstätten Nordwest Eigenbetrieb von Berlin,205
14089,Spandau,Kita Ritterfelddamm,Ritterfelddamm,27,Kindertagesstätten Nordwest Eigenbetrieb von Berlin,160
14089,Spandau,AWO-Kita Landstadt Gatow,Saint-Exupéry-Str.,010,Arbeiterwohlfahrt Kreisverband Spandau e.V.,140
14089,Spandau,Waldorfpädagogik Havelhöhe,Neukladower Allee,001,Waldorfpädagogik Havelhöhe e.V. - Verein zur Förderung der Erziehungskunst Rudolf Steiners,95
14089,Spandau,AWO-Kita Kladow,Mascha-Kaléko-Weg,003,Arbeiterwohlfahrt Kreisverband Spandau e.V.,90
14089,Spandau,Humanistische Kindertagesstätte Rex-Waite-Straße,Rex-Waite-Str.,94,"Humanistischer Verband Deutschlands, Landesverband Berlin-Brandenburg KdöR",90
14089,Spandau,Kath. Kita Mariä Himmelfahrt,Sakrower Landstr.,56,Kitas im Erzbistum Berlin-Zweckverband der katholischen Kirchengemeinden,85
14089,Spandau,EKT - Traumhaus Kladow,Gößweinsteiner Gang,021,Traumhaus Kladow e.V.,56
14089,Spandau,EKT - Eichhörnchenbande,Sakrower Landstr.,100,Die Eichhörnchen Bande e.V.,50
14089,Spandau,EKT Havelbande,Rothenbücherweg,027,HAVELBANDE e.V.,37
14089,Spandau,Vierfelderhof Bauernhofkindergarten,Straße 264,012,Vierfelderhof Bauernhofkindergarten gemeinnützige GmbH,35
14089,Spandau,Kita an der Schilfdachkapelle,Waldallee,3,Ev. Kindertageseinrichtung im Kirchenkreis Spandau,20
14089,Spandau,Ev. Waldkita,Waldschluchtpfad,27,Ev. Kindertageseinrichtung im Kirchenkreis Spandau,20
14089,Spandau,Kita Apfelbande,Alt-Gatow,32,Ev. Kindertageseinrichtung im Kirchenkreis Spandau,18
14089,Spandau,EKT- Gatower Straße,Gatower Str.,274,Kindgerecht e. V.,16
14109,Steglitz-Zehlendorf,Kita Alsenstr. 16/Kitas Süd-West,Alsenstr.,016,Kindertagesstätten Berlin Süd-West,130
14109,Steglitz-Zehlendorf,Kita am Jägerhof,Königstr.,35C,Natur Jägerhof gGmbH,60
14109,Steglitz-Zehlendorf,Kita der Ev. Kirchengemeinde Wannsee,Schuchardtweg,005,Ev. Kirchengemeinde Berlin Wannsee,45
14109,Steglitz-Zehlendorf,EKT Wannsee - Kinderhaus Murmelente,Chausseestr.,42,"Eltern-Kinder-Tagesstätte Wannsee ""Murmelente"" e. V.",30
14109,Steglitz-Zehlendorf,Montessori Kinderhaus Wannsee,Zum Heckeshorn,040,Montessori und Friends Education gGmbH,30
14109,Steglitz-Zehlendorf,EKT - Stolper Kinderhaus,Chausseestr.,035,Stolper Kinderhaus e.V.,29
14109,Steglitz-Zehlendorf,Waldkindergarten am Löwen,Zum Heckeshorn,033,Waldkindergarten am Löwen gGmbH,21
14129,Steglitz-Zehlendorf,Kita Kasimir,Wasgensteig,005,Orte für Kinder GmbH,200
14129,Steglitz-Zehlendorf,Kita Zentrum am Kleeblatt (ZaK),Von-der-Trenck-Str.,004,tandem BTL gGmbH,120
14129,Steglitz-Zehlendorf,Kita der Ev. Kirchengem. Nikolassee,Pfeddersheimer Weg,069,Ev. Kirchengemeinde Nikolassee,90
14129,Steglitz-Zehlendorf,Kiddies Waldsänger,Krottnaurerstr.,1,Natur Jägerhof gGmbH,70
14129,Steglitz-Zehlendorf,Kita Lucky Kids,Von-Luck-Str.,024,John F. Kennedy Friendship Center e.V.,62
14129,Steglitz-Zehlendorf,Kita Kaiserstuhl,Kaiserstuhlstr.,025,Mittelhof e.V.,61
14129,Steglitz-Zehlendorf,Ev. Kita Schlachtensee,Dubrowplatz,4,Ev. Kirchengemeinde Schlachtensee,55
14129,Steglitz-Zehlendorf,Kath. Kita Zu den Heiligen 12 Aposteln,Tewsstr.,016,Kitas im Erzbistum Berlin-Zweckverband der katholischen Kirchengemeinden,50
14129,Steglitz-Zehlendorf,EKT Giardino dei Bambini,Normannenstr.,001,Giardino dei Bambini e. V.,20
14129,Steglitz-Zehlendorf,EKT Zwölf Knirpse,Lissabonallee,006,Eltern-Initiativ-Kindertagesstätte Zwölf Knirpse e.V.,17
14129,Steglitz-Zehlendorf,EKT Schlachtensee,Wasgenstr.,075,EKT - Schlachtensee e. V.,16
14163,Steglitz-Zehlendorf,Kita Wilskistraße/Kitas Süd-West,Wilskistr.,075,Kindertagesstätten Berlin Süd-West,200
14163,Steglitz-Zehlendorf,Kita adagio,Forststr.,004,Cheburashka gGmbH,150
14163,Steglitz-Zehlendorf,Montessori-Kinderhaus Lissabonallee,Lissabonallee,028,Unionhilfswerk Sozialeinrichtungen gemeinnützige Gesellschaft mbH,135
14163,Steglitz-Zehlendorf,Waldorf-Kindergarten Zehlendorf,Lindenthaler Allee,014,Waldorf-Kindergarten Zehlendorf e.V.,120
14163,Steglitz-Zehlendorf,Kita Hohenzollernstr.,Hohenzollernstr.,009,Orte für Kinder GmbH,100
14163,Steglitz-Zehlendorf,Kita Teltower Rübchen und Gänseblümchen,Hohenzollernstr.,004,Mittelhof e.V.,95
14163,Steglitz-Zehlendorf,"Kita ""Markgrafen""",Markgrafenstr.,008,Mittelhof e.V.,95
14163,Steglitz-Zehlendorf,El Mundo de los Niños e.V.,Lindenthaler Allee,030,El mundo de los ninos e. V.,74
14163,Steglitz-Zehlendorf,Kita Ahörnchen,Ahornstr.,001,Mittelhof e.V.,67
14163,Steglitz-Zehlendorf,Kita der Evangelischen Emmaus- Kirchengemeinde,Wilskistr.,053,Evangelische Emmaus – Kirchengemeinde,65
14163,Steglitz-Zehlendorf,Kinderhaus Waldfriede,Wilskistr.,055,Advent-Wohlfahrtswerk e.V.,65
14163,Steglitz-Zehlendorf,Kita Königskinder,Königstr.,043A,Mittelhof e.V.,50
14163,Steglitz-Zehlendorf,Kita Kiddies Nature,Fischerhüttenstr.,019,Natur Jägerhof gGmbH,43
14163,Steglitz-Zehlendorf,Berliner Sterne 2,Beerenstr.,12A,Berliner Sterne gemeinnützige Unternehmergesellschaft (haftungsbeschränkt),35
14165,Steglitz-Zehlendorf,Kita Breitensteinweg,Breitensteinweg,033,Nachbarschaftsheim Schöneberg e.V.,110
14165,Steglitz-Zehlendorf,Kita Buschgraben,Ludwigsfelder Str.,051,milaa gGmbH,85
14165,Steglitz-Zehlendorf,"Evangelische Kita"" Zur Heimat""",Leo-Baeck-Str.,006,Diakonisches Werk Steglitz und Teltow-Zehlendorf e. V.,70
14165,Steglitz-Zehlendorf,Zehlendorfer Teddys Sachtlebenstr.,Sachtlebenstr.,012,GKJ-Berlin gemeinnützige Gesellschaft für Kinder- und Jugendhilfe mbH,50
14165,Steglitz-Zehlendorf,Kath. Kita St. Otto,Heimat,067,Kitas im Erzbistum Berlin-Zweckverband der katholischen Kirchengemeinden,47
14165,Steglitz-Zehlendorf,Kita der Ev. Kirchengem. Schönow-Buschgraben,Andréezeile,021,Ev. Kirchengemeinde Schönow-Buschgraben,45
14165,Steglitz-Zehlendorf,EKT - Kinderhaus Schönow,Walterhöferstr.,011,Kinderhaus Schönow e.V.,21
14167,Steglitz-Zehlendorf,Kita Teltower Damm 95/Kitas Süd-West,Teltower Damm,095,Kindertagesstätten Berlin Süd-West,230
14167,Steglitz-Zehlendorf,Kita Mc Nair,Harry-S.-Truman-Allee,001,Nachbarschaftsheim Schöneberg e.V.,150
14167,Steglitz-Zehlendorf,PHORMinis Berlin Süd,Harry-S.-Truman-Allee,003A,PHORMS Berlin gemeinnützige GmbH,150
14167,Steglitz-Zehlendorf,Internationale Kita unter den Kastanien,Brittendorfer Weg,016C,Mittelhof e.V.,128
14167,Steglitz-Zehlendorf,Lummerland und Wilde 13,Robert-W.-Kempner-Str.,001,KLAX Berlin gGmbH,100
14167,Steglitz-Zehlendorf,Kita Brittendorfer Weg 16/Hs 1u.2/Kitas Süd-West,Brittendorfer Weg,016,Kindertagesstätten Berlin Süd-West,85
14167,Steglitz-Zehlendorf,Zehlendorfer Teddys,Teltower Damm,188,GKJ-Berlin gemeinnützige Gesellschaft für Kinder- und Jugendhilfe mbH,75
14167,Steglitz-Zehlendorf,Kindergarten Emil Molt,Teltower Damm,191,EMIL MOLT SCHULE gGmbH,54
14167,Steglitz-Zehlendorf,Kindertagesstätte der Ev. Stephanus Kirchengemeinde,Mühlenstr.,047,Ev. Kirchengemeinde Stephanus,50
14167,Steglitz-Zehlendorf,Kita Loftschloss,Goerzallee,190,Loftschloss gGmbH,36
14169,Steglitz-Zehlendorf,Kita Mörchinger Str. 41/Kitas Süd-West,Mörchinger Str.,041,Kindertagesstätten Berlin Süd-West,118
14169,Steglitz-Zehlendorf,Kinderhaus Tom-Sawyer,Tom-Sawyer-Weg,005,Unionhilfswerk Sozialeinrichtungen gemeinnützige Gesellschaft mbH,108
14169,Steglitz-Zehlendorf,Klax Kindergarten Wellenkids,Clayallee,328,KLAX Berlin gGmbH,80
14169,Steglitz-Zehlendorf,Kita Paulus,Teltower Damm,008,milaa gGmbH,65
14169,Steglitz-Zehlendorf,Kiddies Daycare,Wilskistr.,036,Berlin Modern Family BMF gGmbH,30
14169,Steglitz-Zehlendorf,Kiddies Dayschool,Wilskistr.,020,Berlin Modern Family BMF gGmbH,22
14169,Steglitz-Zehlendorf,Kita Ev. Luth. St.Marien-Gem.,Riemeisterstr.,010,Evangelisch-lutherische Marien-Gemeinde zu Berlin-Zehlendorf,20
14169,Steglitz-Zehlendorf,EKT Onkel-Toms-Hütte,Onkel-Tom-Str.,64A,Eltern-Initiativ-Kindertagesstätte Onkel-Toms-Hütte e.V.,13
14193,Charlottenburg-Wilmersdorf,Kita der Jüdischen Gemeinde zu Berlin,Delbrückstr.,008,Jüdische Gemeinde zu Berlin,152
14193,Charlottenburg-Wilmersdorf,Kita Orber Straße,Orber Str.,013,Kindertagesstätten Nordwest Eigenbetrieb von Berlin,143
14193,Charlottenburg-Wilmersdorf,Ev. Kita Grunewald,Koenigsallee,010A,Ev. Kirchenkreisverband für Kindertageseinrichtungen Berlin-Mitte-West (Kitaverband Mitte-West),120
14193,Charlottenburg-Wilmersdorf,Kita Joh. Sozialwerk,Bismarckallee,023,Johannisches Sozialwerk e.V.,105
14193,Charlottenburg-Wilmersdorf,Spielart Elsa,Taubertstr.,14,Spielart Grün gGmbH,90
14193,Charlottenburg-Wilmersdorf,Ev. Kita Kreuz,Elgersburger Str.,2,Ev. Kirchenkreisverband für Kindertageseinrichtungen Berlin-Mitte-West (Kitaverband Mitte-West),68
14193,Charlottenburg-Wilmersdorf,Kath. Kita St. Karl Borromäus,Delbrückstr.,033,Kitas im Erzbistum Berlin-Zweckverband der katholischen Kirchengemeinden,50
14193,Charlottenburg-Wilmersdorf,Bilby Garden - Internationaler Kindergarten,Cunostr.,059,kids in berlin kib gUG (haftungsbeschränkt),45
14193,Charlottenburg-Wilmersdorf,Kita Glücksweg,Kudowastr.,021,kevisa gGmbH,42
14193,Charlottenburg-Wilmersdorf,Waldkita Fila,Eichhörnchensteig,3,Fahrten-Ferne-Abenteuer gemeinnützige GmbH,30
14193,Charlottenburg-Wilmersdorf,EKG - Grunewald,Furtwänglerstr.,005,Ev. Kirchengemeinde Grunewald,19
14193,Charlottenburg-Wilmersdorf,EKT - Kindergruppe Hasensprung,Koenigsallee,035,Kindergruppe Hasensprung e.V.,18
14195,Steglitz-Zehlendorf,Kita Flanaganstr. 45/Kitas Süd-West,Flanaganstr.,45,Kindertagesstätten Berlin Süd-West,207
14195,Steglitz-Zehlendorf,Kita an der FU Berlin,Königin-Luise-Str.,086,studierendenWERK BERLIN,200
14195,Charlottenburg-Wilmersdorf,Kant-Kindergarten Lentzeallee 8 - 14,Lentzeallee,008,Private Kant-Schulen gGmbH,180
14195,Steglitz-Zehlendorf,Kiddies International,Clayallee,225K,Campus für Generationen gGmbH,113
14195,Steglitz-Zehlendorf,Kindergarten der Rudolf-Steiner-Schule,Clayallee,118,Rudolf Steiner Schule Berlin e.V.,86
14195,Steglitz-Zehlendorf,Villa Papillon,Hechtgraben,006,Papillon Kindertagesstätten gGmbH,85
14195,Steglitz-Zehlendorf,St. Annen Kita Dahlem,Thielallee,001,Ev. Kirchengemeinde Dahlem,68
14195,Steglitz-Zehlendorf,Kinderbetreuung Lützelsteiner Weg,Lützelsteiner Weg,023,Fröbel Bildung und Erziehung gGmbH,66
14195,Steglitz-Zehlendorf,Kiddies International II,Clayallee,169,Campus für Generationen gGmbH,66
14195,Steglitz-Zehlendorf,Kita der Ev. Kirchengem. Dahlem,Faradayweg,015,Ev. Kirchengemeinde Dahlem,62
14195,Steglitz-Zehlendorf,Kita Thomas-Haus Berlin,Peter-Lenné-Str.,042,Thomas-Haus Berlin e.V.,45
14195,Steglitz-Zehlendorf,Kenntnisreich Kita am Grunewald,Königin-Luise-Str.,097,Kenntnisreich Kindertagesstätten gGmbH,35
14195,Steglitz-Zehlendorf,EKT - Montessori-Gemeinschaftshaus,Clayallee,092,Montessori-Gemeinschaftshaus e. V.,28
14195,Steglitz-Zehlendorf,Kita Montessori Preschool,Taylorstr.,015,Montessori-Verein Berlin-Dahlem e.V.,22
14197,Charlottenburg-Wilmersdorf,Kita Homburger Straße,Homburger Str.,019,Kindertagesstätten Nordwest Eigenbetrieb von Berlin,156
14197,Charlottenburg-Wilmersdorf,Kita Siegburger Straße,Siegburger Str.,001,Kindertagesstätten Nordwest Eigenbetrieb von Berlin,80
14197,Charlottenburg-Wilmersdorf,Kita Verein für berufsorientierte Kinderbetreuung,Schlangenbader Str.,034,Verein f. berufsorient. Kinderbetreuung e.V.,75
14197,Charlottenburg-Wilmersdorf,Kita der Ev. Kirchengem. Vaterunser,Spessartstr.,3,Ev. Kirchenkreisverband für Kindertageseinrichtungen Berlin-Mitte-West (Kitaverband Mitte-West),70
14197,Charlottenburg-Wilmersdorf,Kita der Ev. Kirchengemeinde Linden,Binger Str.,073,Ev. Kirchengemeinde Linden,60
14197,Charlottenburg-Wilmersdorf,EKT - Kinderhaus Binger Straße,Binger Str.,065,Kinderhaus Binger Straße e.V.,40
14197,Charlottenburg-Wilmersdorf,EKT - Kissi,Rudolf-Mosse-Str.,009,"""Kissi"" EKT e.V. (Elterninitiativ-Kindertagesstätte)",40
14197,Charlottenburg-Wilmersdorf,Kindergarten HI. Nikolaus,Schlangenbader Str.,099,Sophia - Verein für christlich-orthodoxe Erziehung e.V.,30
14197,Charlottenburg-Wilmersdorf,Montessori Kinderhaus im IBZ,Wiesbadener Str.,018,Montessori und Friends Education gGmbH,30
14197,Charlottenburg-Wilmersdorf,EKT Spreepferdchen,Laubacher Str.,035,Spreepferdchen - waldorforientierte Kita e.V.,21
14197,Steglitz-Zehlendorf,Happy Kids Kreuznacher Straße,Kreuznacher Str.,009,Happy Kids GmbH gemeinnützige Gesellschaft,20
14199,Charlottenburg-Wilmersdorf,Kita Cunostraße,Cunostr.,9,Kindertagesstätten Nordwest Eigenbetrieb von Berlin,200
14199,Charlottenburg-Wilmersdorf,Kita Schatzinsel,Heydenstr.,9,Kindertagesstätten Nordwest Eigenbetrieb von Berlin,110
14199,Charlottenburg-Wilmersdorf,Kita United,Forckenbeckstr.,069,KUBIBE gGmbH,70
14199,Charlottenburg-Wilmersdorf,Ev. Kita Alt-Schmargendorf,Kirchstr.,015,Ev. Kirchenkreisverband für Kindertageseinrichtungen Berlin-Mitte-West (Kitaverband Mitte-West),47
14199,Charlottenburg-Wilmersdorf,Kita auf 4 Pfoten,Weinheimer Str.,011,T.O.P. - Tierorientierte Pädagogik gGmbH,43
14199,Charlottenburg-Wilmersdorf,Glückspfad,Weinheimer Str.,15,kevisa gGmbH,41
14199,Charlottenburg-Wilmersdorf,Montessori Kinderhaus Pünktchen und Anton e.V.,Cunostraße,1,Elterninitiativ Kindertagesstätte Pünktchen und Anton e. V.,40
14199,Charlottenburg-Wilmersdorf,Kita Wirbelwind,Hohenzollerndamm,053,World of FanMi gGmbH,25
14199,Charlottenburg-Wilmersdorf,Kita Frühling,Kissinger Str.,51,Blitzkinder gUG,25
